id,title,artist,year,decade,genre,cover_url
legacy_1,Abbey Road,The Beatles,1969,1960s,Rock,https://is1-ssl.mzstatic.com/image/thumb/Music211/v4/48/53/43/485343e3-dd6a-0034-faec-f4b6403f8108/13UMGIM63890.rgb.jpg/600x600bb.jpg
legacy_2,The Dark Side of the Moon,Pink Floyd,1973,1970s,Rock,https://is1-ssl.mzstatic.com/image/thumb/Music221/v4/3e/17/ec/3e17ec6d-f980-c64f-19e0-a6fd8bbf0c10/886445635850.jpg/600x600bb.jpg
legacy_3,Nevermind,Nirvana,1991,1990s,Rock,https://is1-ssl.mzstatic.com/image/thumb/Music115/v4/19/7a/58/197a5870-618b-446f-a193-ca4a84502adc/190295781163.jpg/600x600bb.jpg
legacy_4,OK Computer,Radiohead,1997,1990s,Rock,https://is1-ssl.mzstatic.com/image/thumb/Music116/v4/07/60/ba/0760ba0f-148c-b18f-d0ff-169ee96f3af5/634904078164.png/600x600bb.jpg
legacy_5,Thriller,Michael Jackson,1982,1980s,Pop,https://is1-ssl.mzstatic.com/image/thumb/Music115/v4/32/4f/fd/324ffda2-9e51-8f6a-0c2d-c6fd2b41ac55/074643811224.jpg/600x600bb.jpg
legacy_6,Like a Virgin,Madonna,1984,1980s,Pop,https://is1-ssl.mzstatic.com/image/thumb/Music125/v4/8e/80/32/8e803264-c925-14dd-3412-2d7652c3df7b/mzi.wxptosaa.jpg/600x600bb.jpg
legacy_7,...Baby One More Time,Britney Spears,1999,1990s,Pop,https://is1-ssl.mzstatic.com/image/thumb/Music211/v4/51/73/28/5173280b-9b5e-c5e4-d3f8-a2612d044543/888880423368.jpg/600x600bb.jpg
legacy_8,Future Nostalgia,Dua Lipa,2020,2020s,Pop,https://is1-ssl.mzstatic.com/image/thumb/Music116/v4/e9/c5/a8/e9c5a8a0-d698-137b-2e85-cf3a8d9548f8/190295303372.jpg/600x600bb.jpg
legacy_9,Illmatic,Nas,1994,1990s,Hip-Hop / Rap,https://is1-ssl.mzstatic.com/image/thumb/Music125/v4/b9/eb/cc/b9ebccbc-5ba4-2cdb-5332-b065739abd9a/886444567619.jpg/600x600bb.jpg
legacy_10,Ready to Die,The Notorious B.I.G.,1994,1990s,Hip-Hop / Rap,https://is1-ssl.mzstatic.com/image/thumb/Music221/v4/f8/6a/3d/f86a3db0-d518-cd49-c0c9-25e767ae0a6d/075679456861.jpg/600x600bb.jpg
legacy_11,Graduation,Kanye West,2007,2000s,Hip-Hop / Rap,https://is1-ssl.mzstatic.com/image/thumb/Music128/v4/39/25/2d/39252d65-2d50-b991-0962-f7a98a761271/00602517483507.rgb.jpg/600x600bb.jpg
legacy_12,To Pimp a Butterfly,Kendrick Lamar,2015,2010s,Hip-Hop / Rap,https://is1-ssl.mzstatic.com/image/thumb/Music112/v4/b5/a6/91/b5a69171-5232-3d5b-9c15-8963802f83dd/15UMGIM15814.rgb.jpg/600x600bb.jpg
legacy_13,Kind of Blue,Miles Davis,1959,1950s,Jazz,https://is1-ssl.mzstatic.com/image/thumb/Music/7f/9f/d6/mzi.vtnaewef.jpg/600x600bb.jpg
legacy_14,A Love Supreme,John Coltrane,1965,1960s,Jazz,https://is1-ssl.mzstatic.com/image/thumb/Music114/v4/e5/24/aa/e524aacd-467b-66f3-8931-0fcd6750a4b9/08UMGIM07914.rgb.jpg/600x600bb.jpg
legacy_15,Time Out,Dave Brubeck,1959,1950s,Jazz,https://is1-ssl.mzstatic.com/image/thumb/Music125/v4/39/da/45/39da45ea-0a55-8668-0a84-4017b45fb13e/dj.rzbgoyft.jpg/600x600bb.jpg
legacy_16,The Epic,Kamasi Washington,2015,2010s,Jazz,https://is1-ssl.mzstatic.com/image/thumb/Music3/v4/ee/f3/42/eef342b0-6024-1bb3-15db-426aa5ee1eb8/kw_1400.jpg/600x600bb.jpg
legacy_17,Discovery,Daft Punk,2001,2000s,Electronic,https://is1-ssl.mzstatic.com/image/thumb/Music221/v4/fd/4a/77/fd4a77db-0ebc-d043-41a2-f32fa1bb0fb4/dj.qrikkdwj.jpg/600x600bb.jpg
legacy_18,Trans-Europe Express,Kraftwerk,1977,1970s,Electronic,https://is1-ssl.mzstatic.com/image/thumb/Music115/v4/e2/80/bc/e280bcf9-4048-8c42-2b6b-d8b9c9bbed52/5099996602058_1500x1500_300dpi.jpg/600x600bb.jpg
legacy_19,Selected Ambient Works 85-92,Aphex Twin,1992,1990s,Electronic,https://is1-ssl.mzstatic.com/image/thumb/Music116/v4/5f/b3/e0/5fb3e08d-c2cd-3da4-6ad7-c5dc61803683/cover.jpg/600x600bb.jpg
legacy_20,Cross,Justice,2007,2000s,Electronic,https://is1-ssl.mzstatic.com/image/thumb/Music115/v4/62/e4/01/62e40187-e672-17e5-f31f-9aee262703a3/mzi.bifzeufu.jpg/600x600bb.jpg
legacy_21,Paranoid,Black Sabbath,1970,1970s,Metal,https://is1-ssl.mzstatic.com/image/thumb/Music125/v4/be/27/91/be279120-2285-16c6-c7ba-9d6643d4a948/075992732727.jpg/600x600bb.jpg
legacy_22,Master of Puppets,Metallica,1986,1980s,Metal,https://is1-ssl.mzstatic.com/image/thumb/Music124/v4/0b/ae/59/0bae59f6-5ab8-3701-0446-a1ae31f9a5e6/9143_300dpi.jpg/600x600bb.jpg
legacy_23,The Number of the Beast,Iron Maiden,1982,1980s,Metal,https://is1-ssl.mzstatic.com/image/thumb/Music116/v4/1d/cb/ac/1dcbac1b-737d-b7c8-8bed-b5a98ae9df77/0881034134448.jpg/600x600bb.jpg
legacy_24,Toxicity,System of a Down,2001,2000s,Metal,https://is1-ssl.mzstatic.com/image/thumb/Music125/v4/83/68/f1/8368f10d-70d0-a968-69c2-0835dddf76d2/886448869788.jpg/600x600bb.jpg
itunes_715718385,Classic Rock,Various Artists,2008,2000s,Rock,https://is1-ssl.mzstatic.com/image/thumb/Music122/v4/66/ec/08/66ec081b-9230-b696-4ab8-32575a82031c/13UADIM60833.rgb.jpg/400x400bb.jpg
itunes_574050396,Back In Black,AC/DC,1980,1980s,Rock,https://is1-ssl.mzstatic.com/image/thumb/Music115/v4/1e/14/58/1e145814-281a-58e0-3ab1-145f5d1af421/886443673441.jpg/400x400bb.jpg
itunes_1440955595,Chronicle: The 20 Greatest Hits,Creedence Clearwater Revival,1976,1970s,Rock,https://is1-ssl.mzstatic.com/image/thumb/Music116/v4/a1/47/ba/a147ba91-31cd-ef4d-d785-040036d14598/12CMGIM34362.rgb.jpg/400x400bb.jpg
itunes_1666738524,Gettin' Old,Luke Combs,2023,2020s,Country,https://is1-ssl.mzstatic.com/image/thumb/Music113/v4/7d/24/14/7d241439-671a-d957-9613-2f738f43a064/196589485991.jpg/400x400bb.jpg
itunes_1544491232,21,Adele,2011,2010s,Pop,https://is1-ssl.mzstatic.com/image/thumb/Music221/v4/eb/ca/25/ebca2596-cd1e-b295-91a3-771c868d0a79/191404113868.png/400x400bb.jpg
itunes_6781080933,The Platinum Collection,Queen,2000,2000s,Rock,https://is1-ssl.mzstatic.com/image/thumb/Music221/v4/15/c7/55/15c755bc-7603-3ce3-e243-e59f1f9863ea/602527724171.jpg/400x400bb.jpg
itunes_663097964,AM,Arctic Monkeys,2013,2010s,Alternative,https://is1-ssl.mzstatic.com/image/thumb/Music211/v4/69/9c/b5/699cb5d6-115c-ff73-9d26-e57ea4350d72/887828031795.png/400x400bb.jpg
itunes_1572046434,Metallica (Remastered),Metallica,1991,1990s,Metal,https://is1-ssl.mzstatic.com/image/thumb/Music125/v4/9e/80/1b/9e801b06-67fa-0990-2d15-85480ad3cd46/850007452025.png/400x400bb.jpg
itunes_635829435,Their Greatest Hits 1971-1975,Eagles,1976,1970s,Rock,https://is1-ssl.mzstatic.com/image/thumb/Music125/v4/f0/c7/c8/f0c7c8f4-4319-d357-ddaf-566ef8e2194e/081227979379.jpg/400x400bb.jpg
itunes_202271826,Greatest Hits,Fleetwood Mac,1988,1980s,Rock,https://is1-ssl.mzstatic.com/image/thumb/Music115/v4/d2/48/f4/d248f4ae-a7e4-a48e-1588-6617de3e8d76/mzi.izeorbmm.jpg/400x400bb.jpg
itunes_169003304,Greatest Hits (2024 Remaster),Journey,1988,1980s,Rock,https://is1-ssl.mzstatic.com/image/thumb/Music116/v4/71/2d/61/712d617d-f4a4-5904-1b11-d4b4b45c47c5/828768588925.jpg/400x400bb.jpg
itunes_1440827477,Traveller,Chris Stapleton,2015,2010s,Country,https://is1-ssl.mzstatic.com/image/thumb/Music125/v4/e2/4b/60/e24b6016-8278-bb18-cf5d-d44bf68371da/00602547223838.rgb.jpg/400x400bb.jpg
itunes_580708175,Led Zeppelin IV (Remastered),Led Zeppelin,1971,1970s,Rock,https://is1-ssl.mzstatic.com/image/thumb/Music115/v4/5c/15/9b/5c159b27-95ca-b9a7-84e3-28e795fffd39/dj.kvkrpptq.jpg/400x400bb.jpg
itunes_1441133180,The Beatles (The White Album),The Beatles,1968,1960s,Rock,https://is1-ssl.mzstatic.com/image/thumb/Music115/v4/fa/5b/89/fa5b898d-bad6-e053-4195-260e5c74f2bb/00602567725466.rgb.jpg/400x400bb.jpg
itunes_913902091,Boston,Boston,1976,1970s,Rock,https://is1-ssl.mzstatic.com/image/thumb/Music126/v4/e3/08/9a/e3089ac9-a820-5ee9-64be-39500ad8a5e2/886444824972.jpg/400x400bb.jpg
itunes_651871544,Rumours (Deluxe Edition),Fleetwood Mac,1977,1970s,Rock,https://is1-ssl.mzstatic.com/image/thumb/Music125/v4/dd/77/35/dd773533-06a7-4566-bef4-2c43c24d08f6/603497925759.jpg/400x400bb.jpg
itunes_214403406,All the Right Reasons,Nickelback,2005,2000s,Rock,https://is1-ssl.mzstatic.com/image/thumb/Music114/v4/f8/e0/db/f8e0db52-f6e5-5d85-6e0a-ae73e5caab11/mzi.qohxegpg.jpg/400x400bb.jpg
itunes_1440838012,Pronounced Leh-Nerd Skin-Nerd,Lynyrd Skynyrd,1973,1970s,Rock,https://is1-ssl.mzstatic.com/image/thumb/Music126/v4/57/00/f3/5700f331-2d06-7f5d-cb98-43970fd52874/14UMGIM00860.rgb.jpg/400x400bb.jpg
itunes_1441164359,Rubber Soul,The Beatles,1965,1960s,Rock,https://is1-ssl.mzstatic.com/image/thumb/Music114/v4/af/20/aa/af20aa89-4002-11fb-25d8-ff544af67eb4/00602567725404.rgb.jpg/400x400bb.jpg
itunes_976831013,1984,Van Halen,1984,1980s,Rock,https://is1-ssl.mzstatic.com/image/thumb/Music125/v4/79/98/f7/7998f761-20e0-aa8e-4fb2-190062af1638/603497894161.jpg/400x400bb.jpg
itunes_976820530,Van Halen,Van Halen,1978,1970s,Rock,https://is1-ssl.mzstatic.com/image/thumb/Music125/v4/7a/ef/88/7aef88ad-25aa-be91-eb78-8917c3f114f7/603497894130.jpg/400x400bb.jpg
itunes_580708520,Led Zeppelin (Remastered),Led Zeppelin,1969,1960s,Rock,https://is1-ssl.mzstatic.com/image/thumb/Music114/v4/4c/7b/80/4c7b80b4-ed35-4e06-ec80-2f7aaaabb5c5/dj.pjjmtwdc.jpg/400x400bb.jpg
itunes_635770200,Hotel California,Eagles,1976,1970s,Rock,https://is1-ssl.mzstatic.com/image/thumb/Music115/v4/88/16/2c/88162c3d-46db-8321-61f3-3a47404cfe76/075596050920.jpg/400x400bb.jpg
itunes_580708374,Led Zeppelin II (Remastered),Led Zeppelin,1969,1960s,Rock,https://is1-ssl.mzstatic.com/image/thumb/Music125/v4/1a/3d/bb/1a3dbb86-c1f8-737e-571f-d6b647a230be/dj.rhubuvkd.jpg/400x400bb.jpg
itunes_1713863276,Classic Rock,London Symphony Orchestra,1978,1970s,Classical,https://is1-ssl.mzstatic.com/image/thumb/Music126/v4/e4/97/b9/e497b984-e324-5f71-2b2b-1aa265105ab6/0698458359384.jpg/400x400bb.jpg
itunes_579148345,Ride the Lightning (Remastered) [2016 Remastered Version],Metallica,1984,1980s,Metal,https://is1-ssl.mzstatic.com/image/thumb/Features125/v4/0f/7a/74/0f7a7472-92fa-e77d-384a-1e4304705e83/dj.jbiruenb.png/400x400bb.jpg
itunes_1065975633,The Wall,Pink Floyd,1979,1970s,Rock,https://is1-ssl.mzstatic.com/image/thumb/Music221/v4/3e/17/ec/3e17ec6d-f980-c64f-19e0-a6fd8bbf0c10/886445635850.jpg/400x400bb.jpg
itunes_640047463,The Very Best of the Doors,The Doors,2008,2000s,Rock,https://is1-ssl.mzstatic.com/image/thumb/Features115/v4/03/c6/2d/03c62d8a-487f-78c3-8416-488cfac664eb/dj.sboowgda.jpg/400x400bb.jpg
itunes_1122782080,Parachutes,Coldplay,2000,2000s,Alternative,https://is1-ssl.mzstatic.com/image/thumb/Music221/v4/f5/93/8c/f5938c49-964c-31d1-4b33-78b634f71fb7/190295978075.jpg/400x400bb.jpg
itunes_1469579555,Greatest Hits,Tom Petty & The Heartbreakers,1993,1990s,Rock,https://is1-ssl.mzstatic.com/image/thumb/Music112/v4/78/61/dd/7861dd44-f796-08ea-c8ff-7f8a12a86db1/15UMGIM69649.rgb.jpg/400x400bb.jpg
itunes_580707916,Houses of the Holy (Remastered),Led Zeppelin,1973,1970s,Rock,https://is1-ssl.mzstatic.com/image/thumb/Music114/v4/4f/88/ad/4f88ad28-3953-fded-6c18-fe87b5d0dc7b/dj.iqdrlirx.jpg/400x400bb.jpg
itunes_1441163490,Magical Mystery Tour,The Beatles,1967,1960s,Rock,https://is1-ssl.mzstatic.com/image/thumb/Music126/v4/43/0e/37/430e3790-75d5-c96a-1380-f9d9803aa700/18UMGIM31245.rgb.jpg/400x400bb.jpg
itunes_135132797,Greatest Hits,Neil Young,2004,2000s,Rock,https://is1-ssl.mzstatic.com/image/thumb/Music124/v4/4d/45/41/4d45414c-6364-51cf-2874-7c8aa755caaa/mzi.oetoyyot.jpg/400x400bb.jpg
itunes_344799413,Experience Hendrix: The Best of Jimi Hendrix,Jimi Hendrix,1997,1990s,Rock,https://is1-ssl.mzstatic.com/image/thumb/Music125/v4/53/e9/b9/53e9b9f0-97f4-aac7-ee5b-12c2f2007ad3/884977413878.jpg/400x400bb.jpg
itunes_1039796877,The Rise and Fall of Ziggy Stardust and the Spiders from Mars (2012 Remaster),David Bowie,1972,1970s,Rock,https://is1-ssl.mzstatic.com/image/thumb/Music114/v4/5f/fa/56/5ffa56c2-ea1f-7a17-6bad-192ff9b6476d/825646124206.jpg/400x400bb.jpg
itunes_158617952,The Stranger,Billy Joel,1977,1970s,Rock,https://is1-ssl.mzstatic.com/image/thumb/Music125/v4/37/68/4c/37684c52-dbdf-9bfe-0d87-07492f43dc4c/dj.gmcbwich.jpg/400x400bb.jpg
itunes_580708279,Led Zeppelin III (Remastered),Led Zeppelin,1970,1970s,Rock,https://is1-ssl.mzstatic.com/image/thumb/Music125/v4/62/fd/14/62fd14aa-d202-a86a-d948-0a5550b35fc3/dj.rkzuiqye.jpg/400x400bb.jpg
itunes_1440842616,Greatest Hits 1974-78,Steve Miller Band,1978,1970s,Rock,https://is1-ssl.mzstatic.com/image/thumb/Music112/v4/78/f8/cd/78f8cdac-35ff-34ee-4303-f447ef3a2c3f/13UAAIM00691.rgb.jpg/400x400bb.jpg
itunes_580707980,Physical Graffiti (Remastered),Led Zeppelin,1975,1970s,Rock,https://is1-ssl.mzstatic.com/image/thumb/Music125/v4/82/6c/5d/826c5d66-67b7-62f2-4d78-dd3c7b415e08/dj.pifhrvpa.jpg/400x400bb.jpg
itunes_6781080300,Greatest Hits,Queen,1981,1980s,Pop,https://is1-ssl.mzstatic.com/image/thumb/Music211/v4/b0/ca/05/b0ca05aa-29c9-4e01-5a16-f6fa06bce05c/602527594347.jpg/400x400bb.jpg
itunes_1440902935,Pyromania,Def Leppard,1983,1980s,Rock,https://is1-ssl.mzstatic.com/image/thumb/Music124/v4/99/ef/71/99ef71ff-eaea-7bb7-c479-c079f14b0a5b/17UM1IM41551.rgb.jpg/400x400bb.jpg
itunes_574043989,Highway to Hell,AC/DC,1979,1970s,Rock,https://is1-ssl.mzstatic.com/image/thumb/Music126/v4/b9/c8/ef/b9c8ef42-bbc9-64df-11f8-717571f6730f/886443673458.jpg/400x400bb.jpg
itunes_1739659134,HIT ME HARD AND SOFT,Billie Eilish,2024,2020s,Alternative,https://is1-ssl.mzstatic.com/image/thumb/Music211/v4/92/9f/69/929f69f1-9977-3a44-d674-11f70c852d1b/24UMGIM36186.rgb.jpg/400x400bb.jpg
itunes_1441164604,Sgt. Pepper's Lonely Hearts Club Band,The Beatles,1967,1960s,Rock,https://is1-ssl.mzstatic.com/image/thumb/Music114/v4/6f/79/8d/6f798d84-7475-8525-fc91-f7b51b2b5a9b/00602567725428.rgb.jpg/400x400bb.jpg
itunes_1642995371,Revolver (2022 Mix),The Beatles,1966,1960s,Rock,https://is1-ssl.mzstatic.com/image/thumb/Music211/v4/97/f4/3a/97f43ab4-9fdf-7a41-e430-7c6c313f3883/13UMGIM63887.rgb.jpg/400x400bb.jpg
itunes_385629502,How to Save a Life,The Fray,2005,2000s,Rock,https://is1-ssl.mzstatic.com/image/thumb/Music124/v4/1a/6c/0f/1a6c0f8b-0156-3428-93af-fae481fac7d9/dj.jmgcmbga.jpg/400x400bb.jpg
itunes_590431776,Hybrid Theory (Deluxe Edition),LINKIN PARK,2000,2000s,Alternative,https://is1-ssl.mzstatic.com/image/thumb/Music115/v4/53/a7/7f/53a77fab-c54c-a57b-8130-248fc12d0c80/093624948995.jpg/400x400bb.jpg
itunes_1441164416,A Hard Day's Night,The Beatles,1964,1960s,Rock,https://is1-ssl.mzstatic.com/image/thumb/Music124/v4/db/a2/7a/dba27a46-3685-508d-d32e-a0e73cc82251/00602567713296.rgb.jpg/400x400bb.jpg
itunes_1441164524,Help!,The Beatles,1965,1960s,Rock,https://is1-ssl.mzstatic.com/image/thumb/Music122/v4/1a/19/db/1a19db26-17ad-b986-11a9-f72ac7a6194b/18UMGIM31214.rgb.jpg/400x400bb.jpg
itunes_1441164670,Revolver,The Beatles,1966,1960s,Rock,https://is1-ssl.mzstatic.com/image/thumb/Music125/v4/58/4a/10/584a1058-de0a-6a6b-d0bd-da09a028b8bc/00602567705499.rgb.jpg/400x400bb.jpg
itunes_1474815798,Abbey Road (2019 Mix),The Beatles,1969,1960s,Rock,https://is1-ssl.mzstatic.com/image/thumb/Music211/v4/48/53/43/485343e3-dd6a-0034-faec-f4b6403f8108/13UMGIM63890.rgb.jpg/400x400bb.jpg
itunes_1440846806,Second Helping,Lynyrd Skynyrd,1974,1970s,Rock,https://is1-ssl.mzstatic.com/image/thumb/Music211/v4/c2/d6/41/c2d64132-6a94-38ea-3309-3326f4680169/14UMGIM00873.rgb.jpg/400x400bb.jpg
itunes_1440768271,20th Century Masters - The Millennium Collection: The Best of Eric Clapton,Eric Clapton,2004,2000s,Rock,https://is1-ssl.mzstatic.com/image/thumb/Music115/v4/2b/55/08/2b550878-8bad-b40f-9a58-d63aca53c824/00602498206034.rgb.jpg/400x400bb.jpg
itunes_290302885,Only By the Night,Kings of Leon,2008,2000s,Alternative,https://is1-ssl.mzstatic.com/image/thumb/Features125/v4/74/25/4c/74254c8b-e03d-44e8-304d-4cde508b8cfb/dj.swemfdrr.jpg/400x400bb.jpg
itunes_385550937,The Hits,REO Speedwagon,1988,1980s,Rock,https://is1-ssl.mzstatic.com/image/thumb/Music125/v4/d2/1a/6b/d21a6b6c-75e9-1110-31b4-dc1ee14a1580/dj.yiiutvjh.jpg/400x400bb.jpg
itunes_1669567703,Take Me Back To Eden,Sleep Token,2023,2020s,Rock,https://is1-ssl.mzstatic.com/image/thumb/Music116/v4/e2/c6/0f/e2c60f68-7cec-fa08-6dd3-891aa72c247e/5401148000849_cover.jpg/400x400bb.jpg
itunes_1528423147,Starting Over,Chris Stapleton,2020,2020s,Country,https://is1-ssl.mzstatic.com/image/thumb/Music115/v4/34/12/78/34127801-ad2b-4469-4916-d661bba34a94/20UMGIM71875.rgb.jpg/400x400bb.jpg
itunes_974485462,Blurryface,twenty one pilots,2015,2010s,Alternative,https://is1-ssl.mzstatic.com/image/thumb/Music211/v4/8e/e2/89/8ee28904-0821-610d-5011-a61845f62756/075679926951.jpg/400x400bb.jpg
itunes_1689238301,Barbie The Album,Various Artists,2023,2020s,Pop,https://is1-ssl.mzstatic.com/image/thumb/Music116/v4/c0/54/97/c05497aa-c19f-bf4f-de29-71edf30fbefb/075679688767.jpg/400x400bb.jpg
itunes_590423275,Meteora (Deluxe Edition),LINKIN PARK,2003,2000s,Rock,https://is1-ssl.mzstatic.com/image/thumb/Music115/v4/13/44/05/134405bd-9e27-a678-8953-b5f724201f95/093624948988.jpg/400x400bb.jpg
itunes_270139029,Wonder What's Next (Expanded Edition),Chevelle,2002,2000s,Rock,https://is1-ssl.mzstatic.com/image/thumb/Music124/v4/5e/a4/00/5ea400c9-fba3-f453-c6b0-8572752263f8/mzi.jubchflz.jpg/400x400bb.jpg
itunes_1440717897,Greatest Hits,Creed,2004,2000s,Rock,https://is1-ssl.mzstatic.com/image/thumb/Music115/v4/d5/b4/ef/d5b4ef8a-a68f-223b-df91-16294395ffce/00601501410321.rgb.jpg/400x400bb.jpg
itunes_1487574536,TROLLS World Tour (Original Motion Picture Soundtrack),Various Artists,2020,2020s,Soundtracks,https://is1-ssl.mzstatic.com/image/thumb/Music124/v4/c2/51/84/c2518439-d810-7f1f-c9ff-396c9fa7d266/886448132882.jpg/400x400bb.jpg
itunes_1440900183,From the Fires,Greta Van Fleet,2017,2010s,Rock,https://is1-ssl.mzstatic.com/image/thumb/Music115/v4/85/9d/8f/859d8fac-3b6e-763c-aff6-e50ad51547e8/17UM1IM39373.rgb.jpg/400x400bb.jpg
itunes_1109714933,In Rainbows,Radiohead,2007,2000s,Alternative,https://is1-ssl.mzstatic.com/image/thumb/Music126/v4/dd/50/c7/dd50c790-99ac-d3d0-5ab8-e3891fb8fd52/634904032463.png/400x400bb.jpg
itunes_268435274,Jar of Flies - EP,Alice In Chains,1994,1990s,Rock,https://is1-ssl.mzstatic.com/image/thumb/Music126/v4/bd/d6/37/bdd6373e-dc26-e86e-1d31-9bb1f7656968/5099747485527.jpg/400x400bb.jpg
itunes_296913938,Dark Horse,Nickelback,2008,2000s,Rock,https://is1-ssl.mzstatic.com/image/thumb/Music115/v4/ba/e4/40/bae44075-8cd6-ca2e-7f90-845983f30a70/mzi.tprsucpv.jpg/400x400bb.jpg
itunes_1474185412,Lateralus,TOOL,2001,2000s,Metal,https://is1-ssl.mzstatic.com/image/thumb/Music113/v4/fb/99/8c/fb998c1e-1a11-2434-0fa7-0d90beba5d2b/886447824764.jpg/400x400bb.jpg
itunes_1440912031,Licensed to Ill,Beastie Boys,1986,1980s,Hip-Hop / Rap,https://is1-ssl.mzstatic.com/image/thumb/Music114/v4/e4/d7/81/e4d781e8-bd3f-486a-cd18-e9b3a7d12b34/00731452735126.rgb.jpg/400x400bb.jpg
itunes_1710147286,When Legends Rise,Godsmack,2018,2010s,Rock,https://is1-ssl.mzstatic.com/image/thumb/Music116/v4/ad/26/ff/ad26ff0f-a196-f9ee-de02-ab83b15b03e0/4050538365061.jpg/400x400bb.jpg
itunes_828259375,"Hurry Up, We're Dreaming",M83,2011,2010s,Electronic,https://is1-ssl.mzstatic.com/image/thumb/Music211/v4/cb/7b/a9/cb7ba903-b5f1-cc21-90db-7a81b7aa0997/724596951057.jpg/400x400bb.jpg
itunes_203708420,Born In the U.S.A.,Bruce Springsteen,1984,1980s,Rock,https://is1-ssl.mzstatic.com/image/thumb/Music115/v4/32/72/68/327268ba-b9dd-b322-2a16-bdd0212df48c/074643865326.jpg/400x400bb.jpg
itunes_1440858699,In Utero (20th Anniversary Edition),Nirvana,1993,1990s,Alternative,https://is1-ssl.mzstatic.com/image/thumb/Music125/v4/e3/20/03/e32003a4-99bc-1c70-40ba-001882f35dba/00602537526840.rgb.jpg/400x400bb.jpg
itunes_1422954626,Slippery When Wet,Bon Jovi,1986,1980s,Rock,https://is1-ssl.mzstatic.com/image/thumb/Music112/v4/40/16/3e/40163e24-6985-b785-d4ea-cbae07d74812/06UMGIM05422.rgb.jpg/400x400bb.jpg
itunes_1440665838,Fallen,Evanescence,2003,2000s,Rock,https://is1-ssl.mzstatic.com/image/thumb/Music115/v4/10/4c/21/104c21e6-9ef0-4d3a-d1bd-d47167f121e5/00601501406300.rgb.jpg/400x400bb.jpg
itunes_214412700,Daughtry,Daughtry,2006,2000s,Rock,https://is1-ssl.mzstatic.com/image/thumb/Features124/v4/ad/b9/9b/adb99b4b-a2f5-02f8-c9cb-90cbc95b3918/dj.qkzhughs.jpg/400x400bb.jpg
itunes_1440892370,MTV Unplugged In New York (Live Acoustic),Nirvana,1994,1990s,Alternative,https://is1-ssl.mzstatic.com/image/thumb/Music125/v4/46/24/33/462433f9-ee74-2d60-4538-859826a7bed7/00720642472729.rgb.jpg/400x400bb.jpg
itunes_1440739556,Away from the Sun,3 Doors Down,2002,2000s,Rock,https://is1-ssl.mzstatic.com/image/thumb/Music124/v4/0a/c0/0d/0ac00d65-4327-29b1-6a1e-4f1e2684d758/06UMGIM23627.rgb.jpg/400x400bb.jpg
itunes_1440903625,Hysteria,Def Leppard,1987,1980s,Rock,https://is1-ssl.mzstatic.com/image/thumb/Music115/v4/0f/76/fa/0f76fa8d-8341-c0af-84d8-543b9193c728/17UM1IM41552.rgb.jpg/400x400bb.jpg
itunes_1440879556,Greatest Hits,Bob Seger & The Silver Bullet Band,1994,1990s,Rock,https://is1-ssl.mzstatic.com/image/thumb/Music125/v4/84/45/e9/8445e9f8-e151-82e3-de80-89fe96356103/17UM1IM03512.rgb.jpg/400x400bb.jpg
itunes_668424099,Awake (Deluxe Edition),Skillet,2009,2000s,Rock,https://is1-ssl.mzstatic.com/image/thumb/Music6/v4/38/af/10/38af10b4-ff1f-879b-e1cc-072367cab8e2/075679951083.jpg/400x400bb.jpg
itunes_1525933483,(What's The Story) Morning Glory? [Deluxe Remastered Edition],Oasis,1995,1990s,Indie,https://is1-ssl.mzstatic.com/image/thumb/Music125/v4/34/2e/cb/342ecb17-ef19-816a-4ce5-e60b9ceec161/5051961073164.jpg/400x400bb.jpg
itunes_1585298310,Jekyll + Hyde,Zac Brown Band,2015,2010s,Country,https://is1-ssl.mzstatic.com/image/thumb/Music116/v4/4e/02/fe/4e02fe37-044c-8847-d98e-0fa4b794d1cb/602547289490.png/400x400bb.jpg
itunes_1450270988,Weezer (Teal Album),Weezer,2019,2010s,Alternative,https://is1-ssl.mzstatic.com/image/thumb/Music114/v4/97/e6/70/97e670f6-361b-a23d-617a-52bafcd631cd/075679854247.jpg/400x400bb.jpg
itunes_1440811185,Dark Before Dawn,Breaking Benjamin,2015,2010s,Rock,https://is1-ssl.mzstatic.com/image/thumb/Music125/v4/9b/55/88/9b558804-2cf4-e84e-3be7-f3dff7af9899/00050087324896.rgb.jpg/400x400bb.jpg
itunes_1435351050,Anthem of the Peaceful Army,Greta Van Fleet,2018,2010s,Rock,https://is1-ssl.mzstatic.com/image/thumb/Music125/v4/72/c7/e9/72c7e9db-75ce-ffc2-6bec-dceee843adb9/18UMGIM53994.rgb.jpg/400x400bb.jpg
itunes_1848984573,And Justice for None (Deluxe),Five Finger Death Punch,2018,2010s,Rock,https://is1-ssl.mzstatic.com/image/thumb/Music211/v4/e6/61/22/e661224f-f218-d4ad-4ab2-3d253c56e8cd/810067010337.jpg/400x400bb.jpg
itunes_330253758,Life Starts Now,Three Days Grace,2009,2000s,Rock,https://is1-ssl.mzstatic.com/image/thumb/Music211/v4/be/e2/38/bee2384c-1e96-4432-545b-537bd91a69a2/884977337617.jpg/400x400bb.jpg
itunes_1227701807,Psychedelic Rock,Various Artists,2017,2010s,Rock,https://is1-ssl.mzstatic.com/image/thumb/Music122/v4/78/a1/ce/78a1cee3-93f8-9d62-88c1-7d83d7da5332/084247963236.jpg/400x400bb.jpg
itunes_1561070745,Quarters!,King Gizzard & The Lizard Wizard,2015,2010s,Alternative,https://is1-ssl.mzstatic.com/image/thumb/Music114/v4/86/2a/f3/862af3ef-60ab-2615-d9bb-9e3b4e82a6f9/21UMGIM24069.rgb.jpg/400x400bb.jpg
itunes_1561070744,I'm In Your Mind Fuzz,King Gizzard & The Lizard Wizard,2014,2010s,Alternative,https://is1-ssl.mzstatic.com/image/thumb/Music125/v4/19/e6/a5/19e6a5f6-eeaa-1723-427c-301bb59097d9/21UMGIM24068.rgb.jpg/400x400bb.jpg
itunes_1452806149,Psychedelic Soul,The Temptations,2003,2000s,R&B,https://is1-ssl.mzstatic.com/image/thumb/Music114/v4/14/7c/8f/147c8f8a-0f7e-b6e0-6b1c-4820df8a7239/06UMGIM10884.rgb.jpg/400x400bb.jpg
itunes_1440825369,Lonerism,Tame Impala,2012,2010s,Rock,https://is1-ssl.mzstatic.com/image/thumb/Music115/v4/b7/40/9b/b7409bc6-24fa-b956-5613-4be8dc62be06/12UMGIM64219.rgb.jpg/400x400bb.jpg
itunes_281811707,Surrealistic Pillow (2003 Bonus Track Edition),Jefferson Airplane,1967,1960s,Rock,https://is1-ssl.mzstatic.com/image/thumb/Music125/v4/5c/bd/17/5cbd17d6-ceea-e185-e889-ee494cc650da/828765035125.jpg/400x400bb.jpg
itunes_1701802054,Psychedelic Rock,Mikhail Galkin & Jay Anderson,2023,2020s,Rock,https://is1-ssl.mzstatic.com/image/thumb/Music126/v4/24/f9/67/24f967bf-8b0a-1c7f-fecb-0ef80f355f48/cover_4260179145483.jpg/400x400bb.jpg
itunes_1767459124,Psychedelic Rock - EP,Dionigi,2024,2020s,Electronic,https://is1-ssl.mzstatic.com/image/thumb/Music221/v4/4e/cc/6b/4ecc6b40-58d1-bcea-5065-909e24f67f58/cover.jpg/400x400bb.jpg
itunes_1125521386,Forever Changes (Remastered),Love,1967,1960s,Rock,https://is1-ssl.mzstatic.com/image/thumb/Music125/v4/5a/ee/47/5aee470b-8df3-2b3d-f24e-5f79f24350a9/603497886968.jpg/400x400bb.jpg
itunes_1299241642,Con Todo El Mundo,Khruangbin,2018,2010s,Indie,https://is1-ssl.mzstatic.com/image/thumb/Music115/v4/17/67/2e/17672e3b-9d01-2d5e-9b43-38f44b40f654/656605145365.jpg/400x400bb.jpg
itunes_997913392,Depression Cherry,Beach House,2015,2010s,Alternative,https://is1-ssl.mzstatic.com/image/thumb/Music125/v4/09/e0/d5/09e0d559-0682-f0f0-5e0c-3cd11e3114fd/beachhouse_depressioncherry_2400_300.jpg/400x400bb.jpg
itunes_1439752048,InnerSpeaker,Tame Impala,2010,2010s,Alternative,https://is1-ssl.mzstatic.com/image/thumb/Music115/v4/e2/45/28/e2452872-ff3d-a53b-847e-72361827d428/00602577163883.rgb.jpg/400x400bb.jpg
itunes_321974224,Déjà Vu,"Crosby, Stills, Nash & Young",1970,1970s,Rock,https://is1-ssl.mzstatic.com/image/thumb/Music115/v4/69/ee/5e/69ee5e2c-9c64-8050-135b-55a150cdc63b/mzi.bunvwhms.jpg/400x400bb.jpg
itunes_254004035,After Bathing At Baxters (Remastered Bonus Track Version),Jefferson Airplane,1967,1960s,Rock,https://is1-ssl.mzstatic.com/image/thumb/Music82/v4/db/32/23/db322376-d298-b7d6-18b5-5cf2a1cfc3dc/828765322522.jpg/400x400bb.jpg
itunes_1440851613,The Velvet Underground & Nico (45th Anniversary Edition),The Velvet Underground & Nico,1967,1960s,Rock,https://is1-ssl.mzstatic.com/image/thumb/Music112/v4/92/93/39/9293397f-a707-237e-ec7e-0ca613a67e3c/06UMGIM04143.rgb.jpg/400x400bb.jpg
itunes_558685692,The Psychedelic Sounds of the 13th Floor Elevators,13th Floor Elevators,1966,1960s,Rock,https://is1-ssl.mzstatic.com/image/thumb/Music/v4/68/f4/09/68f40950-5d6e-67fe-da36-5b22d2d30d93/887396217546.tif/400x400bb.jpg
itunes_711998653,Electric Music For the Mind and Body,Country Joe & The Fish,1967,1960s,Rock,https://is1-ssl.mzstatic.com/image/thumb/Music124/v4/c0/bc/15/c0bc1581-b73e-d83a-0532-010ee6eb752f/00015707924450.jpg/400x400bb.jpg
itunes_867629699,Desert Island,Mystic Braves,2014,2010s,Alternative,https://is1-ssl.mzstatic.com/image/thumb/Music114/v4/9d/0d/03/9d0d0365-1a21-c34f-5771-495447531ce5/859712479150_cover.jpg/400x400bb.jpg
itunes_1776070985,Psychedelic Rock,Empire Of Music,2024,2020s,Rock,https://is1-ssl.mzstatic.com/image/thumb/Music221/v4/13/dc/77/13dc77aa-3b90-2b87-c0d3-bd4f4b6cd970/artwork.jpg/400x400bb.jpg
itunes_1065973614,Meddle (2016 Remaster),Pink Floyd,1971,1970s,Rock,https://is1-ssl.mzstatic.com/image/thumb/Music211/v4/18/a8/b7/18a8b7ed-365d-ef37-d724-88ce764c3ee7/886445635911.jpg/400x400bb.jpg
itunes_271664884,Volunteers (Bonus Track Version),Jefferson Airplane,1969,1960s,Rock,https://is1-ssl.mzstatic.com/image/thumb/Music124/v4/ec/cb/8a/eccb8a93-2ea1-9970-a784-867baf4c91a6/mzi.knwetjrl.jpg/400x400bb.jpg
itunes_1452645811,Happy Trails,Quicksilver Messenger Service,1969,1960s,Rock,https://is1-ssl.mzstatic.com/image/thumb/Music114/v4/6e/45/f3/6e45f36e-f3d7-8652-8bdf-08ed733b8084/00602537939619.rgb.jpg/400x400bb.jpg
itunes_357652252,Electric Ladyland,The Jimi Hendrix Experience,1968,1960s,Rock,https://is1-ssl.mzstatic.com/image/thumb/Music125/v4/a6/b8/45/a6b84589-6ff7-a462-9ff9-170b724980d5/dj.wjkdwlks.jpg/400x400bb.jpg
itunes_357225315,Are You Experienced (Deluxe Version),The Jimi Hendrix Experience,1967,1960s,Rock,https://is1-ssl.mzstatic.com/image/thumb/Music124/v4/00/67/45/006745f5-95d5-5a06-35ed-d515e9cfd7d8/dj.tbwlxwoh.jpg/400x400bb.jpg
itunes_1622368510,The Doors,The Doors,1967,1960s,Rock,https://is1-ssl.mzstatic.com/image/thumb/Music122/v4/97/e2/ce/97e2ce16-02e1-54f6-3896-dcc55249ff7d/603497838738.jpg/400x400bb.jpg
itunes_1443920355,Vincebus Eruptum,Blue Cheer,1968,1960s,Rock,https://is1-ssl.mzstatic.com/image/thumb/Music118/v4/72/6d/17/726d1733-369b-bd56-d936-f7786b339019/00731451468520.rgb.jpg/400x400bb.jpg
itunes_547836191,Putrifiers II,Thee Oh Sees,2012,2010s,Alternative,https://is1-ssl.mzstatic.com/image/thumb/Music/v4/1b/46/dd/1b46dd83-1cc0-9f52-72b6-d7852f1ddf40/759718523522.jpg/400x400bb.jpg
itunes_1721004325,A LA SALA,Khruangbin,2024,2020s,Alternative,https://is1-ssl.mzstatic.com/image/thumb/Music116/v4/4b/82/45/4b82450e-4547-166f-aced-7d7f85b67d4b/43543.jpg/400x400bb.jpg
itunes_199865897,Easter Everywhere,13th Floor Elevators,1967,1960s,Soundtracks,https://is1-ssl.mzstatic.com/image/thumb/Music/02/24/ff/mzi.fprigicr.jpg/400x400bb.jpg
itunes_1192962129,The Doors (50th Anniversary Deluxe Edition),The Doors,1967,1960s,Rock,https://is1-ssl.mzstatic.com/image/thumb/Music115/v4/43/f6/14/43f61467-931b-21af-6b22-13717edc8ed9/603497870295.jpg/400x400bb.jpg
itunes_1234643385,S.F. Sorrow,The Pretty Things,1968,1960s,Rock,https://is1-ssl.mzstatic.com/image/thumb/Music114/v4/3c/ec/dc/3cecdc5b-cd9b-bd7d-6c2e-44372fec3633/191773132538.jpg/400x400bb.jpg
itunes_1440811129,Superunknown (20th Anniversary),Soundgarden,1994,1990s,Rock,https://is1-ssl.mzstatic.com/image/thumb/Music221/v4/ae/b6/d6/aeb6d672-2004-41eb-ccba-e2964643a2bc/06UMGIM18607.rgb.jpg/400x400bb.jpg
itunes_1452852926,Incense & Peppermints,Strawberry Alarm Clock,1987,1980s,Rock,https://is1-ssl.mzstatic.com/image/thumb/Music124/v4/a1/76/a1/a176a142-d68c-04b2-c902-4a914049b267/00076732201527.rgb.jpg/400x400bb.jpg
itunes_159364442,Da Capo,Love,1966,1960s,Rock,https://is1-ssl.mzstatic.com/image/thumb/Music124/v4/29/d8/da/29d8da4a-084b-8e61-2c24-7982df60db91/mzi.ybehtrbw.jpg/400x400bb.jpg
itunes_1839077554,In the Aeroplane Over the Sea,Neutral Milk Hotel,1998,1990s,Alternative,https://is1-ssl.mzstatic.com/image/thumb/Music221/v4/12/e3/5c/12e35c39-de5c-b501-3ef0-00f19fb3d513/56627.jpg/400x400bb.jpg
itunes_289013081,The United States of America,United States Of America,1968,1960s,Rock,https://is1-ssl.mzstatic.com/image/thumb/Music/94/de/70/mzi.hhshelpm.jpg/400x400bb.jpg
itunes_273519664,Oracular Spectacular,MGMT,2007,2000s,Alternative,https://is1-ssl.mzstatic.com/image/thumb/Music115/v4/e5/06/cc/e506ccd5-56ec-3d4c-69f7-14900bea74f0/mzi.bbgsikee.jpg/400x400bb.jpg
itunes_121048262,I Had Too Much to Dream,The Electric Prunes,1967,1960s,Rock,https://is1-ssl.mzstatic.com/image/thumb/Music124/v4/05/31/d4/0531d45a-3af8-112c-c63f-4f0622bc022b/mzi.jhzzgbdz.jpg/400x400bb.jpg
itunes_932550440,The Seeds (Deluxe),The Seeds,1966,1960s,Rock,https://is1-ssl.mzstatic.com/image/thumb/Music124/v4/e4/b2/b6/e4b2b663-287d-dcbd-a8d9-b33e9679c189/2292-300_1_copy.jpg/400x400bb.jpg
itunes_422781364,Journey to the Center of the Mind,The Amboy Dukes,1968,1960s,Rock,https://is1-ssl.mzstatic.com/image/thumb/Music126/v4/20/77/55/2077552c-8164-a106-045f-1b7fca0c463b/883247001579_cover.jpg/400x400bb.jpg
itunes_693161329,Little Games (Deluxe Edition),The Yardbirds,1967,1960s,Rock,https://is1-ssl.mzstatic.com/image/thumb/Music/v4/33/ac/cb/33accbe4-2921-4312-84b7-089213ae0c51/5099968455859_1800x1800_300dpi.jpg/400x400bb.jpg
itunes_1622362830,Strange Days,The Doors,1967,1960s,Rock,https://is1-ssl.mzstatic.com/image/thumb/Music122/v4/e8/49/28/e84928b3-d1d7-1742-f572-82837bbb0a0b/603497838745.jpg/400x400bb.jpg
itunes_999637611,"Yours, Dreamily,",The Arcs,2015,2010s,Alternative,https://is1-ssl.mzstatic.com/image/thumb/Music125/v4/b4/cd/81/b4cd813f-7ae1-4139-9e03-22a51a1dc53f/dj.tmivikkd.jpg/400x400bb.jpg
itunes_1443731639,Outsideinside,Blue Cheer,1968,1960s,Rock,https://is1-ssl.mzstatic.com/image/thumb/Music124/v4/ae/23/63/ae23638e-b9fa-cce6-ba80-07b1d77a3a31/00602527682457.rgb.jpg/400x400bb.jpg
itunes_1065975041,The Piper at the Gates of Dawn,Pink Floyd,1967,1960s,Rock,https://is1-ssl.mzstatic.com/image/thumb/Music211/v4/e7/b4/d3/e7b4d3e0-66d5-0cea-4054-47f3e8bae778/886445635799.jpg/400x400bb.jpg
itunes_1440817229,Disraeli Gears,Cream,1967,1960s,Rock,https://is1-ssl.mzstatic.com/image/thumb/Music115/v4/9f/3f/da/9f3fdaab-98af-bec1-633c-212a2705ccf3/00602537802913.rgb.jpg/400x400bb.jpg
itunes_363353526,Congratulations,MGMT,2010,2010s,Alternative,https://is1-ssl.mzstatic.com/image/thumb/Music114/v4/0c/e1/d6/0ce1d612-34eb-07bd-58a1-3ed6d4c9e097/mzi.jtsjyyvb.jpg/400x400bb.jpg
itunes_1020819229,Morgan Delt,Morgan Delt,2014,2010s,Indie,https://is1-ssl.mzstatic.com/image/thumb/Music1/v4/d0/ed/c7/d0edc7e7-c623-c4f8-2388-ade8c38ff0c9/700253978957.jpg/400x400bb.jpg
itunes_1443872986,Inner Mystique,The Chocolate Watchband,1968,1960s,Rock,https://is1-ssl.mzstatic.com/image/thumb/Music124/v4/d5/99/47/d599474e-6932-68d4-03d7-94eb60b27a26/00602527512976.rgb.jpg/400x400bb.jpg
itunes_266203734,Moby Grape (Bonus Track Version),Moby Grape,1967,1960s,Rock,https://is1-ssl.mzstatic.com/image/thumb/Music/64/61/1c/mzi.qlpewehi.jpg/400x400bb.jpg
itunes_871146591,Abraxas,Santana,1970,1970s,Rock,https://is1-ssl.mzstatic.com/image/thumb/Music115/v4/30/03/7f/30037fd6-3292-1806-c806-5341391c9aac/886444593038.jpg/400x400bb.jpg
itunes_177422219,Hits!,Boz Scaggs,1980,1980s,Pop,https://is1-ssl.mzstatic.com/image/thumb/Features124/v4/b2/3b/7d/b23b7d36-c61d-d207-a3bd-670466ed9dd1/dj.fcmnjull.jpg/400x400bb.jpg
itunes_939921479,Hits (Remastered),Mike + The Mechanics,1996,1990s,Rock,https://is1-ssl.mzstatic.com/image/thumb/Music114/v4/a9/3f/c8/a93fc841-2bc8-692e-5c60-0210f2b1474c/603497894390.jpg/400x400bb.jpg
itunes_306629461,Pop! - The First 20 Hits,Erasure,1992,1990s,Pop,https://is1-ssl.mzstatic.com/image/thumb/Music124/v4/89/d8/7f/89d87f34-ef58-63f3-1998-d6e541dfc335/mzi.wrlauufj.jpg/400x400bb.jpg
itunes_1450695723,"WHEN WE ALL FALL ASLEEP, WHERE DO WE GO?",Billie Eilish,2019,2010s,Alternative,https://is1-ssl.mzstatic.com/image/thumb/Music115/v4/1a/37/d1/1a37d1b1-8508-54f2-f541-bf4e437dda76/19UMGIM05028.rgb.jpg/400x400bb.jpg
itunes_1485802965,Fine Line,Harry Styles,2019,2010s,Pop,https://is1-ssl.mzstatic.com/image/thumb/Music115/v4/2b/c4/c9/2bc4c9d4-3bc6-ab13-3f71-df0b89b173de/886448022213.jpg/400x400bb.jpg
itunes_1590035691,30,Adele,2021,2020s,Pop,https://is1-ssl.mzstatic.com/image/thumb/Music115/v4/73/6d/7c/736d7cfb-c79d-c9a9-4170-5e71d008dea1/886449666430.jpg/400x400bb.jpg
itunes_1817609404,The Art of Loving,Olivia Dean,2025,2020s,Pop,https://is1-ssl.mzstatic.com/image/thumb/Music221/v4/08/e2/21/08e22164-7c0b-1522-818f-e0e74f62dc49/25UMGIM69703.rgb.jpg/400x400bb.jpg
itunes_1161503945,24K Magic,Bruno Mars,2016,2010s,Pop,https://is1-ssl.mzstatic.com/image/thumb/Music125/v4/e3/47/a0/e347a0cc-87ce-5d05-d560-176c7d48f66e/075679904119.jpg/400x400bb.jpg
itunes_1440907513,DAMN. COLLECTORS EDITION.,Kendrick Lamar,2017,2010s,Hip-Hop / Rap,https://is1-ssl.mzstatic.com/image/thumb/Music124/v4/94/28/36/94283609-93bb-db1c-e997-44e82c157e90/00602567261216.rgb.jpg/400x400bb.jpg
itunes_1440845197,Fifty Shades of Grey (Original Motion Picture Soundtrack),Various Artists,2015,2010s,Soundtracks,https://is1-ssl.mzstatic.com/image/thumb/Music122/v4/fd/7a/13/fd7a1394-5ce1-6da6-93ad-977533762a1f/15UMGIM00463.rgb.jpg/400x400bb.jpg
itunes_1442904533,Pop,U2,1997,1990s,Rock,https://is1-ssl.mzstatic.com/image/thumb/Music221/v4/81/5b/a7/815ba7da-d5ca-23fb-7177-7b391c82f514/17UMGIM95502.rgb.jpg/400x400bb.jpg
itunes_1325861276,Nation of Two,Vance Joy,2018,2010s,Alternative,https://is1-ssl.mzstatic.com/image/thumb/Music115/v4/85/84/62/85846210-2bbf-cd76-fe57-f42699b235e0/075679880482.jpg/400x400bb.jpg
itunes_1870984032,"Kiss All The Time. Disco, Occasionally.",Harry Styles,2026,2020s,Pop,https://is1-ssl.mzstatic.com/image/thumb/Music221/v4/07/41/6a/07416a78-38b9-2d47-7ce8-8a52a44c510f/196874010112.jpg/400x400bb.jpg
itunes_1604628180,Hits,Information Society,2004,2000s,Electronic,https://is1-ssl.mzstatic.com/image/thumb/Music112/v4/1d/11/6d/1d116d2f-5d89-e4bd-4e9c-6d1335478189/081227817169.png/400x400bb.jpg
itunes_1473486502,The Lion King: The Gift,Beyoncé,2019,2010s,Soundtracks,https://is1-ssl.mzstatic.com/image/thumb/Music125/v4/aa/20/73/aa207387-444f-b04d-9b7e-7ea6c687c15e/886447863329.jpg/400x400bb.jpg
itunes_1440887032,Same Kind of Different - EP,Dean Lewis,2017,2010s,Folk,https://is1-ssl.mzstatic.com/image/thumb/Music115/v4/2b/f7/ae/2bf7ae47-9ee0-0d58-e6ef-cd7b4db004a9/17UMGIM87955.rgb.jpg/400x400bb.jpg
itunes_1422648512,ABBA Gold: Greatest Hits,ABBA,1992,1990s,Pop,https://is1-ssl.mzstatic.com/image/thumb/Music115/v4/60/f8/a6/60f8a6bc-e875-238d-f2f8-f34a6034e6d2/14UMGIM07615.rgb.jpg/400x400bb.jpg
itunes_1445732923,The Lion King (Original Motion Picture Soundtrack),"Elton John & Tim Rice, Hans Zimmer",1994,1990s,Soundtracks,https://is1-ssl.mzstatic.com/image/thumb/Music116/v4/ce/80/89/ce808921-d594-fa7f-03e8-adcc92a69de8/06PNDIM00020.rgb.jpg/400x400bb.jpg
itunes_576654788,Doo-Wops & Hooligans,Bruno Mars,2010,2010s,Pop,https://is1-ssl.mzstatic.com/image/thumb/Music114/v4/52/b1/45/52b1452b-229e-78db-231b-7b43fa0077cc/075679956491.jpg/400x400bb.jpg
itunes_1440814069,In the Lonely Hour,Sam Smith,2014,2010s,Pop,https://is1-ssl.mzstatic.com/image/thumb/Music115/v4/80/74/b6/8074b6bc-387f-6cc9-5ede-92b76396ad5f/13UAEIM58958.rgb.jpg/400x400bb.jpg
itunes_6812971056,Nhạc Việt Top Hits 3 - EP,Various Artists,2019,2010s,Pop,https://is1-ssl.mzstatic.com/image/thumb/Music221/v4/c2/70/a1/c270a148-4187-2a06-3b4e-95b3eb756d3d/cover.jpg/400x400bb.jpg
itunes_1440098012,Everyday Is Christmas (Deluxe),Sia,2017,2010s,Pop,https://is1-ssl.mzstatic.com/image/thumb/Music115/v4/85/c3/21/85c32113-1c4c-571c-7602-88f568d8081c/075679861016.jpg/400x400bb.jpg
itunes_1055074478,This Is Acting,Sia,2016,2010s,Pop,https://is1-ssl.mzstatic.com/image/thumb/Music115/v4/bc/13/27/bc13275c-8b26-802d-771b-d15ae00fb530/mzm.hvpwjsvi.jpg/400x400bb.jpg
itunes_1741999882,This Is How Tomorrow Moves,beabadoobee,2024,2020s,Alternative,https://is1-ssl.mzstatic.com/image/thumb/Music221/v4/78/fa/f7/78faf7a9-97c0-5aa7-df1e-547da9703178/196922946356_Cover.jpg/400x400bb.jpg
itunes_80605058,Greatest Hits,Tim McGraw,2000,2000s,Country,https://is1-ssl.mzstatic.com/image/thumb/Music115/v4/20/fc/a7/20fca733-8677-ba96-05bf-7f3bc2b805de/mzi.ckseeycn.tif/400x400bb.jpg
itunes_1820060457,Whitney The Greatest Hits,Whitney Houston,2000,2000s,Pop,https://is1-ssl.mzstatic.com/image/thumb/Music211/v4/fa/9e/1b/fa9e1b0a-bae9-692b-5c79-323c57a76828/196873289373.jpg/400x400bb.jpg
itunes_1594677532,Encanto (Original Motion Picture Soundtrack),"Lin-Manuel Miranda, Germaine Franco & Encanto - Cast",2021,2020s,Soundtracks,https://is1-ssl.mzstatic.com/image/thumb/Music126/v4/94/4d/9a/944d9a8d-0549-f537-5706-5b083bd84a7d/21UM1IM38949.rgb.jpg/400x400bb.jpg
itunes_1874021298,Before the Dawn Heals Us,M83,2005,2000s,Alternative,https://is1-ssl.mzstatic.com/image/thumb/Music211/v4/38/39/38/38393884-5da9-1eb3-16e4-1c35cf3a1a3d/cover.jpg/400x400bb.jpg
itunes_1672227190,Saturdays = Youth,M83,2008,2000s,Rock,https://is1-ssl.mzstatic.com/image/thumb/Music126/v4/3f/71/ce/3f71ce27-5391-3883-3401-684a7b7bee89/cover.jpg/400x400bb.jpg
itunes_1874020175,"Dead Cities, Red Seas & Lost Ghosts",M83,2003,2000s,Alternative,https://is1-ssl.mzstatic.com/image/thumb/Music221/v4/b0/9c/54/b09c544a-abc2-4cf3-a025-2d16ff13cb30/cover.jpg/400x400bb.jpg
itunes_1505706075,Synth Pop,West One Music Group,2020,2020s,Pop,https://is1-ssl.mzstatic.com/image/thumb/Music221/v4/c7/dc/93/c7dc93e9-c0c3-57be-4a1a-3850a7a3fcb9/5060710260700.png/400x400bb.jpg
itunes_1440813508,Songs from the Big Chair,Tears for Fears,1985,1980s,Rock,https://is1-ssl.mzstatic.com/image/thumb/Music211/v4/74/41/43/744143ae-afad-8380-106e-1c1bc48922e4/14UMGIM34762.rgb.jpg/400x400bb.jpg
itunes_1746833068,Purple Rain,Prince & The Revolution,1984,1980s,Soundtracks,https://is1-ssl.mzstatic.com/image/thumb/Music211/v4/00/17/f2/0017f24f-e580-b77a-71a8-1bc7b75881bf/603497822065.jpg/400x400bb.jpg
itunes_258198881,Heaven Or Las Vegas (Remastered),Cocteau Twins,1990,1990s,Rock,https://is1-ssl.mzstatic.com/image/thumb/Music116/v4/76/cd/61/76cd61e7-0714-dce5-c48e-0f05f8fcb84b/652637001280.png/400x400bb.jpg
itunes_1174246686,Violator (Deluxe),Depeche Mode,1990,1990s,Rock,https://is1-ssl.mzstatic.com/image/thumb/Music125/v4/5c/0e/66/5c0e66c0-d383-5641-3ec0-4bdb629c49ad/886445705119.jpg/400x400bb.jpg
itunes_387193895,Top Gun (Original Motion Picture Soundtrack) [Special Expanded Edition],Various Artists,1986,1980s,Soundtracks,https://is1-ssl.mzstatic.com/image/thumb/Music115/v4/81/2f/27/812f27f8-4c88-7b16-8a54-5113fa169781/dj.jvcruggi.jpg/400x400bb.jpg
itunes_62446480,Watermark,Enya,1988,1980s,Pop,https://is1-ssl.mzstatic.com/image/thumb/Music115/v4/9e/a4/e7/9ea4e751-f374-4173-2aca-faea06440e0c/s06.pnpmefxw.jpg/400x400bb.jpg
itunes_1641549440,Love Is Dead,CHVRCHES,2018,2010s,Alternative,https://is1-ssl.mzstatic.com/image/thumb/Music122/v4/01/93/fa/0193fa8b-d009-c675-04c6-4ad3b6b17cdc/44003194212.jpg/400x400bb.jpg
itunes_597936899,Give Up (Deluxe 10th Anniversary Edition),The Postal Service,2003,2000s,Electronic,https://is1-ssl.mzstatic.com/image/thumb/Music221/v4/e8/0d/c2/e80dc202-b4ec-b056-5dda-d51c16b89f17/098787104561.png/400x400bb.jpg
itunes_1288102355,Greatest Hits,The Cure,2001,2000s,Alternative,https://is1-ssl.mzstatic.com/image/thumb/Music124/v4/2c/6b/bb/2c6bbbb2-ae5c-57ac-55e9-d49efea7039e/603497862962.jpg/400x400bb.jpg
itunes_1675560565,Hounds of Love (2018 Remaster),Kate Bush,1985,1980s,Pop,https://is1-ssl.mzstatic.com/image/thumb/Music116/v4/62/97/32/62973286-5bb3-0de7-c051-8b2de8d95472/cover.jpg/400x400bb.jpg
itunes_1648152751,Synth Pop,Luna Cities,2021,2020s,Electronic,https://is1-ssl.mzstatic.com/image/thumb/Music112/v4/8b/b9/53/8bb9530e-87a9-1185-873f-8d6171eac46a/5054429158441.png/400x400bb.jpg
itunes_80815644,Madonna,Madonna,1983,1980s,Pop,https://is1-ssl.mzstatic.com/image/thumb/Music/y2005/m09/d19/h20/mzi.ykiinwgl.jpg/400x400bb.jpg
itunes_693063670,Moon Safari,Air,1998,1990s,Electronic,https://is1-ssl.mzstatic.com/image/thumb/Music125/v4/d1/f9/26/d1f926e7-e996-7166-3744-0710a82177ac/017046664455.jpg/400x400bb.jpg
itunes_742432549,Sound of Silver,LCD Soundsystem,2007,2000s,Electronic,https://is1-ssl.mzstatic.com/image/thumb/Music115/v4/fb/fe/a5/fbfea51a-0130-d557-c1f4-9e5e98b7bab8/094638511359.jpg/400x400bb.jpg
itunes_62442885,Upstairs at Eric's,Yaz,1982,1980s,Pop,https://is1-ssl.mzstatic.com/image/thumb/Music115/v4/55/cb/bf/55cbbfdb-26f4-e1ec-ea6c-8f9c8031b673/s06.ssiefitl.jpg/400x400bb.jpg
itunes_1841923193,Speak for Yourself (20th Anniversary Remaster),Imogen Heap,2025,2020s,Electronic,https://is1-ssl.mzstatic.com/image/thumb/Music211/v4/69/8a/dc/698adcf0-fb28-02f1-7cb4-ec5d285061db/199502493288_cover.jpg/400x400bb.jpg
itunes_365805049,Manners (Bonus Track Version),Passion Pit,2009,2000s,Alternative,https://is1-ssl.mzstatic.com/image/thumb/Music/17/12/12/mzi.jqwmltgu.jpg/400x400bb.jpg
itunes_1771701841,Ti Amo,Phoenix,2017,2010s,Electronic,https://is1-ssl.mzstatic.com/image/thumb/Music221/v4/b9/53/0f/b9530f81-16a5-813e-6c6e-9ed19c75f9a9/0044003129108_Cover.jpg/400x400bb.jpg
itunes_1440821378,Ice On the Dune,Empire Of The Sun,2013,2010s,Alternative,https://is1-ssl.mzstatic.com/image/thumb/Music126/v4/71/4c/2d/714c2de6-cbe8-70a7-59a7-200cb84599ab/13UMGIM28472.rgb.jpg/400x400bb.jpg
itunes_723875837,Avalon,Roxy Music,1982,1980s,Rock,https://is1-ssl.mzstatic.com/image/thumb/Music116/v4/72/ec/3b/72ec3b11-1060-be9d-1927-ddc611609be0/13UABIM59240.rgb.jpg/400x400bb.jpg
itunes_1440842080,Communion (Deluxe),Years & Years,2015,2010s,Electronic,https://is1-ssl.mzstatic.com/image/thumb/Music124/v4/e9/2c/0a/e92c0a04-7ac6-9563-a9b1-ec93171fcca5/00602547836649.rgb.jpg/400x400bb.jpg
itunes_791124020,Singles,Future Islands,2014,2010s,Alternative,https://is1-ssl.mzstatic.com/image/thumb/Music126/v4/47/43/80/47438060-5bc3-6068-9117-93613414aec9/652637340259.png/400x400bb.jpg
itunes_1440770727,Ocean Eyes (Deluxe Version),Owl City,2010,2010s,Electronic,https://is1-ssl.mzstatic.com/image/thumb/Music211/v4/c3/cd/43/c3cd4366-321d-6252-26c5-5bfe972173a6/09UMGIM45128.rgb.jpg/400x400bb.jpg
itunes_534798874,Gossamer,Passion Pit,2012,2010s,Alternative,https://is1-ssl.mzstatic.com/image/thumb/Music115/v4/34/c6/0b/34c60b2b-aed6-e38c-43cf-9fa34a45dd2f/886443506329.jpg/400x400bb.jpg
itunes_1034289840,Synth Pop,Synth Poppers,2015,2010s,Pop,https://is1-ssl.mzstatic.com/image/thumb/Music30/v4/ce/47/19/ce4719bc-0c2d-9571-a31a-b70fe9fefd34/mzm.heghuflw.jpg/400x400bb.jpg
itunes_669292909,Within and Without,Washed Out,2011,2010s,Alternative,https://is1-ssl.mzstatic.com/image/thumb/Music114/v4/59/39/78/59397873-6979-9a14-dbd2-e7b782e62d76/WashedOut_WithinWithout_1425px.jpg/400x400bb.jpg
itunes_6804860027,Down to Earth,Flight Facilities,2014,2010s,Electronic,https://is1-ssl.mzstatic.com/image/thumb/Music211/v4/e9/02/4a/e9024abc-af18-610d-7fe5-6a975e75c436/823375399421_Cover.jpg/400x400bb.jpg
itunes_959563976,The Sign (2015 Remastered Version),Ace of Base,1993,1990s,Pop,https://is1-ssl.mzstatic.com/image/thumb/Music126/v4/42/59/8b/42598b61-bd54-aaa3-5280-d711569800b6/cover.jpg/400x400bb.jpg
itunes_1347896167,Scary Monsters (And Super Creeps) [2017 Remaster],David Bowie,1980,1980s,Rock,https://is1-ssl.mzstatic.com/image/thumb/Music124/v4/71/fe/14/71fe14df-5d77-9d69-2968-c38b6bfa82a4/190295842598.jpg/400x400bb.jpg
itunes_1771710302,Every Open Eye (Special Edition),CHVRCHES,2015,2010s,Electronic,https://is1-ssl.mzstatic.com/image/thumb/Music211/v4/ea/12/24/ea12245a-4336-23cf-d349-2c5592358312/0044003182073_Cover.jpg/400x400bb.jpg
itunes_1440740144,Dead Man's Party,Oingo Boingo & Danny Elfman,1985,1980s,Alternative,https://is1-ssl.mzstatic.com/image/thumb/Music122/v4/be/5b/14/be5b14fc-5480-81cc-53a1-59f98f185f2b/06UMGIM03141.rgb.jpg/400x400bb.jpg
itunes_1454724519,Life of Leisure - EP,Washed Out,2009,2000s,Electronic,https://is1-ssl.mzstatic.com/image/thumb/Music115/v4/46/a3/6d/46a36de6-78a0-48c4-7774-16eb51e86acf/680750887092_cover.jpg/400x400bb.jpg
itunes_696641105,Talkie Walkie,Air,2004,2000s,Electronic,https://is1-ssl.mzstatic.com/image/thumb/Music115/v4/25/b2/53/25b253de-e213-3fa9-6fc8-8cdc633dabcf/0724359663258_1800x1800_360dpi.jpg/400x400bb.jpg
itunes_1440816582,Evergreen,BROODS,2014,2010s,Alternative,https://is1-ssl.mzstatic.com/image/thumb/Music124/v4/a9/20/74/a92074fa-cce6-1157-a73d-1f2becefdec4/00602537979844.rgb.jpg/400x400bb.jpg
itunes_1771718231,Every Open Eye (Extended Edition),CHVRCHES,2015,2010s,Alternative,https://is1-ssl.mzstatic.com/image/thumb/Music211/v4/33/b2/33/33b23327-3d8f-a131-91d7-015d358ae01a/0044003186804_Cover.jpg/400x400bb.jpg
itunes_1544883144,Underneath the Pine,Toro y Moi,2011,2010s,Alternative,https://is1-ssl.mzstatic.com/image/thumb/Music114/v4/58/67/a5/5867a572-446c-76ff-ac9e-f13796c73d7f/677517005929_01_img001.jpg/400x400bb.jpg
itunes_1785686643,Speak for Yourself,Imogen Heap,2005,2000s,Electronic,https://is1-ssl.mzstatic.com/image/thumb/Music221/v4/98/85/1e/98851e09-6760-85e1-c1ef-e1034f6a7cb8/886445364712_cover.jpg/400x400bb.jpg
itunes_1771710587,Every Open Eye,CHVRCHES,2015,2010s,Electronic,https://is1-ssl.mzstatic.com/image/thumb/Music221/v4/46/e6/72/46e67229-774d-567b-8d40-d6d4018ca685/0044003182189_Cover.jpg/400x400bb.jpg
itunes_693610443,Rio (Collectors Edition),Duran Duran,1982,1980s,Pop,https://is1-ssl.mzstatic.com/image/thumb/Music125/v4/4c/28/ba/4c28ba7a-8e8d-cf8c-3081-c7a9faf67520/5099996563359.jpg/400x400bb.jpg
itunes_1040968369,Technique,New Order,1989,1980s,Pop,https://is1-ssl.mzstatic.com/image/thumb/Music124/v4/49/51/83/4951838a-1b2f-35c3-3984-89e87f288288/825646051021.jpg/400x400bb.jpg
itunes_714551637,The Best Of Orchestral Manoeuvres In The Dark,Orchestral Manoeuvres In the Dark,1988,1980s,Electronic,https://is1-ssl.mzstatic.com/image/thumb/Music125/v4/d0/9e/fa/d09efa3b-f49a-f456-d26d-5a1cca158344/00094636459752.rgb.jpg/400x400bb.jpg
itunes_665413158,Some Great Reward (Deluxe),Depeche Mode,1984,1980s,Rock,https://is1-ssl.mzstatic.com/image/thumb/Music114/v4/18/68/6e/18686e0d-2f83-2424-87fe-190d513920e3/0094637006351.jpg/400x400bb.jpg
itunes_830083942,Computer World (Remastered),Kraftwerk,1981,1980s,Electronic,https://is1-ssl.mzstatic.com/image/thumb/Music1/v4/ac/34/2d/ac342dcf-8349-676f-9510-c1bd27e932d2/dj.ajlyslln.jpg/400x400bb.jpg
itunes_1174246980,Ultra (Deluxe),Depeche Mode,1997,1990s,Rock,https://is1-ssl.mzstatic.com/image/thumb/Music113/v4/c1/c7/6d/c1c76d38-2d53-4fbf-6382-24467ebda3e1/886445705133.jpg/400x400bb.jpg
itunes_1820264137,KPop Demon Hunters (Soundtrack from the Netflix Film),"KPop Demon Hunters Cast, HUNTR/X & Saja Boys",2025,2020s,Pop,https://is1-ssl.mzstatic.com/image/thumb/Music211/v4/e1/15/42/e1154273-8ecd-5702-e6e6-597f28001681/25UMGIM82363.rgb.jpg/400x400bb.jpg
itunes_1440842556,Views,Drake,2016,2010s,Hip-Hop / Rap,https://is1-ssl.mzstatic.com/image/thumb/Music115/v4/95/f5/87/95f587f7-21c3-d5f9-d81a-4350f9caa020/16UMGIM27643.rgb.jpg/400x400bb.jpg
itunes_1193701079,÷ (Deluxe),Ed Sheeran,2017,2010s,Pop,https://is1-ssl.mzstatic.com/image/thumb/Music115/v4/15/e6/e8/15e6e8a4-4190-6a8b-86c3-ab4a51b88288/190295851286.jpg/400x400bb.jpg
itunes_1440933849,reputation,Taylor Swift,2017,2010s,Pop,https://is1-ssl.mzstatic.com/image/thumb/Music221/v4/eb/e6/06/ebe606da-e00f-82d3-47f3-b79904eed541/17UM1IM24651.rgb.jpg/400x400bb.jpg
itunes_1468058165,Lover,Taylor Swift,2019,2010s,Pop,https://is1-ssl.mzstatic.com/image/thumb/Music125/v4/49/3d/ab/493dab54-f920-9043-6181-80993b8116c9/19UMGIM53909.rgb.jpg/400x400bb.jpg
itunes_1615584999,Harry's House,Harry Styles,2022,2020s,Pop,https://is1-ssl.mzstatic.com/image/thumb/Music126/v4/2a/19/fb/2a19fb85-2f70-9e44-f2a9-82abe679b88e/886449990061.jpg/400x400bb.jpg
itunes_1445949265,Spider-Man: Into the Spider-Verse (Soundtrack From & Inspired by the Motion Picture),Various Artists,2018,2010s,Soundtracks,https://is1-ssl.mzstatic.com/image/thumb/Music125/v4/4b/30/2c/4b302cb6-7a14-5464-4e97-0577e9d0be49/18UMGIM82277.rgb.jpg/400x400bb.jpg
itunes_1154238159,TROLLS (Original Motion Picture Soundtrack),Various Artists,2016,2010s,Soundtracks,https://is1-ssl.mzstatic.com/image/thumb/Music125/v4/68/19/43/68194388-efa7-3afe-8a15-a4c3eebef1f6/886445915211.jpg/400x400bb.jpg
itunes_1411625594,Evolve,Imagine Dragons,2017,2010s,Alternative,https://is1-ssl.mzstatic.com/image/thumb/Music126/v4/11/7a/b8/117ab805-6811-8929-18b9-0fad7baf0c25/17UMGIM98210.rgb.jpg/400x400bb.jpg
itunes_1866732792,The Romantic,Bruno Mars,2026,2020s,Pop,https://is1-ssl.mzstatic.com/image/thumb/Music211/v4/ed/46/bf/ed46bf4e-7cb9-965a-54f3-03059977fe6c/075679589293.jpg/400x400bb.jpg
itunes_626204707,4 (Expanded Edition),Beyoncé,2011,2010s,Pop,https://is1-ssl.mzstatic.com/image/thumb/Music115/v4/c9/6b/3f/c96b3ff3-9cf6-4ce6-05aa-9f11474bd569/886443938373.jpg/400x400bb.jpg
itunes_1441154435,Good Girl Gone Bad: Reloaded,Rihanna,2007,2000s,Pop,https://is1-ssl.mzstatic.com/image/thumb/Music126/v4/2b/c0/81/2bc081c8-25f0-ba43-d451-587a54613778/16UMGIM59202.rgb.jpg/400x400bb.jpg
itunes_1500951604,Chromatica,Lady Gaga,2020,2020s,Pop,https://is1-ssl.mzstatic.com/image/thumb/Music115/v4/5d/4d/f9/5d4df96a-e95e-2fe9-404a-5d570513762d/20UMGIM15390.rgb.jpg/400x400bb.jpg
itunes_1405228699,Tell Me You Love Me (Deluxe),Demi Lovato,2017,2010s,Pop,https://is1-ssl.mzstatic.com/image/thumb/Music125/v4/6d/f0/8e/6df08eae-1bdd-ebb3-3755-3f5a65dee38d/17UM1IM22213.rgb.jpg/400x400bb.jpg
itunes_1500490683,Colores,J Balvin,2020,2020s,Latin,https://is1-ssl.mzstatic.com/image/thumb/Music125/v4/ae/b3/66/aeb36667-f9b2-c455-c3fc-a53bbd5ec4c1/20UMGIM10542.rgb.jpg/400x400bb.jpg
itunes_1440650852,Believe (Deluxe Edition),Justin Bieber,2012,2010s,Pop,https://is1-ssl.mzstatic.com/image/thumb/Music126/v4/73/08/1a/73081a96-0f7c-b5f8-2757-5c17fb714323/12UMGIM31899.rgb.jpg/400x400bb.jpg
itunes_928494135,Once Upon a Rhyme: Lullaby Renditions of Hip​​-​​Hop Classics,Jammy Jams,2011,2010s,Hip-Hop / Rap,https://is1-ssl.mzstatic.com/image/thumb/Music125/v4/3f/e9/d4/3fe9d450-09f1-b476-4bb3-fe0d0eacf247/889290000477_cover.tif/400x400bb.jpg
itunes_164192298,Hip Hop Classics: Connect Tha Dot,Various Artists,2006,2000s,Hip-Hop / Rap,https://is1-ssl.mzstatic.com/image/thumb/Music/ba/3d/ac/mzi.mtvppthl.jpg/400x400bb.jpg
itunes_1470146332,OASIS,J Balvin & Bad Bunny,2019,2010s,Latin,https://is1-ssl.mzstatic.com/image/thumb/Music211/v4/77/32/74/7732746d-25e5-baae-b921-bad4a07d87b1/19UMGIM55524.rgb.jpg/400x400bb.jpg
itunes_1441410287,808s & Heartbreak,Kanye West,2008,2000s,Hip-Hop / Rap,https://is1-ssl.mzstatic.com/image/thumb/Music125/v4/4d/75/2d/4d752db1-022d-f65d-40a1-a2390f01427a/13UAEIM26465.rgb.jpg/400x400bb.jpg
itunes_1440914594,Culture II,Migos,2018,2010s,Hip-Hop / Rap,https://is1-ssl.mzstatic.com/image/thumb/Music122/v4/ef/3a/a7/ef3aa7ad-cd69-2bb4-ce18-6c4de937a5e3/17UM1IM64709.rgb.jpg/400x400bb.jpg
itunes_1440888125,Stoney (Deluxe),Post Malone,2016,2010s,Hip-Hop / Rap,https://is1-ssl.mzstatic.com/image/thumb/Music126/v4/31/57/de/3157dec9-5e26-40d1-d61c-bce30558752d/16UMGIM76041.rgb.jpg/400x400bb.jpg
itunes_1105040878,Classics,Joey Beltram,1996,1990s,Techno,https://is1-ssl.mzstatic.com/image/thumb/Music211/v4/75/37/95/7537959b-5188-f8e2-aaf1-463b19f17dca/cover.jpg/400x400bb.jpg
itunes_1441460375,ye,Kanye West,2018,2010s,Hip-Hop / Rap,https://is1-ssl.mzstatic.com/image/thumb/Music125/v4/f8/92/62/f892628e-bfd5-2437-c1f5-0ebbd366de09/00602577303098.rgb.jpg/400x400bb.jpg
itunes_1440745498,Take Care (Deluxe Version),Drake,2011,2010s,Hip-Hop / Rap,https://is1-ssl.mzstatic.com/image/thumb/Music124/v4/d2/53/62/d2536245-b94c-b3fd-7168-9512f655f6d4/00602527899091.rgb.jpg/400x400bb.jpg
itunes_1609149054,808s & Heartbreak (Exclusive Edition),Kanye West,2008,2000s,Hip-Hop / Rap,https://is1-ssl.mzstatic.com/image/thumb/Music116/v4/f3/61/19/f36119b9-4d88-05eb-4306-2ae0e7decf88/08UMGIM26559.rgb.jpg/400x400bb.jpg
itunes_1440935729,4:44,JAŸ-Z,2017,2010s,Hip-Hop / Rap,https://is1-ssl.mzstatic.com/image/thumb/Music128/v4/ee/d1/da/eed1da86-9e2f-a19b-498a-f03622b183b2/00854242007569.rgb.jpg/400x400bb.jpg
itunes_386153476,Confessions (Expanded Edition),USHER,2004,2000s,R&B,https://is1-ssl.mzstatic.com/image/thumb/Music125/v4/02/c6/e1/02c6e1cd-8d57-97b4-6ef1-77d2be004509/mzi.sjrqsmrq.jpg/400x400bb.jpg
itunes_282883573,Ultimate Dolly Parton,Dolly Parton,2003,2000s,Country,https://is1-ssl.mzstatic.com/image/thumb/Music/37/fa/d1/mzi.ecmonpil.jpg/400x400bb.jpg
itunes_1588492978,All Eyez On Me,2Pac,1996,1990s,Hip-Hop / Rap,https://is1-ssl.mzstatic.com/image/thumb/Music115/v4/55/e5/7c/55e57cf2-8325-a088-7d54-3aeedad1143f/21UM1IM16263.rgb.jpg/400x400bb.jpg
itunes_1440829460,Purpose (Deluxe),Justin Bieber,2015,2010s,Pop,https://is1-ssl.mzstatic.com/image/thumb/Music116/v4/75/11/84/751184b0-77df-1eff-bb20-dac03247425d/15UMGIM59808.rgb.jpg/400x400bb.jpg
itunes_201274359,Dangerously in Love,Beyoncé,2003,2000s,Pop,https://is1-ssl.mzstatic.com/image/thumb/Music/03/c5/d4/mzi.ldvrmhxt.jpg/400x400bb.jpg
itunes_252606580,Justified,Justin Timberlake,2002,2000s,Pop,https://is1-ssl.mzstatic.com/image/thumb/Music125/v4/f9/76/d2/f976d242-4e68-1919-6576-ef4c869c077a/dj.umvqrvup.jpg/400x400bb.jpg
itunes_1532252592,For Broken Ears,Tems,2020,2020s,Hip-Hop / Rap,https://is1-ssl.mzstatic.com/image/thumb/Music125/v4/c6/4d/ed/c64ded15-9cd9-4bd7-a3ea-051178b2427d/195497234301.jpg/400x400bb.jpg
itunes_1445865909,My Beautiful Dark Twisted Fantasy (Deluxe Edition),Kanye West,2010,2010s,Hip-Hop / Rap,https://is1-ssl.mzstatic.com/image/thumb/Music124/v4/37/da/7c/37da7cc5-2b6f-9bb8-30ba-8a8c3be3e16a/00602527584973.rgb.jpg/400x400bb.jpg
itunes_1442989647,Late Nights,Jeremih,2015,2010s,R&B,https://is1-ssl.mzstatic.com/image/thumb/Music116/v4/56/e4/e7/56e4e79f-fba7-e571-5697-edfa7e2f6176/15UMGIM69301.rgb.jpg/400x400bb.jpg
itunes_1600772499,2014 Forest Hills Drive,J. Cole,2014,2010s,Hip-Hop / Rap,https://is1-ssl.mzstatic.com/image/thumb/Music116/v4/ee/28/67/ee286794-6c33-a8c2-5c37-c04f1cb5e8a6/21UM1IM54415.rgb.jpg/400x400bb.jpg
itunes_1440837272,My Life (Bonus Track Version),Mary J. Blige,1994,1990s,R&B,https://is1-ssl.mzstatic.com/image/thumb/Music126/v4/1d/b2/fa/1db2fa7b-236e-ad08-4635-62be9b89e44f/15UMGIM00469.rgb.jpg/400x400bb.jpg
itunes_1276760743,The Miseducation of Lauryn Hill,Lauryn Hill,1998,1990s,Pop,https://is1-ssl.mzstatic.com/image/thumb/Music125/v4/09/6b/55/096b55c4-ee8f-23bd-df8f-0ca0821f3028/886446727189.jpg/400x400bb.jpg
itunes_780519939,Beyoncé (Deluxe),Beyoncé,2013,2010s,Pop,https://is1-ssl.mzstatic.com/image/thumb/Features114/v4/13/27/cf/1327cfb1-ff1c-5b53-d92b-da3b78155e00/dj.ixakzkan.jpg/400x400bb.jpg
itunes_284985709,Ultimate Waylon Jennings,Waylon Jennings,2004,2000s,Country,https://is1-ssl.mzstatic.com/image/thumb/Music125/v4/b6/f7/49/b6f749c6-5d5c-cc69-73ec-4c7f26358a2c/828765726726.jpg/400x400bb.jpg
itunes_278845426,My Way,USHER,1997,1990s,R&B,https://is1-ssl.mzstatic.com/image/thumb/Music115/v4/3f/ff/a3/3fffa34f-4699-a646-c175-c936446fc540/dj.rxuxuefh.jpg/400x400bb.jpg
itunes_1439113008,Ain't Nothin' to It,Cody Johnson,2019,2010s,Country,https://is1-ssl.mzstatic.com/image/thumb/Music114/v4/c1/de/f7/c1def77c-ca13-34ca-6a83-cff6697a9e2a/093624903604.jpg/400x400bb.jpg
itunes_1440742168,Freedom,Akon,2008,2000s,R&B,https://is1-ssl.mzstatic.com/image/thumb/Music122/v4/d7/c3/9e/d7c39e5c-1284-8c22-8ea5-ca259bcfc525/08UMGIM26305.rgb.jpg/400x400bb.jpg
itunes_253356116,Ultimate Alabama: 20 #1 Hits,Alabama,2004,2000s,Country,https://is1-ssl.mzstatic.com/image/thumb/Music124/v4/26/ec/7a/26ec7a12-02d0-ce36-43c7-d4718d05ceba/dj.urkudqpc.jpg/400x400bb.jpg
itunes_1443202876,The Documentary (Edited Version),The Game,2004,2000s,Hip-Hop / Rap,https://is1-ssl.mzstatic.com/image/thumb/Music118/v4/fe/d1/3b/fed13b47-091c-a793-56ad-b2bbc677e92a/00602498641453.rgb.jpg/400x400bb.jpg
itunes_1445837465,Teflon Don (Exclusive Edition),Rick Ross,2010,2010s,Hip-Hop / Rap,https://is1-ssl.mzstatic.com/image/thumb/Music221/v4/dd/39/24/dd392436-5c94-d209-da6c-64e7a9077dd9/10UMGIM17553.rgb.jpg/400x400bb.jpg
itunes_108233171,Donuts,J Dilla,2006,2000s,Hip-Hop / Rap,https://is1-ssl.mzstatic.com/image/thumb/Music115/v4/63/d3/c5/63d3c537-ac30-86e7-8e69-8a03a5346209/792.jpg/400x400bb.jpg
itunes_1437467864,The College Dropout,Kanye West,2004,2000s,Hip-Hop / Rap,https://is1-ssl.mzstatic.com/image/thumb/Music118/v4/15/05/09/15050911-a2f1-9ebc-0d16-6e8faad1cf80/00602567924326.rgb.jpg/400x400bb.jpg
itunes_1588165443,The Don Killuminati: The 7 Day Theory,Makaveli,1996,1990s,Hip-Hop / Rap,https://is1-ssl.mzstatic.com/image/thumb/Music125/v4/1b/3a/55/1b3a55fa-9290-e8f0-a5ac-d83a36f1dccf/21UM1IM16271.rgb.jpg/400x400bb.jpg
itunes_1440763821,Late Registration,Kanye West,2005,2000s,Hip-Hop / Rap,https://is1-ssl.mzstatic.com/image/thumb/Music125/v4/0e/90/3c/0e903c43-9d81-f91b-90f1-727a58f7fb2c/00602498824030.rgb.jpg/400x400bb.jpg
itunes_1440788780,Thank Me Later,Drake,2010,2010s,Hip-Hop / Rap,https://is1-ssl.mzstatic.com/image/thumb/Music124/v4/65/d3/f6/65d3f6e2-25d5-5890-afe5-526e7cb993ff/00602527458038.rgb.jpg/400x400bb.jpg
itunes_1443788675,Be,Common,2005,2000s,Hip-Hop / Rap,https://is1-ssl.mzstatic.com/image/thumb/Music128/v4/ff/a0/8f/ffa08f3e-ba4c-63e4-941c-690bb97873aa/00602498818947.rgb.jpg/400x400bb.jpg
itunes_1440778709,Port of Miami,Rick Ross,2006,2000s,Hip-Hop / Rap,https://is1-ssl.mzstatic.com/image/thumb/Music221/v4/b5/1e/4f/b51e4fea-5f53-67ad-f3fb-f53b026e42a6/06UMGIM19332.rgb.jpg/400x400bb.jpg
itunes_1443190317,Souljaboytellem.com,Soulja Boy Tell 'Em,2007,2000s,Hip-Hop / Rap,https://is1-ssl.mzstatic.com/image/thumb/Music211/v4/ec/4e/2f/ec4e2f2a-d74c-8d6d-3ec1-b8fe83eb8053/07UMGIM13400.rgb.jpg/400x400bb.jpg
itunes_724971392,Solid Gold Hits,Beastie Boys,2005,2000s,Hip-Hop / Rap,https://is1-ssl.mzstatic.com/image/thumb/Music124/v4/39/af/7c/39af7ceb-b3ad-9ce1-e29b-ffe77f549a65/00094634627153.rgb.jpg/400x400bb.jpg
itunes_1440841577,Paid In Full,Eric B. & Rakim,1987,1980s,Hip-Hop / Rap,https://is1-ssl.mzstatic.com/image/thumb/Music115/v4/13/11/10/13111001-0c28-9fd7-9d50-194e72e23f53/00602547742254.rgb.jpg/400x400bb.jpg
itunes_1442816114,Trilla (Bonus Track Version),Rick Ross,2008,2000s,Hip-Hop / Rap,https://is1-ssl.mzstatic.com/image/thumb/Music112/v4/59/00/62/59006206-86c5-749c-cadc-da86bd2f53d9/08UMGIM02894.rgb.jpg/400x400bb.jpg
itunes_1239552725,Golden Age Hip Hop,Various Artists,2017,2010s,Hip-Hop / Rap,https://is1-ssl.mzstatic.com/image/thumb/Music19/v4/e2/c0/6e/e2c06eac-8c1d-29e0-e6a1-50cfc0e2f64e/5060189087204.png/400x400bb.jpg
itunes_272876682,Funky Beat: The Best of Whodini,Whodini,2006,2000s,Hip-Hop / Rap,https://is1-ssl.mzstatic.com/image/thumb/Music124/v4/42/58/cf/4258cfcd-ad41-a255-3bf7-d1cb78f0d1bd/mzi.clvrmhfu.jpg/400x400bb.jpg
itunes_1434901425,It's Dark and Hell Is Hot,DMX,1998,1990s,Hip-Hop / Rap,https://is1-ssl.mzstatic.com/image/thumb/Music116/v4/13/34/46/13344685-5091-63b1-a1e1-d4eedd80867d/14UMGIM37102.rgb.jpg/400x400bb.jpg
itunes_1453336206,So Far Gone,Drake,2019,2010s,Hip-Hop / Rap,https://is1-ssl.mzstatic.com/image/thumb/Music114/v4/50/7f/3b/507f3b71-c606-5a59-06ee-22be3e1e6ca5/00602577542602.rgb.jpg/400x400bb.jpg
itunes_1452858649,The Truth,Beanie Sigel,2000,2000s,Hip-Hop / Rap,https://is1-ssl.mzstatic.com/image/thumb/Music123/v4/5b/35/04/5b35045c-1479-0f25-3894-1573b773dc85/06UMGIM21172.rgb.jpg/400x400bb.jpg
itunes_1440933859,The Blueprint,JAŸ-Z,2001,2000s,Hip-Hop / Rap,https://is1-ssl.mzstatic.com/image/thumb/Music124/v4/19/c0/e3/19c0e3b6-4c2f-17ee-2a4a-6e2208de8aa6/00857366006951.rgb.jpg/400x400bb.jpg
itunes_1444083055,Juve the Great,Juvenile,2003,2000s,Hip-Hop / Rap,https://is1-ssl.mzstatic.com/image/thumb/Music118/v4/87/84/d8/8784d852-eba4-c9e5-15dd-1322ff52ac7b/00602498613764.rgb.jpg/400x400bb.jpg
itunes_1440798360,Don't Sweat the Technique,Eric B. & Rakim,1992,1990s,Hip-Hop / Rap,https://is1-ssl.mzstatic.com/image/thumb/Music115/v4/28/7a/39/287a394b-b8c1-df54-7041-52a41c0cc094/00008811059422.rgb.jpg/400x400bb.jpg
itunes_1440801719,The 18th Letter,Rakim,1997,1990s,Hip-Hop / Rap,https://is1-ssl.mzstatic.com/image/thumb/Music114/v4/da/37/e7/da37e78e-5c22-700f-2f6a-2b2d6af84a2e/06UMGIM01880.rgb.jpg/400x400bb.jpg
itunes_169715139,"4, 5, 6",Kool G Rap,1995,1990s,Hip-Hop / Rap,https://is1-ssl.mzstatic.com/image/thumb/Features124/v4/97/35/c0/9735c035-4fd5-70d4-42fa-abaef7873c4e/dj.bjlwqkxx.jpg/400x400bb.jpg
itunes_204669415,Ready To Die the Remaster,The Notorious B.I.G.,1994,1990s,Hip-Hop / Rap,https://is1-ssl.mzstatic.com/image/thumb/Music221/v4/f8/6a/3d/f86a3db0-d518-cd49-c0c9-25e767ae0a6d/075679456861.jpg/400x400bb.jpg
itunes_1440932009,The Blueprint 3,JAŸ-Z,2009,2000s,Hip-Hop / Rap,https://is1-ssl.mzstatic.com/image/thumb/Music118/v4/e6/20/cf/e620cfeb-eb74-4ef1-00c1-fd38aac6c3d7/00858786005470.rgb.jpg/400x400bb.jpg
itunes_1443627671,From Nothin' to Somethin' (Bonus Track Version),Fabolous,2007,2000s,Hip-Hop / Rap,https://is1-ssl.mzstatic.com/image/thumb/Music112/v4/1f/0b/cb/1f0bcbd1-63a2-5fc9-8fab-0f2962368705/07UMGIM08390.rgb.jpg/400x400bb.jpg
itunes_1440632265,The Black Album,JAŸ-Z,2003,2000s,Hip-Hop / Rap,https://is1-ssl.mzstatic.com/image/thumb/Music118/v4/37/52/4a/37524afd-9ebf-2ff7-086c-845bd199aaa6/00602498611197.rgb.jpg/400x400bb.jpg
itunes_715906160,"3 Years, 5 Months and 2 Days In the Life Of...",Arrested Development,1992,1990s,Hip-Hop / Rap,https://is1-ssl.mzstatic.com/image/thumb/Music124/v4/10/08/32/1008321b-2add-f6cd-c62a-d2f4f680ddf6/05099907076251.rgb.jpg/400x400bb.jpg
itunes_1308723669,Classic Nuts Vol. 1,The Beatnuts,2002,2000s,Pop,https://is1-ssl.mzstatic.com/image/thumb/Music221/v4/e8/28/5f/e8285f7f-857d-d713-7d01-11a4cb730519/088561912925.jpg/400x400bb.jpg
itunes_298566410,ATLiens,Outkast,1996,1990s,Hip-Hop / Rap,https://is1-ssl.mzstatic.com/image/thumb/Music114/v4/fb/1a/a0/fb1aa0c5-9f37-0a77-4044-9b1bd165660e/730082603225.jpg/400x400bb.jpg
itunes_724647474,Greatest Hits,MC Hammer,1996,1990s,Hip-Hop / Rap,https://is1-ssl.mzstatic.com/image/thumb/Music122/v4/0c/a5/7c/0ca57c94-601d-f973-eb79-3941573aac7c/13UABIM74018.rgb.jpg/400x400bb.jpg
itunes_1587303439,Golden Age Hip Hop,David John Walker,2020,2020s,Hip-Hop / Rap,https://is1-ssl.mzstatic.com/image/thumb/Music125/v4/97/24/b6/9724b6ef-49f0-cdfc-8f3e-357e51c67e61/192641683275_Cover.jpg/400x400bb.jpg
itunes_1452862762,The Fix,Scarface,2002,2000s,Hip-Hop / Rap,https://is1-ssl.mzstatic.com/image/thumb/Music126/v4/9b/5e/19/9b5e191b-9dc1-9d91-7abc-200c1063b708/06UMGIM24084.rgb.jpg/400x400bb.jpg
itunes_1440747053,Follow the Leader (Expanded Edition),Eric B. & Rakim,1988,1980s,Hip-Hop / Rap,https://is1-ssl.mzstatic.com/image/thumb/Music125/v4/64/3c/e1/643ce1e4-bf7f-74ee-fc1a-850540889059/00602498804230.rgb.jpg/400x400bb.jpg
itunes_1443918957,Tha Carter II,Lil Wayne,2005,2000s,Hip-Hop / Rap,https://is1-ssl.mzstatic.com/image/thumb/Music116/v4/6e/03/50/6e035083-632f-6978-858e-5e62af8b9426/06UMGIM17277.rgb.jpg/400x400bb.jpg
itunes_1443716647,"The Best of 2Pac, Pt. 2: Life",2Pac,2007,2000s,Hip-Hop / Rap,https://is1-ssl.mzstatic.com/image/thumb/Music124/v4/e8/af/78/e8af7802-7d95-e418-60fb-96ab15312384/00602547283474.rgb.jpg/400x400bb.jpg
itunes_1443465778,"To the East, Blackwards",X-Clan,1990,1990s,Hip-Hop / Rap,https://is1-ssl.mzstatic.com/image/thumb/Music115/v4/73/a0/b3/73a0b306-da7b-4028-3456-c157e35a8291/00016244401923.rgb.jpg/400x400bb.jpg
itunes_376268300,Mr. Hood,KMD,1991,1990s,Hip-Hop / Rap,https://is1-ssl.mzstatic.com/image/thumb/Music124/v4/d3/0a/db/d30adbd4-01c9-3210-9cc6-638676ec9951/mzi.oretbsrp.jpg/400x400bb.jpg
itunes_251085283,Tougher Than Leather (Expanded Edition),Run-DMC,1988,1980s,Hip-Hop / Rap,https://is1-ssl.mzstatic.com/image/thumb/Music211/v4/d2/2f/33/d22f33bc-55e6-182c-182e-d0b609d8174e/828766955927.jpg/400x400bb.jpg
itunes_193866697,Livin' Like Hustlers,Above the Law,1990,1990s,Hip-Hop / Rap,https://is1-ssl.mzstatic.com/image/thumb/Music/14/4f/27/mzi.okffjsem.jpg/400x400bb.jpg
itunes_1442869923,Big Tyme,Heavy D & The Boyz,1989,1980s,Hip-Hop / Rap,https://is1-ssl.mzstatic.com/image/thumb/Music128/v4/03/e8/9f/03e89f25-9c00-8008-aa78-ab70fa09a8c0/00076742230227.rgb.jpg/400x400bb.jpg
itunes_170146852,Totally Krossed Out,Kris Kross,1992,1990s,Hip-Hop / Rap,https://is1-ssl.mzstatic.com/image/thumb/Music125/v4/ea/03/30/ea033079-3254-3a3c-e2a6-504b30095ca6/dj.wutawrld.jpg/400x400bb.jpg
itunes_1444143367,We Are the Streets,The LOX,2000,2000s,Hip-Hop / Rap,https://is1-ssl.mzstatic.com/image/thumb/Music128/v4/50/85/bb/5085bb2c-779f-8f92-7df3-224dc872375f/00606949060220.rgb.jpg/400x400bb.jpg
itunes_1442786366,The Tipping Point,The Roots,2004,2000s,Hip-Hop / Rap,https://is1-ssl.mzstatic.com/image/thumb/Music128/v4/f2/61/e8/f261e8de-8536-2d6b-bfa3-84f81ee4fd42/00075021017788.rgb.jpg/400x400bb.jpg
itunes_193017131,Supreme Clientele,Ghostface Killah,2000,2000s,R&B,https://is1-ssl.mzstatic.com/image/thumb/Music/1b/fa/2a/mzi.kylfgjuv.jpg/400x400bb.jpg
itunes_306676844,"He's the DJ, I'm the Rapper",DJ Jazzy Jeff & The Fresh Prince,1988,1980s,Hip-Hop / Rap,https://is1-ssl.mzstatic.com/image/thumb/Music114/v4/43/3e/07/433e0757-a3ab-4bbf-1e41-73e37e9fbec2/mzi.txqhprue.jpg/400x400bb.jpg
itunes_1196876429,Escape (Expanded Edition),Whodini,1984,1980s,Electronic,https://is1-ssl.mzstatic.com/image/thumb/Music114/v4/6b/ef/e2/6befe2fa-4bce-40ec-f1e4-af99da623737/886446325491.jpg/400x400bb.jpg
itunes_1523959830,No Pressure,Logic,2020,2020s,Hip-Hop / Rap,https://is1-ssl.mzstatic.com/image/thumb/Music114/v4/93/4c/ae/934cae30-61cc-bea7-4ed2-39e93bbf5903/20UMGIM60768.rgb.jpg/400x400bb.jpg
itunes_1373860689,KOD,J. Cole,2018,2010s,Hip-Hop / Rap,https://is1-ssl.mzstatic.com/image/thumb/Music122/v4/7a/8e/9d/7a8e9dcb-128c-aeaa-540d-eea733637695/18UMGIM22943.rgb.jpg/400x400bb.jpg
itunes_1484936940,JESUS IS KING,Kanye West,2019,2010s,Hip-Hop / Rap,https://is1-ssl.mzstatic.com/image/thumb/Music113/v4/21/fd/d3/21fdd3d4-0c00-53ef-3903-d0569c49a812/19UMGIM89397.rgb.jpg/400x400bb.jpg
itunes_1440891750,More Life,Drake,2017,2010s,Hip-Hop / Rap,https://is1-ssl.mzstatic.com/image/thumb/Music124/v4/18/9d/b8/189db80b-bfa8-89d1-1514-5fcb7e5cf8f4/00602557611526.rgb.jpg/400x400bb.jpg
itunes_1587795158,Donda,Kanye West,2021,2020s,Hip-Hop / Rap,https://is1-ssl.mzstatic.com/image/thumb/Music125/v4/62/13/7b/62137b3f-7722-59f5-2ee1-b5aff9426869/21UMGIM64738.rgb.jpg/400x400bb.jpg
itunes_1574563002,Pray 4 Love,Rod Wave,2020,2020s,Hip-Hop / Rap,https://is1-ssl.mzstatic.com/image/thumb/Music125/v4/ed/49/f1/ed49f111-5ce1-e1ff-bd49-171d020a9f8c/808391082250.jpg/400x400bb.jpg
itunes_1711426189,A Love Letter To You 4,Trippie Redd,2019,2010s,Hip-Hop / Rap,https://is1-ssl.mzstatic.com/image/thumb/Music116/v4/6e/50/7a/6e507a67-8548-b7ff-af8f-2d2329cabba7/842812121708.jpg/400x400bb.jpg
itunes_1440848548,What a Time To Be Alive,Drake & Future,2015,2010s,Hip-Hop / Rap,https://is1-ssl.mzstatic.com/image/thumb/Music118/v4/d3/74/1d/d3741d09-5c9a-461b-aba3-fa345d306d5a/00602547616678.rgb.jpg/400x400bb.jpg
itunes_1440848910,Perception,NF,2017,2010s,Hip-Hop / Rap,https://is1-ssl.mzstatic.com/image/thumb/Music126/v4/6e/96/04/6e9604a8-3270-f86e-0c47-0127141545c3/17UM1IM17084.rgb.jpg/400x400bb.jpg
itunes_1574578277,Signed to the Streets 3,Lil Durk,2018,2010s,Hip-Hop / Rap,https://is1-ssl.mzstatic.com/image/thumb/Music125/v4/81/a3/20/81a320a0-06b3-911e-5f6e-110636a04177/602577023613.jpg/400x400bb.jpg
itunes_1440882010,Pretty Girls Like Trap Music,2 Chainz,2017,2010s,Hip-Hop / Rap,https://is1-ssl.mzstatic.com/image/thumb/Music126/v4/2e/38/e0/2e38e0bc-de70-2ae3-e630-dbf10534314c/17UM1IM02191.rgb.jpg/400x400bb.jpg
itunes_1294890052,H.E.R.,H.E.R.,2017,2010s,R&B,https://is1-ssl.mzstatic.com/image/thumb/Music115/v4/27/40/34/274034b3-42d9-ba59-b22c-dc4f57672ee0/886446799513.jpg/400x400bb.jpg
itunes_1598974562,R&B? - EP,Tierra Whack,2021,2020s,R&B,https://is1-ssl.mzstatic.com/image/thumb/Music116/v4/88/4a/2f/884a2f6f-d91b-90e0-63dc-bcbc138f875d/21UM1IM44081.rgb.jpg/400x400bb.jpg
itunes_6808726103,RnB Relaxing Vol 2,Casanova,2026,2020s,R&B,https://is1-ssl.mzstatic.com/image/thumb/Music211/v4/49/e9/25/49e92561-1913-e9d4-1dc4-0f2a829229d7/1346239.jpg/400x400bb.jpg
itunes_6808731795,RnB Relaxing Vol. 1,Casanova,2026,2020s,R&B,https://is1-ssl.mzstatic.com/image/thumb/Music221/v4/09/c6/fa/09c6fa3c-77f3-fbb9-8287-806c42178e52/1346702.jpg/400x400bb.jpg
itunes_6812784725,Back To Front,Lionel Richie,1992,1990s,R&B,https://is1-ssl.mzstatic.com/image/thumb/Music211/v4/ef/97/0a/ef970a96-9799-7e1e-5672-ed0100ebd34e/06UMGIM05205.rgb.jpg/400x400bb.jpg
itunes_294584688,Soul,Seal,2008,2000s,Pop,https://is1-ssl.mzstatic.com/image/thumb/Music/de/7e/96/mzi.cddrzhgr.jpg/400x400bb.jpg
itunes_1440858094,Beauty Behind the Madness,The Weeknd,2015,2010s,R&B,https://is1-ssl.mzstatic.com/image/thumb/Music124/v4/30/05/1e/30051e57-a63a-3acc-4b30-42568293f5f7/15UMGIM36514.rgb.jpg/400x400bb.jpg
itunes_1627365840,Give Or Take,GIVĒON,2022,2020s,R&B,https://is1-ssl.mzstatic.com/image/thumb/Music221/v4/9a/15/77/9a157761-5d28-9737-1772-56dc04127f15/886449310944.jpg/400x400bb.jpg
itunes_1496639180,Changes,Justin Bieber,2020,2020s,Pop,https://is1-ssl.mzstatic.com/image/thumb/Music115/v4/d2/21/4e/d2214ea9-97ff-46ef-ac45-7fca6fb73839/20UMGIM03126.rgb.jpg/400x400bb.jpg
itunes_1724896193,BALLADS 1,Joji,2018,2010s,R&B,https://is1-ssl.mzstatic.com/image/thumb/Music126/v4/7b/63/fd/7b63fdf0-31a7-ed7c-0449-ca3df4aec9dc/190296925382.jpg/400x400bb.jpg
itunes_1456179762,Rodeo,Travis Scott,2015,2010s,Hip-Hop / Rap,https://is1-ssl.mzstatic.com/image/thumb/Music221/v4/6d/fb/f1/6dfbf17d-4032-f585-35ad-f3f9b6859cd9/886445460421.jpg/400x400bb.jpg
itunes_159292399,The Essential Michael Jackson,Michael Jackson,2005,2000s,Pop,https://is1-ssl.mzstatic.com/image/thumb/Music125/v4/3d/9d/38/3d9d3811-71f0-3a0e-1ada-3004e56ff852/827969428726.jpg/400x400bb.jpg
itunes_6808340496,RnB,Casanova,2026,2020s,R&B,https://is1-ssl.mzstatic.com/image/thumb/Music211/v4/e6/eb/b0/e6ebb0b0-c040-d1d0-5ad9-e30470360e54/1343609.jpg/400x400bb.jpg
itunes_1440863506,La La Land (Original Motion Picture Soundtrack),"Justin Hurwitz, Benj Pasek, Justin Noble Paul, Emma Stone & Ryan Gosling",2016,2010s,Soundtracks,https://is1-ssl.mzstatic.com/image/thumb/Music114/v4/bb/47/a3/bb47a36e-57b8-9260-f9a4-d09851145c45/00602557100556.rgb.jpg/400x400bb.jpg
itunes_1445101949,Championships,Meek Mill,2018,2010s,Hip-Hop / Rap,https://is1-ssl.mzstatic.com/image/thumb/Music114/v4/f0/ba/cb/f0bacb31-0194-83c1-a97c-90b5b5639f75/075679862464.jpg/400x400bb.jpg
itunes_1636748658,Mr. Money With The Vibe,Asake,2022,2020s,R&B,https://is1-ssl.mzstatic.com/image/thumb/Music122/v4/5e/4f/66/5e4f6644-a234-d037-609d-7ed53fd6c7f9/194690909856_cover.jpg/400x400bb.jpg
itunes_1440863347,Sing (Original Motion Picture Soundtrack Deluxe),Various Artists,2016,2010s,Soundtracks,https://is1-ssl.mzstatic.com/image/thumb/Music112/v4/06/2c/4e/062c4e81-63c1-4b85-64b8-577e3ebb73b5/16UMGIM78821.rgb.jpg/400x400bb.jpg
itunes_254938506,Age Ain't Nothing But a Number (Deluxe),Aaliyah,1994,1990s,R&B,https://is1-ssl.mzstatic.com/image/thumb/Music125/v4/5c/1d/bd/5c1dbd6c-bf61-2227-a729-087f6d4a9781/mzm.gpezsfcq.jpg/400x400bb.jpg
itunes_266799911,It's About Time,SWV,1992,1990s,R&B,https://is1-ssl.mzstatic.com/image/thumb/Music125/v4/f3/36/83/f33683c6-fb4e-326d-9bc6-2b25e146553c/078636607429.jpg/400x400bb.jpg
itunes_1752793935,HARDSTONE PSYCHO,Don Toliver,2024,2020s,Hip-Hop / Rap,https://is1-ssl.mzstatic.com/image/thumb/Music211/v4/44/de/bf/44debf50-b8c0-85b7-0ac9-1f5acfc3e138/075679660763.jpg/400x400bb.jpg
itunes_696884422,Homework,Daft Punk,1997,1990s,Electronic,https://is1-ssl.mzstatic.com/image/thumb/Features115/v4/34/8d/c7/348dc71c-d75e-9baf-671a-994e9e74b018/dj.pimdxdmf.jpg/400x400bb.jpg
itunes_190652453,Never Too Much,Luther Vandross,1981,1980s,R&B,https://is1-ssl.mzstatic.com/image/thumb/Music115/v4/81/41/87/81418780-b371-faa6-a3b5-5073be62a6ae/mzi.mskephqn.jpg/400x400bb.jpg
itunes_1440651289,Heart Break,New Edition,1988,1980s,R&B,https://is1-ssl.mzstatic.com/image/thumb/Music126/v4/0c/c1/be/0cc1beb9-be76-8de3-9f77-2b47da565e70/06UMGIM02085.rgb.jpg/400x400bb.jpg
itunes_1780459822,Morayo,Wizkid,2024,2020s,R&B,https://is1-ssl.mzstatic.com/image/thumb/Music221/v4/ad/12/b9/ad12b9d8-e896-5e36-6ef9-cec448a586e0/196872578911.jpg/400x400bb.jpg
itunes_1440921030,Aijuswanaseing,Musiq Soulchild,2000,2000s,R&B,https://is1-ssl.mzstatic.com/image/thumb/Music112/v4/fe/43/32/fe433231-b094-83d7-63e4-0507e8b11b5e/06UMGIM08895.rgb.jpg/400x400bb.jpg
itunes_255947578,Born Into the 90's,R. Kelly & Public Announcement,1992,1990s,R&B,https://is1-ssl.mzstatic.com/image/thumb/Music114/v4/41/3c/88/413c88b1-fd00-621b-1c5d-c95a60a765ac/mzm.jjmafcqr.jpg/400x400bb.jpg
itunes_1815356726,BELOVED,GIVĒON,2025,2020s,R&B,https://is1-ssl.mzstatic.com/image/thumb/Music221/v4/47/03/4c/47034c71-831b-61a2-8cc2-502f927834bd/196873057620.jpg/400x400bb.jpg
itunes_328207083,Ready,Trey Songz,2009,2000s,R&B,https://is1-ssl.mzstatic.com/image/thumb/Music123/v4/8e/9a/68/8e9a68f3-04a4-d1f6-67d5-da8fd771163d/075679981158.jpg/400x400bb.jpg
itunes_982629045,Urban Flora,Alina Baraz & Galimatias,2015,2010s,Electronic,https://is1-ssl.mzstatic.com/image/thumb/Music124/v4/70/03/af/7003af31-bfca-ee48-07e7-13dd7301a383/0617465613456.jpg/400x400bb.jpg
itunes_1440734472,The Way It Is,Keyshia Cole,2005,2000s,R&B,https://is1-ssl.mzstatic.com/image/thumb/Music221/v4/a1/c6/56/a1c6569f-7674-8105-2bde-273308cfd436/06UMGIM19174.rgb.jpg/400x400bb.jpg
itunes_267929798,The Preacher's Wife (Original Soundtrack Album),Whitney Houston,1996,1990s,Soundtracks,https://is1-ssl.mzstatic.com/image/thumb/Music3/v4/8f/85/52/8f855211-9c56-fa9c-9390-db230a0795d0/dj.wopgiikh.jpg/400x400bb.jpg
itunes_1440806790,Innervisions,Stevie Wonder,1973,1970s,Soul,https://is1-ssl.mzstatic.com/image/thumb/Music115/v4/ff/c2/5f/ffc25f04-cb3b-b56e-dd28-8b77ae63e613/00602537070824.rgb.jpg/400x400bb.jpg
itunes_933578756,30 Greatest Hits,Aretha Franklin,1985,1980s,R&B,https://is1-ssl.mzstatic.com/image/thumb/Music115/v4/7b/60/02/7b6002d3-9b40-9852-4186-02cbe3cdb32d/603497895960.jpg/400x400bb.jpg
itunes_158520986,Love Songs,The Isley Brothers,2001,2000s,R&B,https://is1-ssl.mzstatic.com/image/thumb/Music115/v4/f2/74/d6/f274d6ce-d965-6285-76aa-699dccc7fc37/mzi.tsqmlkaz.jpg/400x400bb.jpg
itunes_265816081,Ultimate Santana,Santana,2007,2000s,Rock,https://is1-ssl.mzstatic.com/image/thumb/Music112/v4/5d/cc/48/5dcc4850-35e3-239a-3fde-dbade47cddfe/886970629324.jpg/400x400bb.jpg
itunes_1469584155,20 All-Time Greatest Hits!,James Brown,1991,1990s,R&B,https://is1-ssl.mzstatic.com/image/thumb/Music126/v4/8a/76/04/8a760498-ce95-c1f3-4bff-958362821728/14UMGIM28794.rgb.jpg/400x400bb.jpg
itunes_1446744832,Unapologetic (Deluxe Version),Rihanna,2012,2010s,Pop,https://is1-ssl.mzstatic.com/image/thumb/Music116/v4/ef/3e/8a/ef3e8aaa-18b7-3ae3-8020-f5fc384b0bf2/12UMGIM59889.rgb.jpg/400x400bb.jpg
itunes_1440902716,MEMORIES DON'T DIE,Tory Lanez,2017,2010s,Hip-Hop / Rap,https://is1-ssl.mzstatic.com/image/thumb/Music112/v4/a1/d4/9f/a1d49f32-db5d-4250-6034-f4ac9840ac54/18UMGIM04843.rgb.jpg/400x400bb.jpg
itunes_1425233908,Motown - The Very Best of the 60'S,Various Artists,1996,1990s,Soul,https://is1-ssl.mzstatic.com/image/thumb/Music112/v4/84/71/7d/84717d6d-5bd7-6207-1d9a-b9660ddc3792/06UMGIM66790.rgb.jpg/400x400bb.jpg
itunes_1440750966,Motown - A Journey Through Hitsville USA,Boyz II Men,2007,2000s,Soul,https://is1-ssl.mzstatic.com/image/thumb/Music124/v4/ff/7b/03/ff7b03f8-b9b8-55be-9bb2-d06488280109/00602517529922.rgb.jpg/400x400bb.jpg
itunes_1440912101,The Ultimate Collection,Jackson 5,1995,1990s,Soul,https://is1-ssl.mzstatic.com/image/thumb/Music211/v4/74/00/cd/7400cdf5-08e3-afb7-f95d-6be9ebd9149a/06UMGIM01808.rgb.jpg/400x400bb.jpg
itunes_1538081586,What's Going On,Marvin Gaye,1971,1970s,Soul,https://is1-ssl.mzstatic.com/image/thumb/Music112/v4/76/36/2d/76362d74-cb7a-8ef9-104e-cde1d858e9a9/20UMGIM95279.rgb.jpg/400x400bb.jpg
itunes_1440779077,Motown,Michael McDonald,2003,2000s,Soul,https://is1-ssl.mzstatic.com/image/thumb/Music128/v4/2f/d2/04/2fd2047b-a385-7884-362c-6d7f2544e322/00602498011331.rgb.jpg/400x400bb.jpg
itunes_1440788438,Songs in the Key of Life,Stevie Wonder,1976,1970s,Soul,https://is1-ssl.mzstatic.com/image/thumb/Music118/v4/eb/1f/12/eb1f12ec-474c-63aa-43af-09282f423b9d/00602537004737.rgb.jpg/400x400bb.jpg
itunes_1440776000,20th Century Masters - The Millennium Collection: The Best of Smokey Robinson & The Miracles,Smokey Robinson & The Miracles,1999,1990s,Soul,https://is1-ssl.mzstatic.com/image/thumb/Music221/v4/9d/c7/e0/9dc7e09b-5d99-57fc-5945-a1a398d831dd/06UMGIM02331.rgb.jpg/400x400bb.jpg
itunes_1442835298,Let's Get It On (Remastered 2003),Marvin Gaye,1973,1970s,Soul,https://is1-ssl.mzstatic.com/image/thumb/Music116/v4/dc/fa/3a/dcfa3a34-a2eb-8144-7fda-b978b7afbe19/06UMGIM11335.rgb.jpg/400x400bb.jpg
itunes_192484382,Triumph,The Jacksons,1980,1980s,Soul,https://is1-ssl.mzstatic.com/image/thumb/Music20/v4/24/89/0f/24890f4b-2948-3730-c5e5-d26347064e4c/dj.xaynkspd.jpg/400x400bb.jpg
itunes_1440739742,Diana Ross & The Supremes: The No. 1's,Diana Ross & The Supremes,2003,2000s,Soul,https://is1-ssl.mzstatic.com/image/thumb/Music122/v4/e0/45/42/e04542ac-f078-2f00-5395-80f1b7cae5dc/07UMGIM04751.rgb.jpg/400x400bb.jpg
itunes_1444967320,Number 1's,Stevie Wonder,2007,2000s,Soul,https://is1-ssl.mzstatic.com/image/thumb/Music128/v4/0a/c6/b4/0ac6b4f3-a86f-ba5e-bbfd-61c61f6a33b0/00602577177392.rgb.jpg/400x400bb.jpg
itunes_1425234295,A Motown Christmas,Various Artists,1973,1970s,Soul,https://is1-ssl.mzstatic.com/image/thumb/Music112/v4/1a/fb/1f/1afb1f34-62f8-42f3-7289-98b83236d1ff/06UMGIM06187.rgb.jpg/400x400bb.jpg
itunes_1440808973,Talking Book,Stevie Wonder,1972,1970s,Soul,https://is1-ssl.mzstatic.com/image/thumb/Music114/v4/62/61/61/626161c0-f4d7-e6ff-8586-768340ef278f/00602537002382.rgb.jpg/400x400bb.jpg
itunes_1442730252,Gold,The Temptations,2005,2000s,Soul,https://is1-ssl.mzstatic.com/image/thumb/Music124/v4/90/f4/6e/90f46e35-2dc0-649b-a52b-995d06f39a36/06UMGIM15675.rgb.jpg/400x400bb.jpg
itunes_1445082401,The Definitive Collection,The Temptations,2008,2000s,Soul,https://is1-ssl.mzstatic.com/image/thumb/Music124/v4/90/10/ec/9010eccf-abce-ae23-5d37-c8610dd63d4b/08UMGIM16458.rgb.jpg/400x400bb.jpg
itunes_1440862973,Give Love At Christmas,The Temptations,1980,1980s,Soul,https://is1-ssl.mzstatic.com/image/thumb/Music112/v4/d2/6c/61/d26c61db-b9b1-0d5e-fc6d-bef989e4c9d6/13UAEIM14951.rgb.jpg/400x400bb.jpg
itunes_1464880940,Motown: The Complete No. 1's,Various Artists,2008,2000s,Soul,https://is1-ssl.mzstatic.com/image/thumb/Music115/v4/6f/8e/50/6f8e5094-44f0-14e9-d966-647acdf64240/08UMGIM28303.rgb.jpg/400x400bb.jpg
itunes_1440930057,Essential Collection: Four Tops,Four Tops,2000,2000s,Soul,https://is1-ssl.mzstatic.com/image/thumb/Music126/v4/f9/b7/7a/f9b77a94-b3c1-7d12-34f8-8135a26f0d66/06UMGIM12280.rgb.jpg/400x400bb.jpg
itunes_1440739627,Fulfillingness' First Finale,Stevie Wonder,1974,1970s,Soul,https://is1-ssl.mzstatic.com/image/thumb/Music221/v4/92/94/ee/9294ee8f-99f1-bb79-b4d9-981412135dc0/12UMGIM10701.rgb.jpg/400x400bb.jpg
itunes_1440850217,"Here, My Dear",Marvin Gaye,1978,1970s,Soul,https://is1-ssl.mzstatic.com/image/thumb/Music114/v4/bc/ae/e3/bcaee340-68a6-2eba-16c0-be55f78c1ba0/00602547135636.rgb.jpg/400x400bb.jpg
itunes_336643808,Michael Jackson's This Is It (The Music That Inspired the Movie),Michael Jackson,2009,2000s,Soul,https://is1-ssl.mzstatic.com/image/thumb/Features125/v4/2a/82/a5/2a82a59b-6e79-7c39-761a-c1d3b82e93cb/dj.dzbxcmnk.jpg/400x400bb.jpg
itunes_594180316,Chopin: Nocturnes,Arthur Rubinstein,1967,1960s,Soul,https://is1-ssl.mzstatic.com/image/thumb/Features125/v4/fa/f7/54/faf7540e-3346-b548-55d8-8617ce707554/dj.hbpmuqwc.jpg/400x400bb.jpg
itunes_1440757544,Original Musiquarium,Stevie Wonder,1982,1980s,Soul,https://is1-ssl.mzstatic.com/image/thumb/Music125/v4/b6/0e/7d/b60e7db1-67cf-4491-9550-d266fdd1104d/00602537002290.rgb.jpg/400x400bb.jpg
itunes_1440858437,Music of My Mind,Stevie Wonder,1972,1970s,Soul,https://is1-ssl.mzstatic.com/image/thumb/Music128/v4/c6/a9/05/c6a9050c-338f-cd45-6d1e-75d9b2e1e85a/00602537672905.rgb.jpg/400x400bb.jpg
itunes_1442259586,Got to Be There (2013 Remaster),Michael Jackson,1972,1970s,Soul,https://is1-ssl.mzstatic.com/image/thumb/Music124/v4/6c/3c/86/6c3c860b-0e0a-f016-1adc-44d8e3ff0144/00602537386796.rgb.jpg/400x400bb.jpg
itunes_1500510484,"Dedicated to the Ones I Love, Vol. 1 - EP",Trish Toledo,2017,2010s,Soul,https://is1-ssl.mzstatic.com/image/thumb/Music124/v4/32/7c/1a/327c1a58-043a-e112-f891-980000918700/195081079417.jpg/400x400bb.jpg
itunes_1423349269,"20th Century Masters - The Millennium Collection: The Best of The Temptations, Vol. 1 (The '60s)",The Temptations,1999,1990s,Soul,https://is1-ssl.mzstatic.com/image/thumb/Music113/v4/1f/fd/85/1ffd85fa-16d0-f645-afb6-c6597ee9cff0/06UMGIM04922.rgb.jpg/400x400bb.jpg
itunes_1426017031,Every Great Motown Hit of Marvin Gaye,Marvin Gaye,1983,1980s,Soul,https://is1-ssl.mzstatic.com/image/thumb/Music112/v4/ad/af/d8/adafd8e3-a9d0-3e7d-beb3-4965db160183/06UMGIM01811.rgb.jpg/400x400bb.jpg
itunes_1441593006,Motown,Soul Family,2018,2010s,Soul,https://is1-ssl.mzstatic.com/image/thumb/Music118/v4/8b/37/00/8b37007f-0836-5a04-d3b1-2e463f2754c8/0710535595789_cover.jpg/400x400bb.jpg
itunes_1797410375,20th Century Masters: The Millennium Collection: Best Of Mary Wells,Mary Wells,1999,1990s,Soul,https://is1-ssl.mzstatic.com/image/thumb/Music211/v4/62/5a/89/625a8918-9039-5d26-3b39-dd8767b7f082/25UMGIM33316.rgb.jpg/400x400bb.jpg
itunes_1440923839,The Ultimate Collection: Martha Reeves & The Vandellas,Martha Reeves & The Vandellas,1998,1990s,Soul,https://is1-ssl.mzstatic.com/image/thumb/Music124/v4/de/0b/98/de0b9835-3873-0804-7e74-6e528e761ff2/06UMGIM15744.rgb.jpg/400x400bb.jpg
itunes_1444217994,The Ultimate Collection: David Ruffin,David Ruffin,1998,1990s,Soul,https://is1-ssl.mzstatic.com/image/thumb/Music114/v4/50/2a/02/502a0247-4977-d056-19c9-8f80b5a83a6d/06UMGIM07475.rgb.jpg/400x400bb.jpg
itunes_1440635644,Back At One,Brian McKnight,1999,1990s,Soul,https://is1-ssl.mzstatic.com/image/thumb/Music116/v4/da/d3/e5/dad3e5f1-91ec-13bd-c905-e0862880aaee/06UMGIM32674.rgb.jpg/400x400bb.jpg
itunes_1444963245,Motown Classics Gold,Various Artists,2005,2000s,Soul,https://is1-ssl.mzstatic.com/image/thumb/Music122/v4/43/b1/4f/43b14fec-5519-3aae-2567-0fc699d7bc65/06UMGIM20355.rgb.jpg/400x400bb.jpg
itunes_1440824612,Motown Christmas,Various Artists,2014,2010s,Soul,https://is1-ssl.mzstatic.com/image/thumb/Music115/v4/95/5d/4e/955d4eae-6d9c-94c8-0851-fab77e409651/13UAAIM59577.rgb.jpg/400x400bb.jpg
itunes_1440808868,Can't Slow Down,Lionel Richie,1983,1980s,Soul,https://is1-ssl.mzstatic.com/image/thumb/Music125/v4/8a/60/4f/8a604fba-247c-d4e2-25b0-ed5b230fe948/00602537021598.rgb.jpg/400x400bb.jpg
itunes_1442885957,ABC,Jackson 5,1970,1970s,Soul,https://is1-ssl.mzstatic.com/image/thumb/Music211/v4/cb/38/70/cb3870c2-1a9b-9310-e218-9d0f5a5e98f5/06UMGIM05267.rgb.jpg/400x400bb.jpg
itunes_1443150912,Where Did Our Love Go,The Supremes,1964,1960s,Soul,https://is1-ssl.mzstatic.com/image/thumb/Music123/v4/5d/c2/4d/5dc24de8-15d7-16e0-7585-72a2bcc721de/14UMGIM62198.rgb.jpg/400x400bb.jpg
itunes_1434892823,Ooo Baby Baby: The Anthlogy,Smokey Robinson & The Miracles,2002,2000s,Soul,https://is1-ssl.mzstatic.com/image/thumb/Music112/v4/c8/cc/67/c8cc6747-010c-e290-d7d8-4686979b351a/06UMGIM09429.rgb.jpg/400x400bb.jpg
itunes_200605281,The Jacksons,The Jacksons,1976,1970s,Soul,https://is1-ssl.mzstatic.com/image/thumb/Music124/v4/e9/7f/2d/e97f2ddb-a517-13a9-3758-6fc3c688d96e/074643422925.jpg/400x400bb.jpg
itunes_1444039101,"Forever, Michael",Michael Jackson,1975,1970s,Soul,https://is1-ssl.mzstatic.com/image/thumb/Music124/v4/ce/48/1a/ce481ab5-54b1-a42e-9a04-9d15fe2b8a08/00602527297538.rgb.jpg/400x400bb.jpg
itunes_198227881,The Jacksons: Live,The Jacksons,1981,1980s,Soul,https://is1-ssl.mzstatic.com/image/thumb/Music60/v4/1d/97/97/1d979741-4be8-ee54-f8c9-786b5a80a504/dj.jfdyezcm.jpg/400x400bb.jpg
itunes_1442021816,Gold: Marvin Gaye,Marvin Gaye,2005,2000s,Soul,https://is1-ssl.mzstatic.com/image/thumb/Music112/v4/9b/c1/cf/9bc1cf3a-84c7-474e-2d0f-2e4bd0327377/06UMGIM11763.rgb.jpg/400x400bb.jpg
itunes_1441353481,Motown Magic (Original Soundtrack),Various Artists,2018,2010s,Soul,https://is1-ssl.mzstatic.com/image/thumb/Music124/v4/0d/e0/f0/0de0f006-5238-e114-5b06-8ae1aa161a8e/00602567993421.rgb.jpg/400x400bb.jpg
itunes_1469582082,Signed Sealed and Delivered,Stevie Wonder,1970,1970s,Soul,https://is1-ssl.mzstatic.com/image/thumb/Music221/v4/53/a1/24/53a12417-7bdf-aea3-9a2c-414345f5f772/14UMGIM51705.rgb.jpg/400x400bb.jpg
itunes_1442836193,For Once in My Life,Stevie Wonder,1968,1960s,Soul,https://is1-ssl.mzstatic.com/image/thumb/Music211/v4/36/b9/52/36b952f0-ae28-86e9-bea0-c8eda8ced06f/14UMGIM51153.rgb.jpg/400x400bb.jpg
itunes_1469581795,A Quiet Storm,Smokey Robinson,1975,1970s,Soul,https://is1-ssl.mzstatic.com/image/thumb/Music112/v4/40/5b/ab/405bab8b-fb5a-e4e8-ce5b-07f9ed1a7d22/14UMGIM26557.rgb.jpg/400x400bb.jpg
itunes_1440828454,All the Great Hits,Diana Ross,1981,1980s,Soul,https://is1-ssl.mzstatic.com/image/thumb/Music124/v4/c7/24/0d/c7240d1d-e8a3-d8c5-7dbc-239b8ba90df8/06UMGIM01542.rgb.jpg/400x400bb.jpg
itunes_1443221837,Diana Ross Presents the Jackson 5,Jackson 5,1969,1960s,Soul,https://is1-ssl.mzstatic.com/image/thumb/Music114/v4/dc/5d/6d/dc5d6d8e-61dc-401b-80a6-c2a745fe048a/08UMGIM28826.rgb.jpg/400x400bb.jpg
itunes_1440815358,I Want You,Marvin Gaye,1976,1970s,Soul,https://is1-ssl.mzstatic.com/image/thumb/Music126/v4/38/6d/de/386dde81-f75b-944a-a8bf-efec51554486/14UMGIM55410.rgb.jpg/400x400bb.jpg
itunes_1471434342,20th Century Masters - The Millennium Collection: The Best of Jackson 5,Jackson 5,1999,1990s,Soul,https://is1-ssl.mzstatic.com/image/thumb/Music221/v4/0a/cd/c7/0acdc726-d4a1-9284-b683-ec6f31e42444/07UMGIM04577.rgb.jpg/400x400bb.jpg
itunes_1440774759,Ultimate Christmas Collection,Jackson 5,2009,2000s,Soul,https://is1-ssl.mzstatic.com/image/thumb/Music112/v4/e1/e4/1c/e1e41c0a-f235-c592-9455-1fe1b7fc48a4/09UMGIM36034.rgb.jpg/400x400bb.jpg
itunes_29773727,Debussy: Clair de Lune and Other Piano Favorites,François-Joël Thiollier,1995,1990s,Soul,https://is1-ssl.mzstatic.com/image/thumb/Music114/v4/28/95/c2/2895c288-d3b5-0b43-822e-1cb3c2f296fa/s05.sgnhchfc.jpg/400x400bb.jpg
itunes_1500510556,"Dedicated to the Ones I Love, Vol. 2 - EP",Trish Toledo,2018,2010s,Soul,https://is1-ssl.mzstatic.com/image/thumb/Music114/v4/9c/b7/0f/9cb70f95-e41f-9627-9b05-6f7fed17c8a5/195081079486.jpg/400x400bb.jpg
itunes_1440912649,Phoenix Rising,The Temptations,1998,1990s,Soul,https://is1-ssl.mzstatic.com/image/thumb/Music124/v4/1a/75/ae/1a75aebc-d050-3300-4b3b-40f08886107c/00731453093720.rgb.jpg/400x400bb.jpg
itunes_1589032061,Bebop Jazz,Dinner Time Jazz,2021,2020s,Jazz,https://is1-ssl.mzstatic.com/image/thumb/Music115/v4/52/cd/33/52cd33c2-3317-0b71-56f4-38bae65b2dce/5059806678901_cover.jpg/400x400bb.jpg
itunes_1435957132,Bird and Diz (Expanded Edition),Dizzy Gillespie & Charlie Parker,1952,1950s,Jazz,https://is1-ssl.mzstatic.com/image/thumb/Music114/v4/9c/3b/76/9c3b76cd-4992-8724-af81-012431a595c6/00602567828938.rgb.jpg/400x400bb.jpg
itunes_1434889193,Sarah Vaughan,Sarah Vaughan,1954,1950s,Jazz,https://is1-ssl.mzstatic.com/image/thumb/Music113/v4/2e/ab/51/2eab51c2-0da6-18f7-4796-674871ee58b4/06UMGIM17900.rgb.jpg/400x400bb.jpg
itunes_1434611397,Groovin' High,Dizzy Gillespie,1955,1950s,Jazz,https://is1-ssl.mzstatic.com/image/thumb/Music124/v4/52/7f/c2/527fc215-5215-3d5d-4925-1794a1146de8/00888072059504.rgb.jpg/400x400bb.jpg
itunes_371064982,Bebop Jazz,Frank Mizen & Chris Norton,2010,2010s,Jazz,https://is1-ssl.mzstatic.com/image/thumb/Music/92/cf/1a/mzi.rrxqdfeg.jpg/400x400bb.jpg
itunes_1434920027,Clifford Brown And Max Roach,Clifford Brown & Max Roach,1954,1950s,Jazz,https://is1-ssl.mzstatic.com/image/thumb/Music115/v4/cd/2a/64/cd2a64bd-ddec-bf69-76cc-99852bdc1b56/00602567828495.rgb.jpg/400x400bb.jpg
itunes_50268969,Bebop,Milt Jackson,1988,1980s,Jazz,https://is1-ssl.mzstatic.com/image/thumb/Music/y2005/m03/d14/h23/s06.iykbouyr.jpg/400x400bb.jpg
itunes_1425188521,Charlie Parker With Strings: Complete Master Takes,Charlie Parker,1995,1990s,Jazz,https://is1-ssl.mzstatic.com/image/thumb/Music118/v4/7e/43/72/7e437277-8301-1738-e264-6eabfdec67ec/00602567829393.rgb.jpg/400x400bb.jpg
itunes_1843995623,Sonny Side Up,"Dizzy Gillespie, Sonny Stitt & Sonny Rollins",1959,1950s,Jazz,https://is1-ssl.mzstatic.com/image/thumb/Music211/v4/a6/62/6b/a6626b63-213c-46a0-008d-d55f31298d85/25UMGIM63754.rgb.jpg/400x400bb.jpg
itunes_1518867397,Best Of The Complete Savoy & Dial Studio Recordings,Charlie Parker,2002,2000s,Jazz,https://is1-ssl.mzstatic.com/image/thumb/Music115/v4/d2/da/e9/d2dae9ba-93e2-390f-7c76-08891d35386b/20CRGIM23230.rgb.jpg/400x400bb.jpg
itunes_1425185273,Charlie Parker,Charlie Parker,1954,1950s,Jazz,https://is1-ssl.mzstatic.com/image/thumb/Music128/v4/3e/4a/3b/3e4a3bd3-67f0-a06f-6ba2-c5ad99da9600/00602567829416.rgb.jpg/400x400bb.jpg
itunes_1434889869,Study In Brown,Clifford Brown & Max Roach,1955,1950s,Jazz,https://is1-ssl.mzstatic.com/image/thumb/Music126/v4/4b/45/36/4b453694-c7bc-b9bd-3aba-04dae49dc7c4/06UMGIM11224.rgb.jpg/400x400bb.jpg
itunes_1518879856,The Complete Savoy & Dial Master Takes,Charlie Parker,2002,2000s,Jazz,https://is1-ssl.mzstatic.com/image/thumb/Music123/v4/d1/f0/66/d1f06668-1a17-630b-aa1e-da3ef09c6556/20UMGIM48043.rgb.jpg/400x400bb.jpg
itunes_1459444209,"Genius of Modern Music, Vol. 1",Thelonious Monk,1951,1950s,Jazz,https://is1-ssl.mzstatic.com/image/thumb/Music125/v4/97/e1/c1/97e1c140-2264-41d8-ec84-281a0152c5a2/00602577697326.rgb.jpg/400x400bb.jpg
itunes_1443281715,Blue Haze,Miles Davis,1954,1950s,Jazz,https://is1-ssl.mzstatic.com/image/thumb/Music128/v4/20/b5/5c/20b55c8f-4c5f-7650-0896-9006be4822fe/00888072000896.rgb.jpg/400x400bb.jpg
itunes_1518148384,The Magnificent Charlie Parker,Charlie Parker,1955,1950s,Jazz,https://is1-ssl.mzstatic.com/image/thumb/Music123/v4/e1/ad/2c/e1ad2c8d-ed59-3055-2abe-85f89c3bda9f/20UMGIM31400.rgb.jpg/400x400bb.jpg
itunes_1422672706,The Quintet: Jazz At Massey Hall (Live) [1953],"Charlie Parker, Dizzy Gillespie, Bud Powell, Max Roach & Charles Mingus",1953,1950s,Jazz,https://is1-ssl.mzstatic.com/image/thumb/Music126/v4/62/52/7f/62527fb9-7162-e2c2-fb6b-0f81af57c55e/12CMGIM33904.rgb.jpg/400x400bb.jpg
itunes_1609839679,Bebop Jazz,George Hollingdrake,2014,2010s,Jazz,https://is1-ssl.mzstatic.com/image/thumb/Music126/v4/57/f2/2f/57f22ff8-f194-db78-8224-17a5f96accb1/5054526832343.png/400x400bb.jpg
itunes_1805051240,Walkin' (Remastered 2025),Miles Davis All Stars,2025,2020s,Jazz,https://is1-ssl.mzstatic.com/image/thumb/Music211/v4/54/c6/c8/54c6c8bc-3493-9a1a-8248-e8f83671977e/24CRGIM46032.rgb.jpg/400x400bb.jpg
itunes_1434895578,Afro,Dizzy Gillespie,1954,1950s,Jazz,https://is1-ssl.mzstatic.com/image/thumb/Music124/v4/dc/62/24/dc6224d5-a974-a8e6-f08a-cbeafb71a8fe/00602567828303.rgb.jpg/400x400bb.jpg
itunes_738341407,"The Amazing Bud Powell, Vol. 1 (The Rudy Van Gelder Edition)",Bud Powell,1951,1950s,Blues,https://is1-ssl.mzstatic.com/image/thumb/Music6/v4/c8/71/15/c87115f3-76bb-e4b9-eb62-f7b58258ac21/00724353213657.jpg/400x400bb.jpg
itunes_250998382,Milestones,Miles Davis,1958,1950s,Jazz,https://is1-ssl.mzstatic.com/image/thumb/Features114/v4/60/b1/a6/60b1a664-92ad-d0b1-bbe3-d3fb5356ead7/dj.uciwfhtq.jpg/400x400bb.jpg
itunes_723533894,Genius of Modern Music (Complete) [Remastered],Thelonious Monk,1951,1950s,Jazz,https://is1-ssl.mzstatic.com/image/thumb/Music4/v4/49/00/2d/49002d37-68b5-b6ea-243d-e2e152375015/00724353213855.jpg/400x400bb.jpg
itunes_1847759046,Plus 4 (Remastered 2025),Sonny Rollins,2025,2020s,Jazz,https://is1-ssl.mzstatic.com/image/thumb/Music221/v4/40/42/86/4042866d-4d50-7a7b-ec15-9cdcc04d5b6a/25CRGIM48465.rgb.jpg/400x400bb.jpg
itunes_186320155,Solo Monk (Expanded Edition),Thelonious Monk,1965,1960s,Jazz,https://is1-ssl.mzstatic.com/image/thumb/Music124/v4/f8/65/e9/f865e942-9d3d-c904-a936-bc8d9efd7dcf/mzi.knkkbqhj.jpg/400x400bb.jpg
itunes_1444205041,New York Jazz,Sonny Stitt,1956,1950s,Jazz,https://is1-ssl.mzstatic.com/image/thumb/Music128/v4/15/8d/4d/158d4d2a-5506-9da1-bd77-f1e0787702f7/00731451705021.rgb.jpg/400x400bb.jpg
itunes_1443904634,"Sonny Rollins with the Modern Jazz Quartet (feat. The Modern Jazz Quartet, Art Blakey & Kenny Drew)",Sonny Rollins,1956,1950s,Jazz,https://is1-ssl.mzstatic.com/image/thumb/Music118/v4/4d/ef/a1/4defa1b4-b800-c064-b300-f9917fdbe859/00888072014237.rgb.jpg/400x400bb.jpg
itunes_1443080816,Dig [Original Jazz Classics Remasters] [feat. Sonny Rollins],Miles Davis,1956,1950s,Pop,https://is1-ssl.mzstatic.com/image/thumb/Music118/v4/c0/2f/f0/c02ff097-7012-000a-c884-6546b3d2dad7/00888072326835.rgb.jpg/400x400bb.jpg
itunes_157420834,The Jazz Messengers,Art Blakey & The Jazz Messengers,1956,1950s,Jazz,https://is1-ssl.mzstatic.com/image/thumb/Music/3c/a2/21/mzi.ndhjocgf.jpg/400x400bb.jpg
itunes_1440911107,Jazz Giant ((Original Recording Remastered)),Bud Powell,2001,2000s,Jazz,https://is1-ssl.mzstatic.com/image/thumb/Music128/v4/81/50/68/81506859-982b-a411-7a5a-98cf9dfb26fa/00731454383226.rgb.jpg/400x400bb.jpg
itunes_1440948857,Cookin' With the Miles Davis Quintet (Remastered),Miles Davis Quintet,1957,1950s,Jazz,https://is1-ssl.mzstatic.com/image/thumb/Music118/v4/e4/d4/c5/e4d4c59d-a3ad-6d89-5cbb-ce5de32169d1/00888072351356.rgb.jpg/400x400bb.jpg
itunes_1443869049,"Julian ""Cannonball"" Adderley",Cannonball Adderley,1955,1950s,Jazz,https://is1-ssl.mzstatic.com/image/thumb/Music128/v4/d4/fd/69/d4fd6993-8691-515a-8a4c-b7c6188b5248/00042283038127.rgb.jpg/400x400bb.jpg
itunes_1221831135,50s Jazz,Various Artists,2017,2010s,Jazz,https://is1-ssl.mzstatic.com/image/thumb/Music122/v4/0b/fd/45/0bfd4517-7dea-c2b3-e771-bf89a5cd50d3/084247966275.jpg/400x400bb.jpg
itunes_1459940991,The Complete Night At The Village Vanguard,Sonny Rollins,1957,1950s,Jazz,https://is1-ssl.mzstatic.com/image/thumb/Music123/v4/70/88/f6/7088f66b-afc6-b320-6678-164798d9c819/00602577697159.rgb.jpg/400x400bb.jpg
itunes_721244910,Jutta Hipp With Zoot Sims,Jutta Hipp & Zoot Sims,1956,1950s,Jazz,https://is1-ssl.mzstatic.com/image/thumb/Music115/v4/7f/6e/f6/7f6ef617-507b-5b39-157f-5c55b6e003e5/13UAAIM05948.rgb.jpg/400x400bb.jpg
itunes_199047432,Underground,Thelonious Monk,1968,1960s,Jazz,https://is1-ssl.mzstatic.com/image/thumb/Music/b1/c8/e4/mzi.oosyewvz.jpg/400x400bb.jpg
itunes_159135486,'Round About Midnight (Legacy Edition),Miles Davis,1957,1950s,Jazz,https://is1-ssl.mzstatic.com/image/thumb/Features115/v4/21/89/12/218912fb-200d-a5b5-8e96-4edf7fbf6ea7/dj.khdokxxq.jpg/400x400bb.jpg
itunes_715754452,The Cooker,Lee Morgan,1957,1950s,Jazz,https://is1-ssl.mzstatic.com/image/thumb/Music6/v4/4e/43/bb/4e43bb80-3af5-d0f7-1a94-4c80943eafd1/00094636264158.jpg/400x400bb.jpg
itunes_1443192519,Quintet / Sextet,Miles Davis & Milt Jackson,1956,1950s,Jazz,https://is1-ssl.mzstatic.com/image/thumb/Music124/v4/ae/f3/32/aef33277-dd3c-1273-dc67-af97306875cc/00888072000926.rgb.jpg/400x400bb.jpg
itunes_1442954489,Coltrane (Remastered),John Coltrane,1957,1950s,Jazz,https://is1-ssl.mzstatic.com/image/thumb/Music124/v4/52/b4/e5/52b4e5af-7543-f52e-2a59-05af8b6d3d70/00888072351899.rgb.jpg/400x400bb.jpg
itunes_1443224843,"Miles Davis, Vol. 1",Miles Davis,1955,1950s,Jazz,https://is1-ssl.mzstatic.com/image/thumb/Music118/v4/64/e3/6d/64e36d53-75f7-e8b2-2f57-228e60f4fa2d/00602537498277.rgb.jpg/400x400bb.jpg
itunes_1440653126,Stan Getz Plays,Stan Getz,1954,1950s,Jazz,https://is1-ssl.mzstatic.com/image/thumb/Music118/v4/89/6c/50/896c508d-7959-d4f2-8e56-e29579d274b0/00042283353527.rgb.jpg/400x400bb.jpg
itunes_723510786,"The Amazing Bud Powell, Vol. 2 (The Rudy Van Gelder Edition)",Bud Powell,1955,1950s,Jazz,https://is1-ssl.mzstatic.com/image/thumb/Music4/v4/a0/94/a3/a094a34c-8a6c-b39e-b533-f41b0dfd4094/00724353213756.jpg/400x400bb.jpg
itunes_1443074295,Oscar Peterson & Dizzy Gillespie,Oscar Peterson & Dizzy Gillespie,1974,1970s,Jazz,https://is1-ssl.mzstatic.com/image/thumb/Music118/v4/50/2b/a8/502ba862-c6c3-87ad-e5a8-ba5bce0c530c/00025218074025.rgb.jpg/400x400bb.jpg
itunes_1442855215,Tenor Conclave,"Hank Mobley, Al Cohn, John Coltrane & Zoot Sims",1956,1950s,Jazz,https://is1-ssl.mzstatic.com/image/thumb/Music128/v4/ef/74/28/ef742807-3ff9-f58b-4cd4-ece9735b6f0d/00888072002791.rgb.jpg/400x400bb.jpg
itunes_1442220103,Bud Powell's Moods,Bud Powell,1954,1950s,Jazz,https://is1-ssl.mzstatic.com/image/thumb/Music128/v4/e3/dc/ad/e3dcad25-1f87-2f80-1d48-41ac688b2885/00731454732727.rgb.jpg/400x400bb.jpg
itunes_1443186832,Afro-Cuban,Kenny Dorham,1955,1950s,Jazz,https://is1-ssl.mzstatic.com/image/thumb/Music123/v4/4d/93/46/4d93467b-895e-545d-6b51-b417783c0c44/13UMGIM23465.rgb.jpg/400x400bb.jpg
itunes_1514947017,Love Letter,Jimmy Heath,2020,2020s,Jazz,https://is1-ssl.mzstatic.com/image/thumb/Music114/v4/c3/3b/37/c33b37f0-21e7-af05-96d1-b8982e3f3dc1/20UMGIM37643.rgb.jpg/400x400bb.jpg
itunes_1434889136,Clifford Brown And Max Roach At Basin Street (Expanded Edition),Clifford Brown & Max Roach,1990,1990s,Jazz,https://is1-ssl.mzstatic.com/image/thumb/Music128/v4/f1/c5/e9/f1c5e96c-5c02-ce82-08c8-c05d0f8d541c/00602567828259.rgb.jpg/400x400bb.jpg
itunes_723622252,"The Eminent Jay Jay Johnson, Vol. 2 (The Rudy Van Gelder Edition) [Remastered]",J.J. Johnson,1954,1950s,Jazz,https://is1-ssl.mzstatic.com/image/thumb/Music4/v4/b1/f8/15/b1f815ab-7b81-b0db-79f0-9c5788302d5e/00724353214456.jpg/400x400bb.jpg
itunes_1425174947,Now’s The Time: The Genius Of Charlie Parker #3,Charlie Parker,1952,1950s,Jazz,https://is1-ssl.mzstatic.com/image/thumb/Music125/v4/6e/b3/54/6eb354a2-4c64-a5ad-3414-83813787f033/00602567828990.rgb.jpg/400x400bb.jpg
itunes_1440734428,The Genius of Bud Powell (Expanded Edition),Bud Powell,1956,1950s,Jazz,https://is1-ssl.mzstatic.com/image/thumb/Music118/v4/e2/18/39/e218396b-793c-8301-32d9-e444c90a36e8/00042282790125.rgb.jpg/400x400bb.jpg
itunes_1443872081,’Round Midnight: The Complete Blue Note Singles (1947-1952),Thelonious Monk,2014,2010s,Jazz,https://is1-ssl.mzstatic.com/image/thumb/Music118/v4/68/86/e3/6886e33e-f192-a025-3766-b13e0a986371/00602537996940.rgb.jpg/400x400bb.jpg
itunes_1443845755,Conception,"Miles Davis, Stan Getz, Gerry Mulligan, Lee Konitz, Sonny Rollins & Zoot Sims",1956,1950s,Jazz,https://is1-ssl.mzstatic.com/image/thumb/Music128/v4/14/ad/99/14ad9920-444c-612a-d7af-a83d2531a9c9/00025218172622.rgb.jpg/400x400bb.jpg
itunes_63605975,Bebop,Various Artists,2005,2000s,Jazz,https://is1-ssl.mzstatic.com/image/thumb/Music/y2005/m05/d12/h12/s06.oyvuaaus.jpg/400x400bb.jpg
itunes_1587999802,Work Time,Sonny Rollins,1956,1950s,Jazz,https://is1-ssl.mzstatic.com/image/thumb/Music115/v4/ae/5f/fe/ae5ffec7-48b9-5dc7-76bd-8726bd483874/21CRGIM29886.rgb.jpg/400x400bb.jpg
itunes_679222747,Daddy Plays the Horn,Dexter Gordon Quartet,1955,1950s,Jazz,https://is1-ssl.mzstatic.com/image/thumb/Music124/v4/69/6b/50/696b5024-891a-3d7c-ba9c-1cf0aaff40c1/689466687088.jpg/400x400bb.jpg
itunes_1440653096,Dummy,Portishead,1994,1990s,Electronic,https://is1-ssl.mzstatic.com/image/thumb/Music115/v4/c1/71/93/c1719342-df7d-e9c5-c87c-53dae5afb289/00042282855329.rgb.jpg/400x400bb.jpg
itunes_693162575,The Complete Roost Recordings,Stan Getz,1997,1990s,Jazz,https://is1-ssl.mzstatic.com/image/thumb/Music221/v4/ef/1a/8f/ef1a8f27-1b82-540d-8108-c194b9e3dbe6/724385962257.jpg/400x400bb.jpg
itunes_1442863364,Mating Call (Rudy Van Gelder Remaster),Tadd Dameron,1957,1950s,Jazz,https://is1-ssl.mzstatic.com/image/thumb/Music118/v4/f5/d9/2c/f5d92ca0-c41b-5b0d-a496-07f7270c4446/00888072352636.rgb.jpg/400x400bb.jpg
itunes_1440951879,Birth of the Cool,Miles Davis,1957,1950s,Jazz,https://is1-ssl.mzstatic.com/image/thumb/Music128/v4/c2/0b/d4/c20bd438-fc2b-f911-bcd7-793c50c2961f/05099963651850.rgb.jpg/400x400bb.jpg
itunes_437391422,Cool Jazz,"Louis ""Smooth"" Sinclair",2011,2010s,Jazz,https://is1-ssl.mzstatic.com/image/thumb/Music/b2/75/4e/mzi.vislirht.jpg/400x400bb.jpg
itunes_1506771319,Cool Jazz,Various Artists,1993,1990s,Jazz,https://is1-ssl.mzstatic.com/image/thumb/Music113/v4/d7/5c/35/d75c3550-a551-0bb4-9ee2-ff782d3f0086/194491942076.jpg/400x400bb.jpg
itunes_1485072511,Nighthawks at the Diner (2018 Remaster),Tom Waits,1975,1970s,Jazz,https://is1-ssl.mzstatic.com/image/thumb/Music123/v4/1b/2b/4d/1b2b4d9e-0bfc-7519-bdf9-5c667a5cc18e/0045778756704.png/400x400bb.jpg
itunes_300967066,Kenny G: Greatest Hits,Kenny G,1997,1990s,Jazz,https://is1-ssl.mzstatic.com/image/thumb/Music124/v4/1b/dc/c0/1bdcc0cd-1508-7c48-726a-e8a081fa3d0c/mzi.hceirugp.jpg/400x400bb.jpg
itunes_1728234971,Cool Jazz,New York Jazz Ensemble,2015,2010s,Jazz,https://is1-ssl.mzstatic.com/image/thumb/Music126/v4/3f/2d/93/3f2d936b-1c81-d37d-a1c7-87d6bb53dedf/018736311796.jpg/400x400bb.jpg
itunes_346359340,Cool Jazz,5 Alarm Music,2008,2000s,Jazz,https://is1-ssl.mzstatic.com/image/thumb/Music/c6/28/13/mzi.nqqwmcrr.jpg/400x400bb.jpg
itunes_1567942646,Cool Jazz,Toby Marsden & Harvey Wade,2021,2020s,Jazz,https://is1-ssl.mzstatic.com/image/thumb/Music125/v4/66/03/cc/6603ccbe-5b12-52e5-3957-bcaea5bc0493/196006373481.jpg/400x400bb.jpg
itunes_976492087,Cool Jazz - EP,Gábor Varga,2015,2010s,Jazz,https://is1-ssl.mzstatic.com/image/thumb/Music1/v4/b5/fc/ad/b5fcad60-331b-4eb2-67c6-8903ab54c344/5999883042830_cover.jpg/400x400bb.jpg
itunes_923380365,Cool Jazz,Paul Smith Trio,2003,2000s,Jazz,https://is1-ssl.mzstatic.com/image/thumb/Music3/v4/12/26/cd/1226cd88-e73f-dd99-5646-7623c8fdf1ab/206448.jpg/400x400bb.jpg
itunes_1161878783,Cool Jazz,Giovanni Antonio Parricelli & Stanley Ernest Sulzmann,2006,2000s,Jazz,https://is1-ssl.mzstatic.com/image/thumb/Music126/v4/81/ff/47/81ff471d-fd37-fdf2-e36b-aded1d53b271/5060189080809.png/400x400bb.jpg
itunes_1099036157,Cool Jazz,Network Music Ensemble,2011,2010s,Jazz,https://is1-ssl.mzstatic.com/image/thumb/Music49/v4/6e/9d/45/6e9d4556-c790-dc1b-e941-91b560d4f307/843485090056.jpg/400x400bb.jpg
itunes_1624173298,Come Away with Me (Remastered),Norah Jones,2002,2000s,Pop,https://is1-ssl.mzstatic.com/image/thumb/Music122/v4/a0/a0/8d/a0a08df2-390b-ad05-0d32-6673bcf7a2a9/13UABIM02784.rgb.jpg/400x400bb.jpg
itunes_282213298,Porgy and Bess,Miles Davis,1958,1950s,Jazz,https://is1-ssl.mzstatic.com/image/thumb/Features114/v4/81/a2/25/81a225b3-f40b-170f-5e26-230a1cf1f0ca/dj.ueirgdtz.jpg/400x400bb.jpg
itunes_304783942,Take Ten (Bonus Track Version),Paul Desmond,1990,1990s,Latin,https://is1-ssl.mzstatic.com/image/thumb/Music/55/ad/50/mzi.hjburyvf.jpg/400x400bb.jpg
itunes_159070784,My Funny Valentine: In Concert (Live),Miles Davis,1965,1960s,Jazz,https://is1-ssl.mzstatic.com/image/thumb/Features/v4/25/5d/b8/255db836-7305-3cf6-1d6f-06f8ac2d9af6/dj.vilpcmjm.jpg/400x400bb.jpg
itunes_962195013,Bags & Trane,Milt Jackson & John Coltrane,1959,1950s,Jazz,https://is1-ssl.mzstatic.com/image/thumb/Music3/v4/75/c4/10/75c41011-7cc2-b864-8672-aeb49403c595/603497893256.jpg/400x400bb.jpg
itunes_282802902,Ultimate Kenny G,Kenny G,2003,2000s,Jazz,https://is1-ssl.mzstatic.com/image/thumb/Features125/v4/c8/f9/8f/c8f98f47-e8cf-2de4-7618-9a2782ee4c9f/dj.wwlvfoqt.jpg/400x400bb.jpg
itunes_1018562855,Breezin',George Benson,1976,1970s,Jazz,https://is1-ssl.mzstatic.com/image/thumb/Music115/v4/cb/37/9a/cb379acc-ee1e-920e-c287-6a8a0ed4c099/603497888269.jpg/400x400bb.jpg
itunes_1475203052,"Jazz - The Best Selection of Smooth Moods & Ballads, Cool and Deep Relaxation",Cool Jazz Club,2019,2010s,Jazz,https://is1-ssl.mzstatic.com/image/thumb/Music113/v4/1e/f2/05/1ef2056d-a9ec-7c69-8885-42be70d8e534/5060642718911.jpg/400x400bb.jpg
itunes_1440806486,The Look of Love,Diana Krall,2021,2020s,Jazz,https://is1-ssl.mzstatic.com/image/thumb/Music211/v4/b1/0c/12/b10c12b7-c0c4-8c3f-9603-81c4f07991b1/06UMGIM15905.rgb.jpg/400x400bb.jpg
itunes_1576791708,Body Language,Boney James,2021,2020s,Jazz,https://is1-ssl.mzstatic.com/image/thumb/Music115/v4/cb/59/af/cb59af05-82f8-2691-6a80-1334d11d6972/18CRGIM05980.rgb.jpg/400x400bb.jpg
itunes_1443640673,Cool Jazz - EP,Arthur H,1991,1990s,Rock,https://is1-ssl.mzstatic.com/image/thumb/Music118/v4/c5/ee/b3/c5eeb302-e058-44ce-90ae-228321273e6a/00731451156328.rgb.jpg/400x400bb.jpg
itunes_258622449,Breathless,Kenny G,1992,1990s,Jazz,https://is1-ssl.mzstatic.com/image/thumb/Features125/v4/ae/3f/53/ae3f5331-c080-7dc8-73b0-efef90bc6f1c/dj.asipxkna.jpg/400x400bb.jpg
itunes_321974938,Winelight,"Grover Washington, Jr.",1980,1980s,Jazz,https://is1-ssl.mzstatic.com/image/thumb/Music114/v4/81/2b/74/812b74f7-060b-7386-bb02-967cd2cdd78c/mzi.yfyaqhnz.jpg/400x400bb.jpg
itunes_300205037,Giving You the Best That I Got,Anita Baker,1988,1980s,R&B,https://is1-ssl.mzstatic.com/image/thumb/Music114/v4/ae/77/9f/ae779ffa-282d-26be-5d7d-756a491e4032/mzi.gpvnupmv.jpg/400x400bb.jpg
itunes_1440864756,Chet Baker Sings,Chet Baker,1954,1950s,Jazz,https://is1-ssl.mzstatic.com/image/thumb/Music221/v4/2f/99/e5/2f99e569-3920-07ab-b29e-c2da9b50468d/16UMGIM49055.rgb.jpg/400x400bb.jpg
itunes_1128311331,Soft Instrumental Relaxing Music: Chill & Cool Jazz,Relaxing Jazz Guitar Academy,2016,2010s,Jazz,https://is1-ssl.mzstatic.com/image/thumb/Music114/v4/16/08/55/16085598-5850-49d3-d9e9-3f9c83fb99bb/8134130334758.jpg/400x400bb.jpg
itunes_1576791334,Sweet Thing,Boney James,1997,1990s,Jazz,https://is1-ssl.mzstatic.com/image/thumb/Music115/v4/71/c8/b0/71c8b035-6179-20aa-9b94-76bc67206ece/18CRGIM05991.rgb.jpg/400x400bb.jpg
itunes_1543881557,Cool Jazz,Altitude Music,2019,2010s,Jazz,https://is1-ssl.mzstatic.com/image/thumb/Music124/v4/aa/ca/29/aaca2979-3b69-f5ea-caab-64f9b798945c/024543201106_cover.jpg/400x400bb.jpg
itunes_1444174317,Blues In Time,Gerry Mulligan & Paul Desmond,1957,1950s,Jazz,https://is1-ssl.mzstatic.com/image/thumb/Music112/v4/56/ad/1c/56ad1c21-b5cb-24b8-f940-89a243eaaf0e/09UMGIM08725.rgb.jpg/400x400bb.jpg
itunes_723734657,The Best of the Gerry Mulligan Quartet with Chet Baker,Gerry Mulligan Quartet,1991,1990s,Jazz,https://is1-ssl.mzstatic.com/image/thumb/Music124/v4/70/e2/16/70e21660-4915-a01f-b1da-a6410bf73290/00077779548156.jpg/400x400bb.jpg
itunes_1053384317,Cool Jazz,Warner/Chappell Productions,2015,2010s,Jazz,https://is1-ssl.mzstatic.com/image/thumb/Music22/v4/27/59/0b/27590b22-0a72-ce71-af30-b56c66b62d10/mzm.jmnegwit.jpg/400x400bb.jpg
itunes_402046254,Miracles: The Holiday Album,Kenny G,1994,1990s,Jazz,https://is1-ssl.mzstatic.com/image/thumb/Music124/v4/a0/bd/ff/a0bdff4d-a57f-ab16-986e-4191b7b1b830/mzi.hvikmhfq.jpg/400x400bb.jpg
itunes_1442781667,Out of the Cool,Gil Evans,1961,1960s,Jazz,https://is1-ssl.mzstatic.com/image/thumb/Music115/v4/91/38/9b/91389bfd-322f-7a54-8ef1-37fc98bf36f8/07UMGIM13408.rgb.jpg/400x400bb.jpg
itunes_691367794,Moonlight In Vermont,Johnny Smith,1956,1950s,Pop,https://is1-ssl.mzstatic.com/image/thumb/Music115/v4/07/4d/90/074d903d-7be6-e011-0199-9517b4ad4f94/0724359309156_1404x1404_300dpi.jpg/400x400bb.jpg
itunes_307739243,The Greatest Holiday Classics,Kenny G,2005,2000s,Jazz,https://is1-ssl.mzstatic.com/image/thumb/Music211/v4/dd/44/7f/dd447f92-6284-999a-95b7-2fce6ea8bd3d/828767223421.jpg/400x400bb.jpg
itunes_724480663,The Route,Chet Baker & Art Pepper,1989,1980s,Jazz,https://is1-ssl.mzstatic.com/image/thumb/Music/v4/2f/b5/b3/2fb5b307-2ca8-4f95-0133-4a1d1cff8efc/00077779293155.jpg/400x400bb.jpg
itunes_724267459,Undercurrent,Bill Evans & Jim Hall,1962,1960s,Jazz,https://is1-ssl.mzstatic.com/image/thumb/Music126/v4/dc/0d/ae/dc0daef8-093e-757d-2b09-90a3d0943075/13ULAIM49008.rgb.jpg/400x400bb.jpg
itunes_723651032,He Had a Hat,Jeff Lorber,2007,2000s,Jazz,https://is1-ssl.mzstatic.com/image/thumb/Music6/v4/78/b1/a9/78b1a978-114f-2792-c57a-951fa195f6e7/00094635561159.jpg/400x400bb.jpg
itunes_1849573932,Still Life (Talking),Pat Metheny Group,1987,1980s,Jazz,https://is1-ssl.mzstatic.com/image/thumb/Music221/v4/2d/bb/13/2dbb1308-84ad-49a9-3c7b-8a4adfd7ed9d/075597994865_Cover.jpg/400x400bb.jpg
itunes_1606064414,What You Won't Do for Love,Bobby Caldwell,1978,1970s,R&B,https://is1-ssl.mzstatic.com/image/thumb/Music116/v4/90/b9/78/90b9782a-0693-bc3f-8b03-cb9a13f47e56/196626257369.jpg/400x400bb.jpg
itunes_1500486710,Solid,Boney James,2020,2020s,Jazz,https://is1-ssl.mzstatic.com/image/thumb/Music125/v4/a1/32/54/a132542f-eecd-c046-0866-031e5f12e22b/19CRGIM19137.rgb.jpg/400x400bb.jpg
itunes_1332058275,Colors of Love,Brian Culbertson,2018,2010s,Jazz,https://is1-ssl.mzstatic.com/image/thumb/Music115/v4/83/26/4c/83264c95-032f-5ef9-d02b-fa7ecbdcbc0d/859724551950_cover.jpg/400x400bb.jpg
itunes_1440945214,Honestly,Boney James,2017,2010s,Jazz,https://is1-ssl.mzstatic.com/image/thumb/Music125/v4/c9/e8/94/c9e89450-87e5-976d-fd30-674008b6b631/00888072033931.rgb.jpg/400x400bb.jpg
itunes_80075578,Cool Jazz,The Musician,2005,2000s,Jazz,https://is1-ssl.mzstatic.com/image/thumb/Music/y2005/m09/d09/h03/mzi.njsmtrue.tif/400x400bb.jpg
itunes_1828765533,"I Can Dream, Can't I?",Chet Baker,2025,2020s,Jazz,https://is1-ssl.mzstatic.com/image/thumb/Music221/v4/4d/70/d1/4d70d154-642c-ff45-256f-cae0c9897ddc/769165090393_cover.jpg/400x400bb.jpg
itunes_1649781603,Velvet Portraits,Terrace Martin,2016,2010s,Jazz,https://is1-ssl.mzstatic.com/image/thumb/Music122/v4/df/ae/03/dfae0311-1791-1739-f1c3-6beb5a709a55/824833010889_cover.jpg/400x400bb.jpg
itunes_1440921658,Mister Magic,"Grover Washington, Jr.",1975,1970s,Jazz,https://is1-ssl.mzstatic.com/image/thumb/Music114/v4/af/b5/34/afb534ed-9620-1e0e-75da-af5f6c675ad4/06UMGIM07597.rgb.jpg/400x400bb.jpg
itunes_515988872,Impressions,Chris Botti,2012,2010s,Jazz,https://is1-ssl.mzstatic.com/image/thumb/Music124/v4/1a/72/52/1a72520d-c37b-f03e-f9c6-4131e64bf7be/886443433755.jpg/400x400bb.jpg
itunes_1440830415,Passione (Deluxe Edition),Andrea Bocelli,2013,2010s,Pop,https://is1-ssl.mzstatic.com/image/thumb/Music211/v4/d8/c5/39/d8c53938-1ed0-3c04-1d58-602c5a6a6632/12UMGIM64780.rgb.jpg/400x400bb.jpg
itunes_1886602723,Golden Slumbers: A Father's Lullaby,Various Artists,2013,2010s,Jazz,https://is1-ssl.mzstatic.com/image/thumb/Music211/v4/4f/7c/18/4f7c1874-18db-70f1-9c1a-32891d959f6b/125253.jpg/400x400bb.jpg
itunes_1768549578,After Hours Modal Jazz,SoundScape,2024,2020s,Jazz,https://is1-ssl.mzstatic.com/image/thumb/Music211/v4/10/3f/71/103f712e-7728-8517-ce59-c6130fc0c528/artwork.jpg/400x400bb.jpg
itunes_1443125639,"Blue 'N' Groovy, Vol. 2 / Mostly Modal",Various Artists,1997,1990s,Jazz,https://is1-ssl.mzstatic.com/image/thumb/Music128/v4/4b/65/2b/4b652bf0-3079-87bc-1e57-52ede41008a4/00602567143529.rgb.jpg/400x400bb.jpg
itunes_6769299652,Modal Jazz Vol. 2,Relax Music BGM CHANNEL,2026,2020s,Jazz,https://is1-ssl.mzstatic.com/image/thumb/Music221/v4/19/e7/fc/19e7fcff-cc22-62fe-3771-97eaf9c5197d/4550756510736_cover.png/400x400bb.jpg
itunes_1844231392,Modal Jazz Nocturne,SUN TIDE MUSIC,2025,2020s,Jazz,https://is1-ssl.mzstatic.com/image/thumb/Music211/v4/4e/a6/36/4ea63659-b55d-af92-84b2-86c7091e1245/artwork.jpg/400x400bb.jpg
itunes_849970965,Modal,Modal,2014,2010s,Jazz,https://is1-ssl.mzstatic.com/image/thumb/Music4/v4/39/fc/2d/39fc2de6-9f24-c309-63fd-b1b4ea7ff9aa/885007470557.jpg/400x400bb.jpg
itunes_838912353,Jazz Alla Turca,Ahmet Kadri Rizeli & Modal Jazz Trio,2010,2010s,Jazz,https://is1-ssl.mzstatic.com/image/thumb/Music/v4/c4/87/60/c4876063-6731-5cd3-2b01-d5997c9b4c27/888880801517.jpg/400x400bb.jpg
itunes_6777638119,Louisiana Modal Jazz Evening – The Pelican State Night Atmosphere,Party Hat Orchestra,2026,2020s,Jazz,https://is1-ssl.mzstatic.com/image/thumb/Music211/v4/59/da/f0/59daf02d-d8f5-5d46-056f-45f3558f0a5a/artwork.jpg/400x400bb.jpg
itunes_6793421402,MODAL JAZZ INFINITE MEMORY,Music For Event,2026,2020s,Jazz,https://is1-ssl.mzstatic.com/image/thumb/Music211/v4/7e/b3/a0/7eb3a039-ce7a-36a0-5ba1-136b0168204e/artwork.jpg/400x400bb.jpg
itunes_1291875959,The Mood Is Modal (Remastered),Les Hommes,2001,2000s,Jazz,https://is1-ssl.mzstatic.com/image/thumb/Music124/v4/36/67/56/3667564e-d91f-38ae-b592-374a37713e3a/sccd324_the_mood_is_modal.jpg/400x400bb.jpg
itunes_1579035471,Modal - EP,The Quiet Boys,2021,2020s,Electronic,https://is1-ssl.mzstatic.com/image/thumb/Music115/v4/8d/43/8f/8d438f73-e8a1-885b-0b6b-08ba5a85982d/0676499062456_cover.jpg/400x400bb.jpg
itunes_6767868418,Neon Modal Jazz,Various Artists,2026,2020s,Jazz,https://is1-ssl.mzstatic.com/image/thumb/Music221/v4/66/2b/46/662b4678-c9eb-147b-44af-3374c94f86ef/1077477.jpg/400x400bb.jpg
itunes_1767752255,Modalism,Modal,2024,2020s,Jazz,https://is1-ssl.mzstatic.com/image/thumb/Music221/v4/d1/86/97/d1869756-b0ec-11d0-8136-0fcae33c233b/8800280841094.jpg/400x400bb.jpg
itunes_1869799777,Spring in Our Hearts - EP,Modal Jazz 5,2026,2020s,Jazz,https://is1-ssl.mzstatic.com/image/thumb/Music211/v4/b0/f7/32/b0f732e9-8dc4-febc-6c57-b2704a638dd9/199900554680.jpg/400x400bb.jpg
itunes_1705347506,"Spiritual Jazz - Esoteric, Modal + Deep Jazz From The Underground 1968-77",Various Artists,2009,2000s,Jazz,https://is1-ssl.mzstatic.com/image/thumb/Music116/v4/ed/54/ce/ed54cedc-f74c-68a6-acd8-be86a48766c7/659457504229_Cover.jpg/400x400bb.jpg
itunes_1043647233,Unfolding,Modal,2015,2010s,Jazz,https://is1-ssl.mzstatic.com/image/thumb/Music3/v4/18/b4/bd/18b4bd84-9d6c-c4e5-4963-f406b3daf567/880547870430.jpg/400x400bb.jpg
itunes_212629966,Modal Soul: Keyboard Jazz & Contemporary Piano for Contemplation & Delight,Stephen Merriman,2007,2000s,Jazz,https://is1-ssl.mzstatic.com/image/thumb/Music/81/70/60/mzi.pjblutrb.tif/400x400bb.jpg
itunes_1855549105,Neighboring Notes - Modal Jazz,Caiojazz,2025,2020s,Jazz,https://is1-ssl.mzstatic.com/image/thumb/Music211/v4/64/bd/76/64bd761d-3dd7-1c58-2e04-9bfdf9ebff2c/0.jpg/400x400bb.jpg
itunes_6810017806,Midnight Modes (Modal Jazz),Stock Pile Music,2026,2020s,Jazz,https://is1-ssl.mzstatic.com/image/thumb/Music221/v4/68/7d/69/687d69c6-0e4c-c392-d5b6-9e73139cf8a1/artwork.jpg/400x400bb.jpg
itunes_919912284,Jam Tracks Modal Vamps (Jam Tracks Version),iJam Systems,2014,2010s,Jazz,https://is1-ssl.mzstatic.com/image/thumb/Music1/v4/5a/0b/49/5a0b4909-7c85-1bdc-65f1-53f0a2b19dbb/4447770014565.png/400x400bb.jpg
itunes_1268632442,Modal Backing Tracks - C,Gene2020,2017,2010s,Jazz,https://is1-ssl.mzstatic.com/image/thumb/Music118/v4/ea/18/b3/ea18b354-861a-9363-9728-3d74941582c0/cover.jpg/400x400bb.jpg
itunes_520290770,Modal Times (with Audun Waage),Dee C'rell,2012,2010s,Electronic,https://is1-ssl.mzstatic.com/image/thumb/Music/v4/4f/20/87/4f20879f-211b-a1c1-df4e-7b79e524c59c/26370.jpg/400x400bb.jpg
itunes_336925333,Modal Tapestry,Ken Zuckerman,2009,2000s,Jazz,https://is1-ssl.mzstatic.com/image/thumb/Music/ba/a8/d0/mzi.fhijrmry.jpg/400x400bb.jpg
itunes_151618496,Modal Citizen,Ed Corey Trio,2006,2000s,Jazz,https://is1-ssl.mzstatic.com/image/thumb/Music/11/80/79/mzi.kbsrilam.tif/400x400bb.jpg
itunes_1308031750,Creative Guitar Mastery: Modal Improvisation 101,J. Christian Miller,2017,2010s,Jazz,https://is1-ssl.mzstatic.com/image/thumb/Music118/v4/a8/0e/9b/a80e9b2a-b1ea-ca74-061a-a7125360f77a/859706946453.jpg/400x400bb.jpg
itunes_498031805,Modal Overdrive,Secret Aging Men,2012,2010s,Jazz,https://is1-ssl.mzstatic.com/image/thumb/Music/14/9f/a0/mzi.enueqvmi.jpg/400x400bb.jpg
itunes_1275491333,Modal Backing Tracks - G,Gene2020,2017,2010s,Jazz,https://is1-ssl.mzstatic.com/image/thumb/Music118/v4/d0/40/67/d04067dc-5482-2e46-f4b6-348bf8dc1ada/cover.jpg/400x400bb.jpg
itunes_1271069145,Modal Backing Tracks - E,Gene2020,2017,2010s,Funk,https://is1-ssl.mzstatic.com/image/thumb/Music118/v4/22/9c/aa/229caaed-8499-2024-6cce-9e6e78a2a039/cover.jpg/400x400bb.jpg
itunes_353755725,The Modal Express,The Modal Express,2010,2010s,Rock,https://is1-ssl.mzstatic.com/image/thumb/Music/dc/75/aa/mzi.mulgeqsf.jpg/400x400bb.jpg
itunes_1218349676,Modal Evolution,Y-Jazz,2017,2010s,Jazz,https://is1-ssl.mzstatic.com/image/thumb/Music124/v4/ee/85/74/ee8574cc-22ac-5035-8de6-c92f0d6c3711/cover.jpg/400x400bb.jpg
itunes_209476466,Modal Nomad,Brendan Hains,2006,2000s,Jazz,https://is1-ssl.mzstatic.com/image/thumb/Music/c8/26/75/mzi.rhsqaydz.tif/400x400bb.jpg
itunes_1278264129,Modal Backing Tracks - A,Gene2020,2017,2010s,Funk,https://is1-ssl.mzstatic.com/image/thumb/Music124/v4/8e/e3/10/8ee310e1-c061-7768-9d36-f32ece3417aa/cover.jpg/400x400bb.jpg
itunes_1135453084,Modal Jamming Grooves In the Key of a (Jam Tracks Version),iJam Systems,2016,2010s,Jazz,https://is1-ssl.mzstatic.com/image/thumb/Music60/v4/a7/21/3c/a7213c55-3d34-b67d-d1b7-365002fa3f5c/4447770016781.png/400x400bb.jpg
itunes_1699401923,Modal Morning (feat. Sissel Vera Pettersen),Krystal Mundi & Simon Mary,2023,2020s,Jazz,https://is1-ssl.mzstatic.com/image/thumb/Music126/v4/02/2c/94/022c946b-999a-daa4-861e-ebb8f6c9ee5d/3560530407221_cover.jpg/400x400bb.jpg
itunes_1268259828,Modal Backing Tracks - D,Gene2020,2017,2010s,Funk,https://is1-ssl.mzstatic.com/image/thumb/Music118/v4/d7/92/28/d792288d-0438-dfc5-1305-bf019995cd55/cover.jpg/400x400bb.jpg
itunes_1675385479,Guitar Backing Tracks Rock Modal Jams 001,The Backing Brothers,2023,2020s,Rock,https://is1-ssl.mzstatic.com/image/thumb/Music126/v4/9a/dc/a9/9adca99d-ee0b-0f37-f29e-81f3d393f5b7/198015853879.jpg/400x400bb.jpg
itunes_1683103362,Backing Tracks Latin Jazz Modal Jams 002,The Backing Brothers,2023,2020s,Jazz,https://is1-ssl.mzstatic.com/image/thumb/Music126/v4/5c/6f/f9/5c6ff9fc-b5b3-e969-565e-c0568e4232bc/198025088667.jpg/400x400bb.jpg
itunes_1001621847,Jazz Fusion,"Billy Cobham, Stanley Jordan & Dennis Chambers",2015,2010s,Jazz,https://is1-ssl.mzstatic.com/image/thumb/Music7/v4/a6/c6/6d/a6c66dd5-c928-9525-8476-fd5433729f6a/cover.jpg/400x400bb.jpg
itunes_1035100362,Jazz Fusión,NMR Digital,2015,2010s,Jazz,https://is1-ssl.mzstatic.com/image/thumb/Music60/v4/4f/fa/13/4ffa13fc-3aac-0074-4020-5f2628422adc/mzm.mlyqiapk.jpg/400x400bb.jpg
itunes_1706428459,Aja,Steely Dan,1977,1970s,Rock,https://is1-ssl.mzstatic.com/image/thumb/Music126/v4/c2/3c/54/c23c5414-20d1-7aea-f0f5-187974c58d65/23UMGIM79990.rgb.jpg/400x400bb.jpg
itunes_1416234351,New Levels New Devils,Polyphia,2018,2010s,Jazz,https://is1-ssl.mzstatic.com/image/thumb/Music124/v4/57/5c/00/575c009a-6d69-6ac4-7c91-7e307d920279/794558040969.jpg/400x400bb.jpg
itunes_168376392,Bitches Brew,Miles Davis,1970,1970s,Jazz,https://is1-ssl.mzstatic.com/image/thumb/Music116/v4/9b/e1/63/9be1630c-486d-760c-76cf-04282174700a/074646577424.jpg/400x400bb.jpg
itunes_158571524,Head Hunters,Herbie Hancock,1973,1970s,Jazz,https://is1-ssl.mzstatic.com/image/thumb/Music114/v4/4f/e5/f5/4fe5f511-462e-e87b-0711-d4e42809fb17/dj.goshfswo.jpg/400x400bb.jpg
itunes_1440724756,A Decade of Steely Dan (Remastered),Steely Dan,1985,1980s,Rock,https://is1-ssl.mzstatic.com/image/thumb/Music115/v4/88/b5/70/88b5704d-6e20-5142-55a2-2595857acd8a/06UMGIM12619.rgb.jpg/400x400bb.jpg
itunes_405602019,Surfing with the Alien,Joe Satriani,1987,1980s,Rock,https://is1-ssl.mzstatic.com/image/thumb/Music115/v4/40/cc/4a/40cc4a28-8630-bf68-fe8d-5fe4801fc915/884977849714.jpg/400x400bb.jpg
itunes_162248843,Fusion,Michał Urbaniak,1974,1970s,Jazz,https://is1-ssl.mzstatic.com/image/thumb/Music/00/ca/42/mzi.wgnjvwjb.jpg/400x400bb.jpg
itunes_1322208932,We Like It Here,Snarky Puppy,2014,2010s,Jazz,https://is1-ssl.mzstatic.com/image/thumb/Music125/v4/d8/c0/af/d8c0af7c-f1ca-576d-646c-5fa254809dda/824833007056.jpg/400x400bb.jpg
itunes_1513104646,Muse,Polyphia,2014,2010s,Rock,https://is1-ssl.mzstatic.com/image/thumb/Music125/v4/10/ca/85/10ca8598-27aa-23d5-286d-2694e25e1d57/859738995726_cover.jpg/400x400bb.jpg
itunes_73235919,Billy Breathes,Phish,1996,1990s,Rock,https://is1-ssl.mzstatic.com/image/thumb/Music125/v4/a4/8f/29/a48f29f7-c927-d707-a8e2-56e77dbf5980/s05.pueqfqim.jpg/400x400bb.jpg
itunes_158639291,Blow By Blow,Jeff Beck,1975,1970s,Jazz,https://is1-ssl.mzstatic.com/image/thumb/Music124/v4/58/89/d4/5889d461-9c28-5926-11ae-f7ea7dca6382/074643340922.jpg/400x400bb.jpg
itunes_1444093548,Shades of Blue: Madlib Invades Blue Note,Madlib,2003,2000s,Jazz,https://is1-ssl.mzstatic.com/image/thumb/Music124/v4/0d/96/1d/0d961d09-8e54-e2f5-f5ce-b08690b1e797/00602537641079.rgb.jpg/400x400bb.jpg
itunes_1696215205,Pretzel Logic,Steely Dan,1974,1970s,Rock,https://is1-ssl.mzstatic.com/image/thumb/Music126/v4/49/6e/70/496e703c-f15e-8e95-821c-f94fac1f4c8e/23UMGIM50278.rgb.jpg/400x400bb.jpg
itunes_1031002336,Astral Weeks,Van Morrison,1968,1960s,Rock,https://is1-ssl.mzstatic.com/image/thumb/Music125/v4/88/91/1b/88911b7b-a63f-4624-3fb1-2976b628c59a/603497886340.jpg/400x400bb.jpg
itunes_1562897106,Hot Rats,Frank Zappa,1969,1960s,Rock,https://is1-ssl.mzstatic.com/image/thumb/Music114/v4/cf/ff/cc/cfffcc53-3c98-9cff-079d-262fdede78e9/12UMGIM15567.rgb.jpg/400x400bb.jpg
itunes_1492262288,Hejira,Joni Mitchell,1976,1970s,Pop,https://is1-ssl.mzstatic.com/image/thumb/Music124/v4/38/42/0b/38420bcf-f3aa-ba5b-2594-d9b3db6bb637/075596061421.jpg/400x400bb.jpg
itunes_1440922274,The Best of Roy Ayers (Love Fantasy),Roy Ayers Ubiquity,1997,1990s,Jazz,https://is1-ssl.mzstatic.com/image/thumb/Music211/v4/4f/ce/76/4fce7607-e059-45d9-9e79-5300603135b5/06UMGIM07765.rgb.jpg/400x400bb.jpg
itunes_263187191,Jaco Pastorius,Jaco Pastorius,1976,1970s,Jazz,https://is1-ssl.mzstatic.com/image/thumb/Music126/v4/9b/d7/2a/9bd72a7f-5f17-1a39-1492-e957185a4c73/886971276121.jpg/400x400bb.jpg
itunes_396486533,A Live One,Phish,1995,1990s,Rock,https://is1-ssl.mzstatic.com/image/thumb/Music115/v4/18/51/c8/1851c8d9-4468-a985-8a33-585a69ab685f/mzi.kvuanymf.jpg/400x400bb.jpg
itunes_1621384497,Pieces of a Man,Gil Scott-Heron,1971,1970s,Jazz,https://is1-ssl.mzstatic.com/image/thumb/Music116/v4/f8/e8/5b/f8e85bc3-8854-a257-9622-524e0dbc7b76/29667527484.jpg/400x400bb.jpg
itunes_171216188,Wired,Jeff Beck,1976,1970s,Rock,https://is1-ssl.mzstatic.com/image/thumb/Music114/v4/d9/66/ab/d966abcb-6f21-f9e7-6efa-40acdff089c9/696998543928.jpg/400x400bb.jpg
itunes_300953673,Hoist,Phish,1994,1990s,Rock,https://is1-ssl.mzstatic.com/image/thumb/Music115/v4/e5/fd/7a/e5fd7ad9-78ef-9cdc-1858-e4e339d0f594/075596162821.jpg/400x400bb.jpg
itunes_1031724336,Fusion,Jeremy Steig,1970,1970s,Jazz,https://is1-ssl.mzstatic.com/image/thumb/Music211/v4/96/c1/8d/96c18dbe-798b-c594-dd8f-7a3a417b1f51/4066.jpg/400x400bb.jpg
itunes_1448116436,Immigrance,Snarky Puppy,2019,2010s,Jazz,https://is1-ssl.mzstatic.com/image/thumb/Music115/v4/c3/19/85/c31985a7-7711-b72b-280b-e21dc645c6e1/193483196244.jpg/400x400bb.jpg
itunes_1624123331,Empire Central,Snarky Puppy,2022,2020s,Jazz,https://is1-ssl.mzstatic.com/image/thumb/Music112/v4/98/2f/b7/982fb7d3-bc21-0864-2ba7-dac21da989a9/196626852946.jpg/400x400bb.jpg
itunes_15137156,Rift,Phish,1993,1990s,Rock,https://is1-ssl.mzstatic.com/image/thumb/Music114/v4/b0/16/7a/b0167aae-daec-d7d1-542e-4ff5c25d9031/s02.ltjtxmnm.jpg/400x400bb.jpg
itunes_1435763078,Jazz Fusion,Various Artists,2018,2010s,Jazz,https://is1-ssl.mzstatic.com/image/thumb/Music128/v4/2d/16/93/2d16937c-3338-ef31-e4c4-dac34acb09ae/842474189900.jpg/400x400bb.jpg
itunes_1650884598,The Dream of the Blue Turtles,Sting,1985,1980s,Rock,https://is1-ssl.mzstatic.com/image/thumb/Music112/v4/57/df/38/57df38a8-3904-fd7e-1b2c-c14f55d0197e/22UM1IM21286.rgb.jpg/400x400bb.jpg
itunes_170409940,Heavy Weather,Weather Report,1977,1970s,Jazz,https://is1-ssl.mzstatic.com/image/thumb/Music221/v4/93/6e/c2/936ec2d4-1cc1-f60a-ff6c-4ba6f9ffcdb5/074646510827.jpg/400x400bb.jpg
itunes_168375057,Romantic Warrior,Return to Forever,1976,1970s,Jazz,https://is1-ssl.mzstatic.com/image/thumb/Music/93/7f/ae/mzi.yfrylqvk.jpg/400x400bb.jpg
itunes_453767128,The Golden Age of Apocalypse,Thundercat,2011,2010s,Electronic,https://is1-ssl.mzstatic.com/image/thumb/Music124/v4/71/f2/e3/71f2e3e0-b799-3315-9f91-ea9bfebb58db/mzi.isjazqfb.jpg/400x400bb.jpg
itunes_1440863519,Brand New Day,Sting,1999,1990s,Pop,https://is1-ssl.mzstatic.com/image/thumb/Music126/v4/eb/29/4c/eb294c36-1f54-fade-0de3-463ff57ea09a/16UMGIM59578.rgb.jpg/400x400bb.jpg
itunes_193610796,Santana (Legacy Edition),Santana,1969,1960s,Rock,https://is1-ssl.mzstatic.com/image/thumb/Features4/v4/91/67/d9/9167d94e-6ac2-5c40-927b-04ee5af6d37e/dj.krxajlkl.jpg/400x400bb.jpg
itunes_1523943125,Bright Size Life,Pat Metheny,1976,1970s,Jazz,https://is1-ssl.mzstatic.com/image/thumb/Music124/v4/fb/ce/c2/fbcec2cd-a158-c84d-f350-e1a670fad075/20UMGIM41822.rgb.jpg/400x400bb.jpg
itunes_202539950,On the Corner,Miles Davis,1972,1970s,Jazz,https://is1-ssl.mzstatic.com/image/thumb/Music3/v4/a9/94/a1/a994a1ff-9425-1f31-134d-407297457e8e/dj.gzlmjpzj.jpg/400x400bb.jpg
itunes_1049008924,Fragile,Yes,1971,1970s,Rock,https://is1-ssl.mzstatic.com/image/thumb/Music115/v4/10/a4/3d/10a43d25-f05e-612c-799c-4c3687a3aeb6/603497886128.jpg/400x400bb.jpg
itunes_396517973,A Picture of Nectar,Phish,1992,1990s,Rock,https://is1-ssl.mzstatic.com/image/thumb/Music124/v4/b8/83/0a/b8830a97-7ee2-583f-5bc3-db4dda1869d9/mzi.zjxeokhp.jpg/400x400bb.jpg
itunes_186421713,Thrust,Herbie Hancock,1974,1970s,Jazz,https://is1-ssl.mzstatic.com/image/thumb/Music1/v4/23/86/ec/2386ecc2-07a8-a190-fc0f-67539fb4bee1/dj.kfbtszgl.jpg/400x400bb.jpg
itunes_192657648,Caravanserai,Santana,1972,1970s,Rock,https://is1-ssl.mzstatic.com/image/thumb/Features115/v4/92/7c/4b/927c4be9-605c-3f32-110d-fa654ca7b872/dj.ihdspklf.jpg/400x400bb.jpg
itunes_1653396646,The Hissing of Summer Lawns (2022 Remaster),Joni Mitchell,1975,1970s,Folk,https://is1-ssl.mzstatic.com/image/thumb/Music122/v4/f9/47/45/f9474535-1e68-04a6-3dbc-d5b04f09e66f/603497833474.jpg/400x400bb.jpg
itunes_724495198,Ah Via Musicom,Eric Johnson,1990,1990s,Rock,https://is1-ssl.mzstatic.com/image/thumb/Music115/v4/a5/4e/23/a54e2374-dca6-333d-c997-f07cb1acb9e1/00724359030852.rgb.jpg/400x400bb.jpg
itunes_185858933,Elegant Gypsy,Al Di Meola,1977,1970s,Jazz,https://is1-ssl.mzstatic.com/image/thumb/Music125/v4/04/2b/fd/042bfd1b-fef6-5cf0-370b-e8df67af73e0/mzi.bvwzkmjh.jpg/400x400bb.jpg
itunes_1590488783,"Jazz Fusión - Mix de Música Instrumental, Jazz y Bossa Nova para Trabajar y Estudiar con Tranquilidad",Miles Jazz,2021,2020s,Jazz,https://is1-ssl.mzstatic.com/image/thumb/Music125/v4/de/c3/95/dec395b5-2035-6789-8030-af65125c2651/8052869099574.jpg/400x400bb.jpg
itunes_1617477129,Stranger Heads Prevail,Thank You Scientist,2016,2010s,Rock,https://is1-ssl.mzstatic.com/image/thumb/Music116/v4/1f/c6/8c/1fc68cf5-3975-bc6a-f5a4-aa44469ede8a/889326695110.png/400x400bb.jpg
itunes_50268989,Spectrum,Billy Cobham,1973,1970s,Jazz,https://is1-ssl.mzstatic.com/image/thumb/Music124/v4/a7/ae/37/a7ae376a-2e40-243e-84e8-31ac10456db7/s06.pkpnbmcb.jpg/400x400bb.jpg
itunes_300951918,Junta,Phish,1989,1980s,Rock,https://is1-ssl.mzstatic.com/image/thumb/Music/aa/b9/16/mzi.tktzexbt.jpg/400x400bb.jpg
itunes_272288047,Delta Blues,Various Artists,2007,2000s,Blues,https://is1-ssl.mzstatic.com/image/thumb/Music/2a/db/1e/mzi.mcnjpdwr.tif/400x400bb.jpg
itunes_1789743656,Delta Blues,Original Blues Music,2025,2020s,Blues,https://is1-ssl.mzstatic.com/image/thumb/Music221/v4/30/1d/ac/301dac63-fd1c-8be0-1e13-6518430c8745/859799924451_cover.jpg/400x400bb.jpg
itunes_1445668056,The Best of Muddy Waters,Muddy Waters,1957,1950s,Blues,https://is1-ssl.mzstatic.com/image/thumb/Music116/v4/0c/12/cf/0c12cfd9-7746-2645-3f6d-635c4c1b29c8/17UM1IM31341.rgb.jpg/400x400bb.jpg
itunes_157432232,King of the Delta Blues Singers,Robert Johnson,1961,1960s,Blues,https://is1-ssl.mzstatic.com/image/thumb/Music115/v4/3c/74/0d/3c740deb-0293-4184-a66d-5176b9e872a4/mzi.scyemciw.jpg/400x400bb.jpg
itunes_1080412480,Chulahoma: The Songs of Junior Kimbrough - EP,The Black Keys,2006,2000s,Blues,https://is1-ssl.mzstatic.com/image/thumb/Music69/v4/cc/3b/38/cc3b380f-7450-adf6-82b8-0a1f4639b84b/886445729948.jpg/400x400bb.jpg
itunes_546817591,The Complete Recordings,Robert Johnson,1990,1990s,Blues,https://is1-ssl.mzstatic.com/image/thumb/Music114/v4/01/f1/b4/01f1b41a-cb41-8f51-7a97-adf7a2954759/886443584365.jpg/400x400bb.jpg
itunes_1440719230,"The Best of John Lee Hooker, 1965 to 1974 (Impulse, Chess & ABC Recordings)",John Lee Hooker,1992,1990s,Blues,https://is1-ssl.mzstatic.com/image/thumb/Music124/v4/d6/03/e3/d603e3b7-ec93-811f-fbb4-25f999eab36c/00008811053925.rgb.jpg/400x400bb.jpg
itunes_1446521192,Delta Blues - EP,Collin Taylor & the Blues Jets,2018,2010s,Blues,https://is1-ssl.mzstatic.com/image/thumb/Music118/v4/b8/8a/5a/b88a5a9a-18d1-e469-97e0-1a26c2c17264/193428350304.jpg/400x400bb.jpg
itunes_1425203542,Moanin' in the Moonlight,Howlin' Wolf,1959,1950s,Blues,https://is1-ssl.mzstatic.com/image/thumb/Music116/v4/b2/ed/5e/b2ed5ea1-2bc0-5b3a-8297-7df5ed2d13b8/15UMGIM29010.rgb.jpg/400x400bb.jpg
itunes_198155305,Hard Again,Muddy Waters,1977,1970s,Blues,https://is1-ssl.mzstatic.com/image/thumb/Music125/v4/9d/9a/4d/9d9a4d75-895c-4dbe-dd1f-f586a24bd3e6/mzi.kkyhfzmk.jpg/400x400bb.jpg
itunes_1423326717,Folk Singer,Muddy Waters,1964,1960s,Blues,https://is1-ssl.mzstatic.com/image/thumb/Music128/v4/49/59/72/49597255-dd87-f30d-9e75-5cb0ecfda118/00602567823490.rgb.jpg/400x400bb.jpg
itunes_1440953961,Legacy: The Best of Tab Benoit,Tab Benoit,2012,2010s,Blues,https://is1-ssl.mzstatic.com/image/thumb/Music115/v4/9a/37/ab/9a37ab2c-0c39-02b8-ef97-788431da8759/00888072337657.rgb.jpg/400x400bb.jpg
itunes_1648946437,Delta Blues,Paul Lenart & Ann Cohen,2018,2010s,Blues,https://is1-ssl.mzstatic.com/image/thumb/Music122/v4/2e/6b/16/2e6b1653-8031-f930-7254-9236a8fd1736/cover.jpg/400x400bb.jpg
itunes_1440949770,Medicine,Tab Benoit,2011,2010s,Blues,https://is1-ssl.mzstatic.com/image/thumb/Music114/v4/80/6f/2f/806f2f15-94cd-e07d-69df-0cece615a95a/00888072329799.rgb.jpg/400x400bb.jpg
itunes_566455307,Steppin' Out,11th Hour,2012,2010s,Blues,https://is1-ssl.mzstatic.com/image/thumb/Music124/v4/58/b2/53/58b253ea-537d-648b-2798-33f324aa86c8/cover.jpg/400x400bb.jpg
itunes_1194790925,You Better Run: The Essential Junior Kimbrough,Junior Kimbrough,2002,2000s,Blues,https://is1-ssl.mzstatic.com/image/thumb/Music125/v4/74/15/94/741594a2-b43c-d3ca-ac14-a70cff0f3606/886446251851.jpg/400x400bb.jpg
itunes_158578165,The Original Delta Blues (Mojo Workin': Blues For the Next Generation),Son House,1998,1990s,Blues,https://is1-ssl.mzstatic.com/image/thumb/Music115/v4/ca/3a/1a/ca3a1a90-2f60-dcaf-be24-22f6e3afcabe/mzi.qffpedlb.jpg/400x400bb.jpg
itunes_304729397,Help Is On the Way,Doyle Lawson & Quicksilver,2008,2000s,Blues,https://is1-ssl.mzstatic.com/image/thumb/Music124/v4/36/c1/8a/36c18a07-cc8e-abf9-f188-42c279bf983d/5761.jpg/400x400bb.jpg
itunes_346337024,Delta Blues,5 Alarm Music,2008,2000s,Blues,https://is1-ssl.mzstatic.com/image/thumb/Music/0c/4f/89/mzi.aakkebfv.jpg/400x400bb.jpg
itunes_634138999,King of the Delta Blues,Robert Johnson,2013,2010s,Blues,https://is1-ssl.mzstatic.com/image/thumb/Music115/v4/7f/71/a3/7f71a373-eda9-a39e-cdfd-4d3a979963f4/886443959255.jpg/400x400bb.jpg
itunes_1173843857,Come On In,R.L. Burnside,1998,1990s,Blues,https://is1-ssl.mzstatic.com/image/thumb/Music124/v4/6b/13/24/6b132499-5fcc-ddd0-fd00-53cb7bc84e5c/886446218748.jpg/400x400bb.jpg
itunes_1484104118,The Real Folk Blues,Muddy Waters,1965,1960s,Blues,https://is1-ssl.mzstatic.com/image/thumb/Music126/v4/8b/a1/12/8ba11226-fad0-1e98-8f3e-7006acdbc9d5/14UMGIM57016.rgb.jpg/400x400bb.jpg
itunes_489045185,A Meeting By the River,Ry Cooder & Pandit Vishwa Mohan Bhatt,1993,1990s,Blues,https://is1-ssl.mzstatic.com/image/thumb/Music/50/2c/e1/mzi.eofpsfgm.jpg/400x400bb.jpg
itunes_1467842093,Up and Rolling,North Mississippi Allstars,2019,2010s,Blues,https://is1-ssl.mzstatic.com/image/thumb/Music126/v4/5d/20/50/5d20504a-313f-2458-e7ec-d19ad49ed491/607396646630.png/400x400bb.jpg
itunes_1074125148,First Recordings - EP,Junior Kimbrough,2009,2000s,Blues,https://is1-ssl.mzstatic.com/image/thumb/Music125/v4/b7/3f/42/b73f4255-f674-9e26-b13b-524c8abd8cd6/886445694246.jpg/400x400bb.jpg
itunes_1084859745,Most Things Haven't Worked Out,Junior Kimbrough,1997,1990s,Blues,https://is1-ssl.mzstatic.com/image/thumb/Music49/v4/0b/f7/ff/0bf7ffc9-ab08-55ff-7a23-cc8adab81cb9/886445748529.jpg/400x400bb.jpg
itunes_193895743,"King of the Delta Blues Singers, Vol. 2",Robert Johnson,1970,1970s,Blues,https://is1-ssl.mzstatic.com/image/thumb/Music/74/b9/1a/mzi.tnsmyghn.jpg/400x400bb.jpg
itunes_199049980,"Muddy ""Mississippi"" Waters Live (Legacy Edition)",Muddy Waters,1979,1970s,Blues,https://is1-ssl.mzstatic.com/image/thumb/Music115/v4/4c/c1/10/4cc1108f-3478-2dfd-2701-3c491a9d364f/696998655928.jpg/400x400bb.jpg
itunes_432748889,The Centennial Collection,Robert Johnson,2011,2010s,Blues,https://is1-ssl.mzstatic.com/image/thumb/Music/8a/bc/62/mzi.tmcwlwpa.jpg/400x400bb.jpg
itunes_1720265703,The Best Of Friends,John Lee Hooker,1998,1990s,Blues,https://is1-ssl.mzstatic.com/image/thumb/Music221/v4/4a/9c/85/4a9c852c-6f5c-efbb-2ea3-d504a66d3cec/4050538965360.jpg/400x400bb.jpg
itunes_1440947467,Fever For the Bayou,Tab Benoit,2005,2000s,Blues,https://is1-ssl.mzstatic.com/image/thumb/Music124/v4/60/40/5b/60405bc9-62f9-af02-1eaf-de4f02ad679f/00888072379244.rgb.jpg/400x400bb.jpg
itunes_1442895508,Travelin',John Lee Hooker,1960,1960s,Blues,https://is1-ssl.mzstatic.com/image/thumb/Music118/v4/73/25/54/732554c2-4ea9-c4de-4105-422f3f22639b/00829410755375.rgb.jpg/400x400bb.jpg
itunes_1184008740,Mississippi Hill Country Blues,R.L. Burnside,1984,1980s,Blues,https://is1-ssl.mzstatic.com/image/thumb/Music19/v4/c1/7f/c7/c17fc74e-8d39-c48d-24fc-96f549c0f02d/886445867930.jpg/400x400bb.jpg
itunes_1720264601,The Healer,John Lee Hooker,1989,1980s,Blues,https://is1-ssl.mzstatic.com/image/thumb/Music126/v4/fd/a9/44/fda94454-559f-c190-0683-6e49ce9e9be8/0888072376083.jpg/400x400bb.jpg
itunes_951247083,Lead Belly: The Smithsonian Folkways Collection,Lead Belly,2015,2010s,Blues,https://is1-ssl.mzstatic.com/image/thumb/Music3/v4/b5/32/a4/b532a401-7d2b-1f33-693e-8f916f312eb9/SFW40201_1500.jpg/400x400bb.jpg
itunes_193950462,King Bee,Muddy Waters,1981,1980s,Blues,https://is1-ssl.mzstatic.com/image/thumb/Music124/v4/15/d6/15/15d615ed-04f9-a23c-7bb8-7d056ddff89d/mzi.xejkassx.jpg/400x400bb.jpg
itunes_316686695,35th Anniversary,The Primitive Quartet,2009,2000s,Blues,https://is1-ssl.mzstatic.com/image/thumb/Music114/v4/65/7b/76/657b760a-94cb-4c30-a289-b8e819640f99/mzi.ncoobdms.jpg/400x400bb.jpg
itunes_157314970,Father of the Delta Blues: The Complete 1965 Sessions,Son House,1992,1990s,Blues,https://is1-ssl.mzstatic.com/image/thumb/Music/b2/58/11/mzi.xbnwxpfc.jpg/400x400bb.jpg
itunes_1443903193,The Real Folk Blues,John Lee Hooker,1966,1960s,Blues,https://is1-ssl.mzstatic.com/image/thumb/Music128/v4/d0/11/92/d011926c-1869-9188-858b-00f38419a921/00076732927120.rgb.jpg/400x400bb.jpg
itunes_1081152415,Too Bad Jim,R.L. Burnside,1994,1990s,Blues,https://is1-ssl.mzstatic.com/image/thumb/Music49/v4/14/5a/b0/145ab0b2-d6b7-a522-51aa-097c0f2e5446/886445720594.jpg/400x400bb.jpg
itunes_1443174137,Burnin',John Lee Hooker,1962,1960s,Blues,https://is1-ssl.mzstatic.com/image/thumb/Music128/v4/2f/ee/91/2fee9132-20c6-4d12-f898-135a4e3d2d55/00829410754675.rgb.jpg/400x400bb.jpg
itunes_1444076244,Power of the Pontchartrain (feat. Louisiana's LeRoux),Tab Benoit,2007,2000s,Blues,https://is1-ssl.mzstatic.com/image/thumb/Music128/v4/fe/ca/04/feca0431-c43c-892d-7c81-244e7c7063a8/00888072380134.rgb.jpg/400x400bb.jpg
itunes_1444195199,Night Train To Nashville (Live) [feat. Louisiana's LeRoux],Tab Benoit,2008,2000s,Blues,https://is1-ssl.mzstatic.com/image/thumb/Music124/v4/b9/8f/44/b98f44e6-19a2-ed1e-9401-e57a4dfe934e/00888072379916.rgb.jpg/400x400bb.jpg
itunes_316532962,Thank You for the Roses,The Primitive Quartet,2009,2000s,Blues,https://is1-ssl.mzstatic.com/image/thumb/Music/f6/42/63/mzi.ldazjlmg.jpg/400x400bb.jpg
itunes_219637503,"Where Did You Sleep Last Night: Lead Belly Legacy, Vol. 1",Lead Belly,1996,1990s,Blues,https://is1-ssl.mzstatic.com/image/thumb/Music/43/0e/2b/mzi.uftbeetz.jpg/400x400bb.jpg
itunes_1081169122,1st Recordings,R.L. Burnside,2003,2000s,Blues,https://is1-ssl.mzstatic.com/image/thumb/Music49/v4/f8/36/62/f836620f-7a79-be50-438f-50f636febaf0/886445720624.jpg/400x400bb.jpg
itunes_712186355,Best of the Bayou Blues,Tab Benoit,2006,2000s,Blues,https://is1-ssl.mzstatic.com/image/thumb/Music124/v4/87/90/43/87904380-6b0b-8099-1830-0e9deeee0052/00015707980258.rgb.jpg/400x400bb.jpg
itunes_264584399,Jon Cleary & the Absolute Monster Gentlemen,Jon Cleary,2002,2000s,Blues,https://is1-ssl.mzstatic.com/image/thumb/Music124/v4/ae/d4/67/aed46742-c3cd-be4c-cf89-9392cc5633d1/mzi.msmysppo.jpg/400x400bb.jpg
itunes_1440917716,"Live at the Checkerboard Lounge (Chicago, 1981)",Muddy Waters & The Rolling Stones,2012,2010s,Blues,https://is1-ssl.mzstatic.com/image/thumb/Music128/v4/d0/8b/d0/d08bd030-109e-67bf-2a57-4653efc29c9f/00670211032758.rgb.jpg/400x400bb.jpg
itunes_1444967929,Best of Slim Harpo,Slim Harpo,1997,1990s,Blues,https://is1-ssl.mzstatic.com/image/thumb/Music118/v4/73/f3/6f/73f36f58-b237-a558-b64e-f0d240d6538c/00602567825036.rgb.jpg/400x400bb.jpg
itunes_1083673265,Wish I Was in Heaven Sitting Down,R.L. Burnside,2000,2000s,Blues,https://is1-ssl.mzstatic.com/image/thumb/Music49/v4/21/a7/3e/21a73e1d-8718-f41f-49c1-1dc05d7eec87/886445748543.jpg/400x400bb.jpg
itunes_160594017,Rock 'N' Roll Gumbo (Maison de Blues Series),Professor Longhair,1977,1970s,Blues,https://is1-ssl.mzstatic.com/image/thumb/Music/b1/e8/25/mzi.wyftkdga.jpg/400x400bb.jpg
itunes_547667964,Soul Queen of New Orleans,Irma Thomas,1978,1970s,Blues,https://is1-ssl.mzstatic.com/image/thumb/Music124/v4/97/8b/f6/978bf6cb-dddb-4cd0-223f-163d91baacb1/887396211278.tif/400x400bb.jpg
itunes_666564201,No Two Ways About It,The Inspirations,2013,2010s,Blues,https://is1-ssl.mzstatic.com/image/thumb/Music124/v4/a2/64/2e/a2642edb-a5c3-9459-2343-43e20db55e8e/861.jpg/400x400bb.jpg
itunes_504734249,With Feeling Live,The McKameys,1992,1990s,Blues,https://is1-ssl.mzstatic.com/image/thumb/Music124/v4/2e/31/96/2e319697-fa4c-15ed-4ef7-d1366185f918/mzi.quqjwrls.jpg/400x400bb.jpg
itunes_1452805166,The River In Reverse (Digital Version),Elvis Costello & Allen Toussaint,2006,2000s,Blues,https://is1-ssl.mzstatic.com/image/thumb/Music114/v4/36/bb/fb/36bbfbf4-2f72-70c0-3612-3504ec6198f4/00602498566626.rgb.jpg/400x400bb.jpg
itunes_1079241896,"Sad Days, Lonely Nights",Junior Kimbrough & The Soul Blues Boys,1993,1990s,Blues,https://is1-ssl.mzstatic.com/image/thumb/Music49/v4/3a/06/34/3a06341f-6eaa-d221-effa-250e827b67a3/886445697902.jpg/400x400bb.jpg
itunes_1443921459,Down and Out Blues,Sonny Boy Williamson II,1959,1950s,Blues,https://is1-ssl.mzstatic.com/image/thumb/Music116/v4/39/ab/57/39ab5718-c63d-67b3-790a-91997a8d191d/06UMGIM07867.rgb.jpg/400x400bb.jpg
itunes_554621870,Chicago Blues,Various Artists,2012,2010s,Blues,https://is1-ssl.mzstatic.com/image/thumb/Music/v4/3b/dd/71/3bdd7162-145b-f2f3-e66c-eee01c11fc6e/cover.jpg/400x400bb.jpg
itunes_1884973136,Chicago Blues,Jazz Blues Nation,2026,2020s,Blues,https://is1-ssl.mzstatic.com/image/thumb/Music211/v4/23/c8/df/23c8df9b-401b-9497-02b3-a54a81ce550c/859734090296_cover.jpg/400x400bb.jpg
itunes_660240253,Chicago Blues - The Backstreets,Various Artists,2013,2010s,Blues,https://is1-ssl.mzstatic.com/image/thumb/Music2/v4/d1/fd/c9/d1fdc9ad-6db1-ad26-724f-7af08b362294/cover.jpg/400x400bb.jpg
itunes_40459676,Buddy Guy & Junior Wells Play the Blues,Buddy Guy & Junior Wells,1972,1970s,Blues,https://is1-ssl.mzstatic.com/image/thumb/Music/y2004/m12/d29/h08/s06.iyfvdeia.jpg/400x400bb.jpg
itunes_1445361820,The Definitive Collection,Howlin' Wolf,2007,2000s,Blues,https://is1-ssl.mzstatic.com/image/thumb/Music124/v4/e9/84/4d/e9844de5-6682-0330-a356-3e6572fd20fe/00602577174278.rgb.jpg/400x400bb.jpg
itunes_1785019038,Chicago Blues,Jazzy Soul,2024,2020s,Blues,https://is1-ssl.mzstatic.com/image/thumb/Music211/v4/c9/6a/40/c96a4025-55fa-dc53-d5df-827fbff07b1e/5063535254176.jpg/400x400bb.jpg
itunes_1508960539,Chicago Blues,johnny young,1968,1960s,Blues,https://is1-ssl.mzstatic.com/image/thumb/Music126/v4/fc/7e/77/fc7e77c5-395e-de74-9cfc-804fe8242b28/96297032565.jpg/400x400bb.jpg
itunes_298089616,The Paul Butterfield Blues Band,The Paul Butterfield Blues Band,1965,1960s,Blues,https://is1-ssl.mzstatic.com/image/thumb/Features115/v4/dc/99/9a/dc999a73-c686-25b0-e65d-5dbeff3a53fb/dj.ploqoore.jpg/400x400bb.jpg
itunes_1782959897,Chicago Blues,Caucasus Sounds,2024,2020s,Blues,https://is1-ssl.mzstatic.com/image/thumb/Music221/v4/5c/6f/05/5c6f050f-df80-86bc-5342-2e0a06514070/522400.jpg/400x400bb.jpg
itunes_217748739,Blues,Little Brother Montgomery,1961,1960s,Blues,https://is1-ssl.mzstatic.com/image/thumb/Music/3e/e0/88/mzi.yfqtptmw.jpg/400x400bb.jpg
itunes_1423326220,His Best: The Chess 50th Anniversary Collection,Little Walter,1997,1990s,Blues,https://is1-ssl.mzstatic.com/image/thumb/Music116/v4/37/ae/92/37ae92b5-1a2a-0f43-ff75-cd815d479d77/06UMGIM06782.rgb.jpg/400x400bb.jpg
itunes_1443553403,Bad News Is Coming (Remastered),Luther Allison,1973,1970s,Blues,https://is1-ssl.mzstatic.com/image/thumb/Music115/v4/b8/ab/6c/b8ab6cb5-1d8a-3045-48e7-128533f42e93/00044001340727.rgb.jpg/400x400bb.jpg
itunes_298090209,East-West,The Paul Butterfield Blues Band,1966,1960s,Blues,https://is1-ssl.mzstatic.com/image/thumb/Music/af/59/9d/mzi.pxpnhxtc.jpg/400x400bb.jpg
itunes_59904748,The Very Best of Jimmy Reed,Jimmy Reed,2005,2000s,Blues,https://is1-ssl.mzstatic.com/image/thumb/Music115/v4/08/b2/97/08b297e6-e241-4b0a-31a8-29ea2fa54993/669910917701.jpg/400x400bb.jpg
itunes_6790968061,Chicago Blues,Mike Wheeler Band,2026,2020s,Blues,https://is1-ssl.mzstatic.com/image/thumb/Music221/v4/53/b2/03/53b203bd-a343-caee-2cef-d3a832f5bd80/885288048520.jpg/400x400bb.jpg
itunes_723415356,Getting Ready...,Freddie King,1971,1970s,Blues,https://is1-ssl.mzstatic.com/image/thumb/Music125/v4/8c/98/fe/8c98fe7a-a445-ed49-1f31-abe925192e54/00724385386657.jpg/400x400bb.jpg
itunes_1469574409,Bo Diddley,Bo Diddley,1962,1960s,Blues,https://is1-ssl.mzstatic.com/image/thumb/Music124/v4/28/33/6e/28336ed8-99ff-5e34-20b6-2533b3781b7a/00602547760715.rgb.jpg/400x400bb.jpg
itunes_157185065,I Am the Blues,Willie Dixon,1970,1970s,Blues,https://is1-ssl.mzstatic.com/image/thumb/Music/c0/96/17/mzi.uyebvrnb.jpg/400x400bb.jpg
itunes_637455578,Chicago Blues (English Version),Chris Kramer,2013,2010s,Blues,https://is1-ssl.mzstatic.com/image/thumb/Music/v4/ac/81/4b/ac814b43-ed03-7929-5980-b5771c32a3a7/4036703100057_cover.jpg/400x400bb.jpg
itunes_1423339042,Howlin' Wolf,Howlin' Wolf,1962,1960s,Blues,https://is1-ssl.mzstatic.com/image/thumb/Music124/v4/91/ca/ab/91caab0a-da8e-894c-4ab9-12c864199d2a/00602567833598.rgb.jpg/400x400bb.jpg
itunes_723550112,The Best of Freddie King: The Shelter Records Years,Freddie King,2000,2000s,Blues,https://is1-ssl.mzstatic.com/image/thumb/Music128/v4/23/9e/08/239e08df-61c6-c2e7-4a48-6bccfeeadf2d/00724352724550.rgb.jpg/400x400bb.jpg
itunes_250106034,Shake Your Money Maker: The Best of the Fire Sessions (1960-1961),Elmore James,2001,2000s,Blues,https://is1-ssl.mzstatic.com/image/thumb/Music125/v4/15/2f/79/152f796a-ef2f-ef62-1f40-8516fd169a69/mzi.twakddqq.jpg/400x400bb.jpg
itunes_338692309,Chicago Blues - Volume 2,"The CB Blues Band, Colin Banagan, Dave Stevens, Daniel Strittimatter, Bob Davies & Colin Miller",2009,2000s,Blues,https://is1-ssl.mzstatic.com/image/thumb/Music/c4/76/de/mzi.tmzubhux.jpg/400x400bb.jpg
itunes_1452975975,Chess Pieces: The Very Best of Chess Records,Various Artists,2005,2000s,Blues,https://is1-ssl.mzstatic.com/image/thumb/Music122/v4/67/c8/33/67c83356-08b8-e3c0-34cd-ee084db91f59/06UMGIM60693.rgb.jpg/400x400bb.jpg
itunes_1881019494,Deluxe Edition,Koko Taylor,2002,2000s,Blues,https://is1-ssl.mzstatic.com/image/thumb/Music211/v4/df/18/d1/df18d178-91bf-0273-9915-42fe363cd2df/110349.jpg/400x400bb.jpg
itunes_259676380,Let's Hide Away and Dance Away,Freddie King,1961,1960s,Blues,https://is1-ssl.mzstatic.com/image/thumb/Music221/v4/dc/a9/38/dca938b9-fa2c-5a7b-5132-ef03b7327ab9/224.jpg/400x400bb.jpg
itunes_1847588492,Chicago Blues - EP,Jazz Blues Nation,2025,2020s,Blues,https://is1-ssl.mzstatic.com/image/thumb/Music221/v4/c0/06/7e/c0067e0c-fb96-d89e-6ee5-92d52853065d/859720686151_cover.jpg/400x400bb.jpg
itunes_711980272,A Man & The Blues,Buddy Guy,1968,1960s,Blues,https://is1-ssl.mzstatic.com/image/thumb/Music/v4/44/31/09/443109bc-fc67-22d7-f403-cedf858865d2/00015707927253.jpg/400x400bb.jpg
itunes_1890515719,Chicago Blues - EP,Payton Scott,2026,2020s,Blues,https://is1-ssl.mzstatic.com/image/thumb/Music211/v4/91/42/2e/91422ef8-fa35-99df-4c25-11ff6ef6ca36/823000187560.png/400x400bb.jpg
itunes_1442256057,"Muddy Waters Sings ""Big Bill""",Muddy Waters,1960,1960s,Blues,https://is1-ssl.mzstatic.com/image/thumb/Music128/v4/75/07/f4/7507f416-cfe8-43e9-97a4-63d46af224eb/00602547263827.rgb.jpg/400x400bb.jpg
itunes_1754625641,Chicago Blues,Jazzaphone,2024,2020s,Blues,https://is1-ssl.mzstatic.com/image/thumb/Music211/v4/a9/48/b0/a948b064-121f-cc61-b50e-d310b3b348c2/859775728448_cover.jpg/400x400bb.jpg
itunes_974126573,Chicago Blues,Al Miller,2015,2010s,Blues,https://is1-ssl.mzstatic.com/image/thumb/Music1/v4/ef/9e/af/ef9eaf98-f998-efc3-dd12-ee9b0f8c0653/889176695674.jpg/400x400bb.jpg
itunes_1443422463,Left My Blues In San Francisco,Buddy Guy,1967,1960s,Blues,https://is1-ssl.mzstatic.com/image/thumb/Music128/v4/5d/d8/82/5dd882c4-3371-9258-3f71-e8da065329e1/00076731126524.rgb.jpg/400x400bb.jpg
itunes_1435009874,The Chess Box,Willie Dixon,1989,1980s,Blues,https://is1-ssl.mzstatic.com/image/thumb/Music116/v4/d9/08/3f/d9083f7f-5949-a75d-94eb-79ee468cfb56/06UMGIM06785.rgb.jpg/400x400bb.jpg
itunes_1621368646,The Legendary Modern Recordings,John Lee Hooker,1992,1990s,Blues,https://is1-ssl.mzstatic.com/image/thumb/Music122/v4/35/e7/1d/35e71d36-b184-046c-cc3e-02e9c9910fd4/196626722119.jpg/400x400bb.jpg
itunes_193677889,The Essential Otis Rush,Otis Rush,2000,2000s,Blues,https://is1-ssl.mzstatic.com/image/thumb/Music115/v4/8e/30/5b/8e305bbb-719d-c067-e6e7-cbbcc1721d9e/dj.cmaycsdv.tif/400x400bb.jpg
itunes_322351171,Chicago Blues,The CB Blues Band & Colin Banagan,2009,2000s,Blues,https://is1-ssl.mzstatic.com/image/thumb/Features/a8/61/de/dj.woogmcda.jpg/400x400bb.jpg
itunes_1440761887,The Chess 50th Anniversary Collection: His Best,Sonny Boy Williamson II,1997,1990s,Blues,https://is1-ssl.mzstatic.com/image/thumb/Music126/v4/6d/04/1a/6d041a03-448c-f029-d87b-3f6bac403ff7/06UMGIM07869.rgb.jpg/400x400bb.jpg
itunes_1444060788,Found Love,Jimmy Reed,1960,1960s,Blues,https://is1-ssl.mzstatic.com/image/thumb/Music124/v4/94/a7/53/94a753e8-805d-90d1-0431-7faaaa11771a/00829410753579.rgb.jpg/400x400bb.jpg
itunes_298111379,The Resurrection of Pigboy Crabshaw,The Paul Butterfield Blues Band,1967,1960s,Blues,https://is1-ssl.mzstatic.com/image/thumb/Music/31/6d/b8/mzi.nueezrqg.jpg/400x400bb.jpg
itunes_1443193763,The Blues Never Die! (Remastered),Otis Spann,1969,1960s,Blues,https://is1-ssl.mzstatic.com/image/thumb/Music128/v4/67/ce/f9/67cef9cc-9e75-a197-6bab-b7264c3da048/00025218053020.rgb.jpg/400x400bb.jpg
itunes_418882950,Chicago Blues (Delta Blues) Volume 4,The CB Blues Band & Colin Banagan,2011,2010s,Blues,https://is1-ssl.mzstatic.com/image/thumb/Music124/v4/64/28/79/6428793c-1ba2-2da7-4da5-15bef3d3198b/mzi.waxjlxek.jpg/400x400bb.jpg
itunes_1484105672,The Chess Box,Muddy Waters,1989,1980s,Blues,https://is1-ssl.mzstatic.com/image/thumb/Music126/v4/96/2d/9f/962d9fcb-f1a7-8280-8faa-2fdf048dae95/14UMGIM55917.rgb.jpg/400x400bb.jpg
itunes_121051922,Mourning In the Morning,Otis Rush,1969,1960s,Blues,https://is1-ssl.mzstatic.com/image/thumb/Music/2f/fb/29/mzi.hujzrqde.jpg/400x400bb.jpg
itunes_45434408,Blues from the Gutter,Champion Jack Dupree,1958,1950s,Blues,https://is1-ssl.mzstatic.com/image/thumb/Features115/v4/53/fd/9e/53fd9ef2-f912-ea47-eb7c-845864a18596/dj.eclqxbmt.jpg/400x400bb.jpg
itunes_575600920,Electric Blues,Various Artists,2012,2010s,Blues,https://is1-ssl.mzstatic.com/image/thumb/Music/v4/81/e8/ea/81e8eaba-b55e-a064-a214-c4a6e2a66fd5/cover.jpg/400x400bb.jpg
itunes_193063151,The Essential Stevie Ray Vaughan and Double Trouble,Stevie Ray Vaughan & Double Trouble,2002,2000s,Blues,https://is1-ssl.mzstatic.com/image/thumb/Music125/v4/db/25/b6/db25b60d-8b54-43b3-4e10-6fd6e85a019a/mzi.qkbchvpj.jpg/400x400bb.jpg
itunes_192753360,The Sky Is Crying,Stevie Ray Vaughan & Double Trouble,1991,1990s,Blues,https://is1-ssl.mzstatic.com/image/thumb/Music114/v4/09/09/fc/0909fc12-3709-3744-cc2b-3c9a8308ed4e/mzi.nsuimrfm.jpg/400x400bb.jpg
itunes_257119700,Electric Blues,Slowburner & Champion Jack Dupree,2007,2000s,Blues,https://is1-ssl.mzstatic.com/image/thumb/Music/db/b6/4e/mzi.bfrvpkxh.jpg/400x400bb.jpg
itunes_1883266227,Electric Blues,MY BLUES,2026,2020s,Blues,https://is1-ssl.mzstatic.com/image/thumb/Music211/v4/46/af/f7/46aff7af-3be5-1830-7eac-171c0f6535dc/1007295.jpg/400x400bb.jpg
itunes_808687004,Electric Blues,Kai Strauss,2014,2010s,Blues,https://is1-ssl.mzstatic.com/image/thumb/Music4/v4/89/b9/36/89b9367e-920d-24fe-8e10-00c2bded2efe/CECD49.jpg/400x400bb.jpg
itunes_489437956,Electric Blues - Cousin Joe In Concert,Cousin Joe,2011,2010s,Blues,https://is1-ssl.mzstatic.com/image/thumb/Music/86/ff/76/mzi.bnqtyhum.jpg/400x400bb.jpg
itunes_1434913344,Blues Breakers with Eric Clapton,John Mayall & The Bluesbreakers,1966,1960s,Blues,https://is1-ssl.mzstatic.com/image/thumb/Music114/v4/0c/11/ca/0c11ca20-7902-b9ef-f65c-5e60c3010234/00602567827191.rgb.jpg/400x400bb.jpg
itunes_1623192343,Electric Blues,Paul Lenart,1993,1990s,Blues,https://is1-ssl.mzstatic.com/image/thumb/Music112/v4/89/65/7f/89657f85-086a-bd09-2740-b9b880df77a1/cover.jpg/400x400bb.jpg
itunes_1881129810,Ice Pickin',Albert Collins,1978,1970s,Blues,https://is1-ssl.mzstatic.com/image/thumb/Music221/v4/65/18/49/651849fe-32c0-4a88-7db9-ee87437b10f1/110563.jpg/400x400bb.jpg
itunes_1423330493,"The London Howlin' Wolf Sessions (Reissue) [feat. Eric Clapton, Steve Winwood, Bill Wyman & Charlie Watts]",Howlin' Wolf,1971,1970s,Blues,https://is1-ssl.mzstatic.com/image/thumb/Music128/v4/fb/fb/8a/fbfb8a89-8ade-c648-dfd8-4541b1e5f274/00602567824077.rgb.jpg/400x400bb.jpg
itunes_560652745,Blak and Blu (Deluxe Version),Gary Clark Jr.,2012,2010s,Blues,https://is1-ssl.mzstatic.com/image/thumb/Music114/v4/69/fb/3d/69fb3d59-5935-e227-b63f-813bb8a86670/093624947110.jpg/400x400bb.jpg
itunes_1481272592,Electric Blues,Lightnin' James,2019,2010s,Blues,https://is1-ssl.mzstatic.com/image/thumb/Music113/v4/e9/0c/18/e90c1868-6682-253f-ee34-ce99476ae873/artwork.jpg/400x400bb.jpg
itunes_1458555555,Born Under A Bad Sign (Mono),Albert King,1967,1960s,Blues,https://is1-ssl.mzstatic.com/image/thumb/Music115/v4/6f/3c/56/6f3c5694-faa8-9781-bfdd-d80c12b9ac3c/00888072097599.rgb.jpg/400x400bb.jpg
itunes_592756949,Texas Flood (Legacy Edition),Stevie Ray Vaughan & Double Trouble,1983,1980s,Blues,https://is1-ssl.mzstatic.com/image/thumb/Features125/v4/4c/30/3b/4c303b15-31ec-2f95-5beb-370471968188/dj.fbyalctw.jpg/400x400bb.jpg
itunes_382575920,Couldn't Stand the Weather (Legacy Edition),Stevie Ray Vaughan & Double Trouble,1984,1980s,Blues,https://is1-ssl.mzstatic.com/image/thumb/Features115/v4/7b/39/22/7b3922b9-61c1-5ad9-4c68-25f41f3fd402/dj.orqmjfhi.jpg/400x400bb.jpg
itunes_1440924739,Lie to Me,Jonny Lang,1997,1990s,Blues,https://is1-ssl.mzstatic.com/image/thumb/Music124/v4/a5/b0/18/a5b01858-ef9b-50a5-7285-9ab8e4003317/00731454064026.rgb.jpg/400x400bb.jpg
itunes_1434873841,Greatest Hits,B.B. King,1998,1990s,Blues,https://is1-ssl.mzstatic.com/image/thumb/Music114/v4/71/aa/8c/71aa8ce6-86bd-54c3-632b-3944ffc578a2/06UMGIM04205.rgb.jpg/400x400bb.jpg
itunes_102475324,Midnight Run,"Bobby ""Blue"" Bland",1989,1980s,Blues,https://is1-ssl.mzstatic.com/image/thumb/Music/6d/24/b6/mzi.pwjapndi.jpg/400x400bb.jpg
itunes_1440860087,Strong Persuader,Robert Cray,1986,1980s,Blues,https://is1-ssl.mzstatic.com/image/thumb/Music128/v4/c1/38/15/c138152a-52c3-a1b3-c9d2-7cbb83bd3af4/00602537845507.rgb.jpg/400x400bb.jpg
itunes_489431905,Electric Blues - Boogie Bill Webb In Concert (Live),Boogie Bill Webb,2011,2010s,Blues,https://is1-ssl.mzstatic.com/image/thumb/Music/d7/10/40/mzi.ioihzuoa.jpg/400x400bb.jpg
itunes_266390191,In Step,Stevie Ray Vaughan & Double Trouble,1989,1980s,Blues,https://is1-ssl.mzstatic.com/image/thumb/Music124/v4/b9/b5/24/b9b524be-3b29-b7f4-ccfb-71e09ccd40ec/dj.eaozurbq.jpg/400x400bb.jpg
itunes_1440926271,In Session (With Stevie Ray Vaughan) [Live],Albert King,1999,1990s,Blues,https://is1-ssl.mzstatic.com/image/thumb/Music221/v4/22/1d/bc/221dbc9a-f345-1950-dffc-0eb2c48311e4/09UMGIM20634.rgb.jpg/400x400bb.jpg
itunes_302225743,Ledbetter Heights,Kenny Wayne Shepherd,1995,1990s,Blues,https://is1-ssl.mzstatic.com/image/thumb/Music/1d/67/95/mzi.qnkyymcp.jpg/400x400bb.jpg
itunes_300546254,Already Free (Bonus Track Version),The Derek Trucks Band,2009,2000s,Blues,https://is1-ssl.mzstatic.com/image/thumb/Music124/v4/70/87/2a/70872a25-724e-5c76-87e4-1a6f1c172d62/mzi.amqxdyty.jpg/400x400bb.jpg
itunes_1443858988,Dreamer,"Bobby ""Blue"" Bland",1974,1970s,Blues,https://is1-ssl.mzstatic.com/image/thumb/Music115/v4/42/de/8c/42de8c53-a4f0-0f2f-ed8a-7094829da14a/00008811041526.rgb.jpg/400x400bb.jpg
itunes_930561264,Texas Flood,Stevie Ray Vaughan & Double Trouble,1983,1980s,Blues,https://is1-ssl.mzstatic.com/image/thumb/Music115/v4/27/50/02/27500228-f8e4-8c5c-bb1c-8bfbec68a5fb/886443827141.jpg/400x400bb.jpg
itunes_1469584475,Completely Well,B.B. King,1969,1960s,Blues,https://is1-ssl.mzstatic.com/image/thumb/Music125/v4/f9/a4/c6/f9a4c613-ecfd-2440-c268-87168e580156/06UMGIM01700.rgb.jpg/400x400bb.jpg
itunes_131714549,Blues - A Beautiful Thing,Mel Brown & The Homewreckers,2006,2000s,Blues,https://is1-ssl.mzstatic.com/image/thumb/Music/b0/a6/56/mzi.kaeihgvt.jpg/400x400bb.jpg
itunes_1423938363,Carolina Confessions,The Marcus King Band,2018,2010s,Blues,https://is1-ssl.mzstatic.com/image/thumb/Music124/v4/41/22/45/41224554-35d1-5795-df6d-5e97a3a30037/00888072067448.rgb.jpg/400x400bb.jpg
itunes_1684357304,Riding with the King,Eric Clapton & B.B. King,2000,2000s,Blues,https://is1-ssl.mzstatic.com/image/thumb/Music211/v4/f9/4a/72/f94a72c5-24af-a6ed-5446-34431abca479/197188649494.jpg/400x400bb.jpg
itunes_1442969420,Sufferin' Mind,Guitar Slim,1991,1990s,Blues,https://is1-ssl.mzstatic.com/image/thumb/Music124/v4/c6/93/3d/c6933d6d-7e07-2585-0d7a-ad5d164c6276/00022211700722.rgb.jpg/400x400bb.jpg
itunes_74727463,Hoodoo Man Blues (Bonus Tracks),Junior Wells' Chicago Blues Band,1965,1960s,Blues,https://is1-ssl.mzstatic.com/image/thumb/Music115/v4/39/11/9f/39119f11-4142-781c-5b8a-653fd21cbcbf/s07.njmzcbac.jpg/400x400bb.jpg
itunes_193527879,Taj Mahal,Taj Mahal,1968,1960s,Blues,https://is1-ssl.mzstatic.com/image/thumb/Music/bd/dc/c6/mzi.hbjawwnb.jpg/400x400bb.jpg
itunes_299081284,T-Bone Blues,T-Bone Walker,1959,1950s,Blues,https://is1-ssl.mzstatic.com/image/thumb/Music124/v4/71/ec/4d/71ec4d82-6b0a-4b6e-6529-75776a09d998/mzi.wrjzyjhz.jpg/400x400bb.jpg
itunes_271718542,"Solos, Sessions & Encores",Stevie Ray Vaughan,2007,2000s,Blues,https://is1-ssl.mzstatic.com/image/thumb/Music124/v4/57/61/56/57615627-a648-7917-2850-a7690cef414d/mzi.qzhfkusw.jpg/400x400bb.jpg
itunes_1200488004,Live North America 2016,Gary Clark Jr.,2017,2010s,Blues,https://is1-ssl.mzstatic.com/image/thumb/Music125/v4/83/39/47/8339475e-6b4d-12fb-5ad9-1eb2ac5bbd6b/093624913900.jpg/400x400bb.jpg
itunes_1665297014,Live from Madison Square Garden,Eric Clapton & Steve Winwood,2009,2000s,Blues,https://is1-ssl.mzstatic.com/image/thumb/Music123/v4/e9/19/23/e919237b-faae-9aa2-7d0a-60ff984b60aa/197187821792.jpg/400x400bb.jpg
itunes_1440831941,Live At the Regal,B.B. King,1965,1960s,Blues,https://is1-ssl.mzstatic.com/image/thumb/Music118/v4/bc/fa/b8/bcfab88a-c67d-54c2-418d-dcd28420a507/00602547481955.rgb.jpg/400x400bb.jpg
itunes_1628456801,Electric Blues - Underscores,Paul Lenart,1993,1990s,Blues,https://is1-ssl.mzstatic.com/image/thumb/Music122/v4/4c/81/bf/4c81bf7b-4df9-f448-4dde-ab6d8d3c8a12/cover.jpg/400x400bb.jpg
itunes_320264810,Heavy Metal (Music from the Motion Picture),Various Artists,1981,1980s,Metal,https://is1-ssl.mzstatic.com/image/thumb/Music124/v4/0e/0f/08/0e0f089c-cf0f-77a0-a510-29113e73e16c/mzi.ghxlxicy.jpg/400x400bb.jpg
itunes_1079604337,Heavy Metal,Miles Nielsen,2016,2010s,Metal,https://is1-ssl.mzstatic.com/image/thumb/Music69/v4/cf/4c/ae/cf4caea3-19cc-74f7-fe15-9584338f4e48/0.jpg/400x400bb.jpg
itunes_586448459,Metal - EP,Newsted,2013,2010s,Metal,https://is1-ssl.mzstatic.com/image/thumb/Music/v4/8c/9d/a2/8c9da224-c27d-887d-dc8b-2d3918f110de/868281.jpg/400x400bb.jpg
itunes_357975367,Heavy,Iron Butterfly,1968,1960s,Metal,https://is1-ssl.mzstatic.com/image/thumb/Music/45/90/a1/mzi.vygyxfop.jpg/400x400bb.jpg
itunes_1558595736,Homesick,A Day to Remember,2009,2000s,Metal,https://is1-ssl.mzstatic.com/image/thumb/Music124/v4/47/69/49/4769492c-5864-60ac-1bc7-31b8eeee05b6/19CRGIM19264.rgb.jpg/400x400bb.jpg
itunes_1576430192,GLOW ON,Turnstile,2021,2020s,Metal,https://is1-ssl.mzstatic.com/image/thumb/Music125/v4/bd/ed/05/bded05c9-3355-c885-3840-b9a4b427b118/075679792839.jpg/400x400bb.jpg
itunes_1368196699,Prequelle,Ghost,2018,2010s,Metal,https://is1-ssl.mzstatic.com/image/thumb/Music126/v4/f6/bf/f3/f6bff353-da49-26a4-9d3f-90b4d5a8898c/18CRGIM05536.rgb.jpg/400x400bb.jpg
itunes_1655432387,72 Seasons,Metallica,2023,2020s,Metal,https://is1-ssl.mzstatic.com/image/thumb/Music126/v4/f7/50/56/f75056b7-d390-d215-51c5-3695dc6fe468/810083961095.png/400x400bb.jpg
itunes_785239139,Master of Reality,Black Sabbath,1971,1970s,Metal,https://is1-ssl.mzstatic.com/image/thumb/Music124/v4/c2/9f/a1/c29fa109-8c22-bb7f-82f2-a6891d961c28/075992725323.jpg/400x400bb.jpg
itunes_1440770702,Mutter,Rammstein,2001,2000s,Metal,https://is1-ssl.mzstatic.com/image/thumb/Music122/v4/ad/32/8f/ad328fce-8d4f-2708-9393-15eeb93528a8/06UMGIM68596.rgb.jpg/400x400bb.jpg
itunes_1798815160,Laugh Tracks,Knocked Loose,2016,2010s,Metal,https://is1-ssl.mzstatic.com/image/thumb/Music221/v4/73/4f/ab/734fab0e-ea4e-05a9-d6b3-8be24c4299a2/886446016597.png/400x400bb.jpg
itunes_1713862422,The Number of the Beast (2015 Remaster),Iron Maiden,1982,1980s,Metal,https://is1-ssl.mzstatic.com/image/thumb/Music116/v4/1d/cb/ac/1dcbac1b-737d-b7c8-8bed-b5a98ae9df77/0881034134448.jpg/400x400bb.jpg
itunes_787645011,Black Sabbath,Black Sabbath,1970,1970s,Metal,https://is1-ssl.mzstatic.com/image/thumb/Music115/v4/62/8a/3d/628a3dc3-c862-8641-6306-64d7e7e8960a/075992718523.jpg/400x400bb.jpg
itunes_1456789831,Rammstein,Rammstein,2019,2010s,Metal,https://is1-ssl.mzstatic.com/image/thumb/Music112/v4/52/c0/4b/52c04bfb-7eb1-a158-1ac9-e1d4c82ce146/19UMGIM06727.rgb.jpg/400x400bb.jpg
itunes_1584622643,Eternal Blue,Spiritbox,2021,2020s,Metal,https://is1-ssl.mzstatic.com/image/thumb/Music211/v4/6a/dc/82/6adc8230-3041-26c5-9d8f-d5b97acc09d0/4050538694772.jpg/400x400bb.jpg
itunes_724489148,They're Only Chasing Safety,Underoath,2004,2000s,Metal,https://is1-ssl.mzstatic.com/image/thumb/Music124/v4/1b/00/68/1b00687a-cdae-ea18-a229-6f50611af545/00724358318456.rgb.jpg/400x400bb.jpg
itunes_1466701470,Atonement,Killswitch Engage,2019,2010s,Metal,https://is1-ssl.mzstatic.com/image/thumb/Music125/v4/ca/6b/f6/ca6bf654-1ed4-c4ff-eb4e-e9c990f16951/Killswitch_Engage_-_Atonement.jpg/400x400bb.jpg
itunes_262090253,As Daylight Dies (Special Edition),Killswitch Engage,2006,2000s,Metal,https://is1-ssl.mzstatic.com/image/thumb/Music125/v4/4e/b5/b2/4eb5b227-f274-e661-33ff-dc3b0856bb07/mzi.qaklsiyz.jpg/400x400bb.jpg
itunes_1440940730,Deadweight,Wage War,2017,2010s,Metal,https://is1-ssl.mzstatic.com/image/thumb/Music125/v4/2d/fa/f0/2dfaf036-bfa1-2ebc-a6ea-fb1c03311d00/00888072026773.rgb.jpg/400x400bb.jpg
itunes_1669633920,Rust In Peace (2004 Remix / Expanded Edition),Megadeth,1990,1990s,Metal,https://is1-ssl.mzstatic.com/image/thumb/Music116/v4/1d/98/fa/1d98fa0e-9d9f-b259-12c7-dca7ef1f6fa8/13UABIM52455.rgb.jpg/400x400bb.jpg
itunes_1727790222,Skid Row,Skid Row,1989,1980s,Metal,https://is1-ssl.mzstatic.com/image/thumb/Music116/v4/97/73/fb/9773fb18-0a19-d3dc-d702-47cc42beb64e/0603497880065.jpg/400x400bb.jpg
itunes_1885803215,DOOM (Original Game Soundtrack),Mick Gordon,2016,2010s,Metal,https://is1-ssl.mzstatic.com/image/thumb/Music211/v4/f3/55/f8/f355f89a-1e55-bb46-1bf9-0785196d3ce6/093155170599_cover.jpg/400x400bb.jpg
itunes_579367503,Death Magnetic,Metallica,2008,2000s,Metal,https://is1-ssl.mzstatic.com/image/thumb/Music125/v4/40/89/68/40896869-db34-6b2e-3e6e-d778d188713b/0093624981565.jpg/400x400bb.jpg
itunes_1579606308,Manic,Wage War,2021,2020s,Metal,https://is1-ssl.mzstatic.com/image/thumb/Music115/v4/e7/d8/69/e7d86982-5ff4-2c27-1e4f-f0af9ec23934/21CRGIM28134.rgb.jpg/400x400bb.jpg
itunes_1104432592,Magma,GOJIRA,2016,2010s,Metal,https://is1-ssl.mzstatic.com/image/thumb/Music125/v4/24/cd/f7/24cdf7d0-279d-316e-a39c-51c35e2cce32/016861747947.jpg/400x400bb.jpg
itunes_785231820,Sabbath Bloody Sabbath,Black Sabbath,1973,1970s,Metal,https://is1-ssl.mzstatic.com/image/thumb/Music125/v4/2b/7d/9a/2b7d9a86-ff59-f9fe-37ec-363b44f54d18/075992727228.jpg/400x400bb.jpg
itunes_1659203215,This Place Will Become Your Tomb,Sleep Token,2021,2020s,Metal,https://is1-ssl.mzstatic.com/image/thumb/Music122/v4/4d/0a/38/4d0a38a3-7cbd-eb54-236c-065a5a558836/5400863107048_cover.jpg/400x400bb.jpg
itunes_724648893,Rust In Peace,Megadeth,1990,1990s,Metal,https://is1-ssl.mzstatic.com/image/thumb/Music221/v4/df/fe/a7/dffea722-e8d7-b2ac-2b31-e207fb738b8e/13UABIM36806.rgb.jpg/400x400bb.jpg
itunes_1840222160,Megadeth,Megadeth,2026,2020s,Metal,https://is1-ssl.mzstatic.com/image/thumb/Music221/v4/0d/cb/e5/0dcbe58e-d061-bcd2-0e2d-19b8a4dcde78/199538837193.jpg/400x400bb.jpg
itunes_190255039,Deliverance,Corrosion of Conformity,1994,1990s,Metal,https://is1-ssl.mzstatic.com/image/thumb/Music115/v4/f5/b6/51/f5b651c5-0788-66bb-ded5-2d80fe274419/mzi.ciektycd.jpg/400x400bb.jpg
itunes_1660448793,Thrash Metal,Blood Tsunami,2007,2000s,Metal,https://is1-ssl.mzstatic.com/image/thumb/Music122/v4/be/05/24/be0524c0-73b2-a3bb-bc50-b77be0a4a167/5400863116743_cover.jpg/400x400bb.jpg
itunes_725787773,Greatest Hits: Back to the Start,Megadeth,2005,2000s,Metal,https://is1-ssl.mzstatic.com/image/thumb/Music125/v4/99/d2/6c/99d26c81-b2f7-21ec-ee5a-7f428bc85803/13UABIM59296.rgb.jpg/400x400bb.jpg
itunes_1103055744,Ride the Lightning (Deluxe Edition),Metallica,1984,1980s,Metal,https://is1-ssl.mzstatic.com/image/thumb/Music128/v4/1d/7d/88/1d7d88ea-3bfd-9f20-2c86-630a32aac634/dj.mapicmzf.png/400x400bb.jpg
itunes_1515553520,S&M2 (Live),Metallica,2020,2020s,Metal,https://is1-ssl.mzstatic.com/image/thumb/Music124/v4/bd/81/8e/bd818ef8-a6bc-5bef-2f23-feb21614c8be/850007452285.png/400x400bb.jpg
itunes_723943316,Youthanasia (Remastered),Megadeth,1994,1990s,Metal,https://is1-ssl.mzstatic.com/image/thumb/Music118/v4/81/ab/d0/81abd09b-e4ff-4cfd-0d5f-4244bf539a25/00724359862354.rgb.jpg/400x400bb.jpg
itunes_404193254,WWE: Wreckless Intent,Various Artists,2006,2000s,Metal,https://is1-ssl.mzstatic.com/image/thumb/Music125/v4/5f/99/cf/5f99cf41-ea5c-aaec-d79a-853faef34cf4/mzi.pxlqoruu.jpg/400x400bb.jpg
itunes_687785110,Live Shit: Binge & Purge (Live In Mexico City),Metallica,1993,1990s,Metal,https://is1-ssl.mzstatic.com/image/thumb/Music3/v4/16/9a/c7/169ac749-5acd-5f9d-c70e-a397ee92411c/dj.jyktscwl.png/400x400bb.jpg
itunes_723975910,Cryptic Writings (Remastered),Megadeth,1997,1990s,Metal,https://is1-ssl.mzstatic.com/image/thumb/Music115/v4/24/63/98/246398d8-735b-3c6c-cdba-ca4c8b4fe5cd/00724359862552.rgb.jpg/400x400bb.jpg
itunes_1004701980,Bonded by Blood,Exodus,1985,1980s,Metal,https://is1-ssl.mzstatic.com/image/thumb/Music7/v4/e7/32/7a/e7327add-a412-2602-9550-57855cba1fb7/886445159905.jpg/400x400bb.jpg
itunes_932602233,Sound of White Noise (Deluxe Edition),Anthrax,1993,1990s,Metal,https://is1-ssl.mzstatic.com/image/thumb/Music3/v4/c7/10/f4/c710f4c6-f0f9-684a-22a3-6012882dafda/888880418821.tif/400x400bb.jpg
itunes_1352992262,Tū,Alien Weaponry,2018,2010s,Metal,https://is1-ssl.mzstatic.com/image/thumb/Music211/v4/69/f0/d2/69f0d2b2-9154-f034-2646-077c2fffcfbf/840588116683.jpg/400x400bb.jpg
itunes_1474115345,The Age of Quarrel,Cro-Mags,1986,1980s,Metal,https://is1-ssl.mzstatic.com/image/thumb/Music124/v4/12/6e/9e/126e9e2f-1947-77d4-c79d-8684360d1cc8/artwork.jpg/400x400bb.jpg
itunes_1440849412,Persistence of Time,Anthrax,1990,1990s,Metal,https://is1-ssl.mzstatic.com/image/thumb/Music118/v4/ec/1b/75/ec1b75cb-008a-67c2-2b85-23aa101b22f5/00602547817457.rgb.jpg/400x400bb.jpg
itunes_1828403729,Para Bellum,Testament,2025,2020s,Metal,https://is1-ssl.mzstatic.com/image/thumb/Music211/v4/dc/e9/4a/dce94a72-cb83-3957-0d0b-9bf2682c2fa4/cover.jpg/400x400bb.jpg
itunes_1440827937,World Painted Blood,Slayer,2009,2000s,Metal,https://is1-ssl.mzstatic.com/image/thumb/Music118/v4/10/86/06/1086061e-d15c-af88-1d7f-757d57103f59/00602547579072.rgb.jpg/400x400bb.jpg
itunes_679166887,Metallica Through the Never (Music from the Motion Picture),Metallica,2013,2010s,Metal,https://is1-ssl.mzstatic.com/image/thumb/Music6/v4/0e/f0/c5/0ef0c567-7802-d4d8-ebf0-9d35e88a77e0/Metallica_TTN_Soundtrack_RGB.jpg/400x400bb.jpg
itunes_724934886,Risk (Remastered),Megadeth,1999,1990s,Metal,https://is1-ssl.mzstatic.com/image/thumb/Music124/v4/55/f2/a9/55f2a942-021d-0ab2-cb7f-c3cdbb230cfb/00724359862255.rgb.jpg/400x400bb.jpg
itunes_309589774,Metal Church,Metal Church,1984,1980s,Metal,https://is1-ssl.mzstatic.com/image/thumb/Music125/v4/bf/5f/74/bf5f740d-6b04-f64b-d915-511553098fc4/mzi.ypmdgmeh.jpg/400x400bb.jpg
itunes_1060774417,For All Kings,Anthrax,2016,2010s,Metal,https://is1-ssl.mzstatic.com/image/thumb/Music69/v4/cf/19/43/cf1943f4-e383-5071-6532-c5ea16136a81/886445617429.jpg/400x400bb.jpg
itunes_1440847288,Spreading the Disease,Anthrax,1985,1980s,Metal,https://is1-ssl.mzstatic.com/image/thumb/Music115/v4/80/70/48/8070485f-3818-df5a-5cfb-73626854ca7b/00602547817471.rgb.jpg/400x400bb.jpg
itunes_253728791,The Art of Partying,Municipal Waste,2007,2000s,Metal,https://is1-ssl.mzstatic.com/image/thumb/Music/66/b7/4a/mzi.bknkydba.jpg/400x400bb.jpg
itunes_6771506316,Join The Army,Suicidal Tendencies,1987,1980s,Metal,https://is1-ssl.mzstatic.com/image/thumb/Music221/v4/fa/3d/aa/fa3daafc-49db-2cda-e5e0-a3cfbfaed483/5099964421155.jpg/400x400bb.jpg
itunes_63616899,Altars of Madness,Morbid Angel,1989,1980s,Metal,https://is1-ssl.mzstatic.com/image/thumb/Music125/v4/bd/5e/a8/bd5ea89a-799a-eabe-2264-31d5abcb27f5/dj.pyxanmgj.jpg/400x400bb.jpg
itunes_434508117,Human,Death,1991,1990s,Metal,https://is1-ssl.mzstatic.com/image/thumb/Music/07/4e/c5/mzi.thbbtidp.jpg/400x400bb.jpg
itunes_1437337010,Th1rt3en,Megadeth,2011,2010s,Metal,https://is1-ssl.mzstatic.com/image/thumb/Music118/v4/9a/e6/8d/9ae68d4c-ac1f-6e28-8218-c60774b39fe7/0016861770044.jpg/400x400bb.jpg
itunes_158332411,Cleansing,Prong,1994,1990s,Metal,https://is1-ssl.mzstatic.com/image/thumb/Music115/v4/4c/f8/31/4cf83105-c408-effe-4677-c2ecb9e86c7a/mzi.rkqwktpg.jpg/400x400bb.jpg
itunes_1456969324,Dark Roots of Earth,Testament,2012,2010s,Metal,https://is1-ssl.mzstatic.com/image/thumb/Music113/v4/fb/85/d9/fb85d90d-7c5b-e503-6f54-8f53ea48a857/cover.jpg/400x400bb.jpg
itunes_1692634839,The Legacy,Testament,1987,1980s,Metal,https://is1-ssl.mzstatic.com/image/thumb/Music126/v4/68/a3/b6/68a3b688-41ee-86da-df5d-5136b3accc1e/cover.jpg/400x400bb.jpg
itunes_214477843,Slowly We Rot,Obituary,1989,1980s,Metal,https://is1-ssl.mzstatic.com/image/thumb/Music/86/e2/92/mzi.unbklruw.jpg/400x400bb.jpg
itunes_1456969078,Tempo of the Damned,Exodus,2004,2000s,Metal,https://is1-ssl.mzstatic.com/image/thumb/Music114/v4/1c/d4/c4/1cd4c458-1420-5c93-5bc5-c1b885f7061a/cover.jpg/400x400bb.jpg
itunes_298087735,The Dark,Metal Church,1986,1980s,Metal,https://is1-ssl.mzstatic.com/image/thumb/Music/25/19/be/mzi.vlafaviw.jpg/400x400bb.jpg
itunes_281708836,The Ritual,Testament,1992,1990s,Metal,https://is1-ssl.mzstatic.com/image/thumb/Music/c7/ed/73/mzi.zamnxspv.jpg/400x400bb.jpg
itunes_1834889470,Souls Of Black,Testament,1990,1990s,Metal,https://is1-ssl.mzstatic.com/image/thumb/Music221/v4/00/03/fa/0003fa74-f944-96e5-9b12-aeb0ea9504a9/cover.jpg/400x400bb.jpg
itunes_1045530169,The War Within,Shadows Fall,2004,2000s,Metal,https://is1-ssl.mzstatic.com/image/thumb/Music124/v4/f1/bc/72/f1bc72c0-7d81-39f8-4b84-b1f85d849477/886443686649.jpg/400x400bb.jpg
itunes_1638760663,Maniac - EP,Fugitive,2022,2020s,Metal,https://is1-ssl.mzstatic.com/image/thumb/Music122/v4/17/84/91/17849104-9afd-aa0f-ecfc-114320d80ccf/196925525527.jpg/400x400bb.jpg
itunes_932619879,Fistful of Metal,Anthrax,1984,1980s,Metal,https://is1-ssl.mzstatic.com/image/thumb/Music1/v4/dc/c2/ef/dcc2ef62-26db-7b07-f28e-de97e5a41cbc/884977154559.tif/400x400bb.jpg
itunes_1437400931,Endgame (2019 Remaster),Megadeth,2009,2000s,Metal,https://is1-ssl.mzstatic.com/image/thumb/Music128/v4/a6/e7/b1/a6e7b1ae-f5dc-8e8e-171a-46e25ec5ec97/4050538440058.jpg/400x400bb.jpg
itunes_1458697981,Blood In Blood Out,Exodus,2014,2010s,Metal,https://is1-ssl.mzstatic.com/image/thumb/Music124/v4/e3/ee/f2/e3eef27e-95ad-fc23-343f-134aa3285f9d/cover.jpg/400x400bb.jpg
itunes_181482314,The Art of Rebellion,Suicidal Tendencies,1992,1990s,Metal,https://is1-ssl.mzstatic.com/image/thumb/Features/41/6e/85/dj.ooyspain.jpg/400x400bb.jpg
itunes_215211921,Alice In Hell,Annihilator,1989,1980s,Metal,https://is1-ssl.mzstatic.com/image/thumb/Music/96/30/8a/mzi.ibkxfslg.jpg/400x400bb.jpg
itunes_1113031109,Great Is Our Sin (Bonus Track Version),Revocation,2016,2010s,Metal,https://is1-ssl.mzstatic.com/image/thumb/Music30/v4/96/e3/aa/96e3aa64-b7d1-a699-860f-bc27b8f79a47/Revocation_-_Great_Is_Our_Sin.jpg/400x400bb.jpg
itunes_1435991510,Welcome to Hell,Venom,1981,1980s,Metal,https://is1-ssl.mzstatic.com/image/thumb/Music128/v4/b9/15/42/b91542db-736c-ecb7-f149-d614626a7fcd/5414939528378.jpg/400x400bb.jpg
itunes_1168854719,Crossover Ministry,Iron Reagan,2017,2010s,Metal,https://is1-ssl.mzstatic.com/image/thumb/Music114/v4/e3/70/c5/e370c557-2905-b477-ec1b-057983daa9d1/781676735723.jpg/400x400bb.jpg
itunes_281651264,Total Brutal,Austrian Death Machine,2008,2000s,Metal,https://is1-ssl.mzstatic.com/image/thumb/Music125/v4/ab/1f/00/ab1f00e4-c9cd-c53f-ab5c-53d5bd729202/mzi.pcclrrlj.jpg/400x400bb.jpg
itunes_1436287653,The World Needs a Hero,Megadeth,2001,2000s,Metal,https://is1-ssl.mzstatic.com/image/thumb/Music118/v4/c5/3f/e6/c53fe65e-d650-db39-75d7-1002e189b874/5414939546372.jpg/400x400bb.jpg
itunes_1458763480,Gods of Violence,Kreator,2017,2010s,Metal,https://is1-ssl.mzstatic.com/image/thumb/Music125/v4/ac/25/3b/ac253be5-9255-a181-e88e-265ee5d59654/cover.jpg/400x400bb.jpg
itunes_280762057,Thrash Zone (Bonus Track Version),D.R.I.,1989,1980s,Metal,https://is1-ssl.mzstatic.com/image/thumb/Music125/v4/ff/23/b9/ff23b9fb-c796-905e-02bd-aca801ba0c56/mzi.lysswoxw.jpg/400x400bb.jpg
itunes_336254451,America Must Be Destroyed,GWAR,1992,1990s,Metal,https://is1-ssl.mzstatic.com/image/thumb/Music117/v4/db/04/dc/db04dc8c-4927-fb84-ac2e-0638ffdc0ff7/dj.zdgygens.jpg/400x400bb.jpg
itunes_1456969665,The Formation of Damnation,Testament,2008,2000s,Metal,https://is1-ssl.mzstatic.com/image/thumb/Music114/v4/89/74/fb/8974fb98-7821-23e7-bfdd-a7d8b1eed9c1/cover.jpg/400x400bb.jpg
itunes_847924394,Leprosy (Deluxe Reissue),Death,1988,1980s,Metal,https://is1-ssl.mzstatic.com/image/thumb/Music114/v4/a9/32/20/a93220ec-cfdb-ccda-702a-7b275f712b91/781676722921.jpg/400x400bb.jpg
itunes_276483461,Symbolic (Remastered),Death,1995,1990s,Metal,https://is1-ssl.mzstatic.com/image/thumb/Music114/v4/35/da/ac/35daac19-0b65-315f-c0ed-510031059999/mzi.sxreuckg.jpg/400x400bb.jpg
itunes_413554238,The Sound of Perseverance (Reissue),Death,1998,1990s,Metal,https://is1-ssl.mzstatic.com/image/thumb/Music124/v4/cf/89/ba/cf89ba6f-866c-6268-df9e-cdca1e950162/mzi.nkdhsjvv.jpg/400x400bb.jpg
itunes_1434450308,Death,Teitanblood,2014,2010s,Metal,https://is1-ssl.mzstatic.com/image/thumb/Music128/v4/a5/82/be/a582be10-1f96-8e51-2fb1-f57ee4c92a05/192650249387_cover.jpg/400x400bb.jpg
itunes_214473161,As Daylight Dies,Killswitch Engage,2006,2000s,Metal,https://is1-ssl.mzstatic.com/image/thumb/Music115/v4/68/fd/6c/68fd6c31-9b98-5da7-236b-a99e0fc3ef2d/mzi.sjbrpgni.jpg/400x400bb.jpg
itunes_1457691752,Death Metal,MISOGI,2017,2010s,Metal,https://is1-ssl.mzstatic.com/image/thumb/Music211/v4/fa/60/67/fa606783-1cf0-0dd8-43a8-61ac366aaf52/840094124622.png/400x400bb.jpg
itunes_569318345,Spiritual Healing (Deluxe Reissue),Death,1990,1990s,Metal,https://is1-ssl.mzstatic.com/image/thumb/Music115/v4/77/f5/92/77f5922b-8b4b-b177-8f65-31fe4983c18c/sh_1400.jpg/400x400bb.jpg
itunes_291261388,The Way of All Flesh,GOJIRA,2008,2000s,Metal,https://is1-ssl.mzstatic.com/image/thumb/Music211/v4/15/59/13/15591303-aa8d-e2aa-d8ac-cf561b959c63/cover.jpg/400x400bb.jpg
itunes_1553446829,Fortitude,GOJIRA,2021,2020s,Metal,https://is1-ssl.mzstatic.com/image/thumb/Music125/v4/82/21/a3/8221a32c-1fa6-9bce-e25d-557ed2674120/075679796769.jpg/400x400bb.jpg
itunes_213374112,From Mars to Sirius,GOJIRA,2005,2000s,Metal,https://is1-ssl.mzstatic.com/image/thumb/Music211/v4/09/5d/88/095d8807-90bf-1668-f164-aad880c9fb0d/cover.jpg/400x400bb.jpg
itunes_369043988,Scream Bloody Gore,Death,1987,1980s,Metal,https://is1-ssl.mzstatic.com/image/thumb/Music/ee/d2/c4/mzi.kxpcacls.jpg/400x400bb.jpg
itunes_1440847412,Seal the Deal & Let's Boogie (Deluxe),Volbeat,2016,2010s,Metal,https://is1-ssl.mzstatic.com/image/thumb/Music124/v4/19/3a/e1/193ae10b-1c73-e16e-4014-1b9118f3d624/00602547805737.rgb.jpg/400x400bb.jpg
itunes_476107314,Individual Thought Patterns (Deluxe),Death,1993,1990s,Metal,https://is1-ssl.mzstatic.com/image/thumb/Music/dc/16/d2/mzi.diktvnts.jpg/400x400bb.jpg
itunes_1412886661,Death Metal,Various Artists,2018,2010s,Metal,https://is1-ssl.mzstatic.com/image/thumb/Music118/v4/cb/77/53/cb775354-ae88-6e78-7248-319144a2a83a/192562714843.jpg/400x400bb.jpg
itunes_965388191,Opus Eponymous,Ghost,2010,2010s,Metal,https://is1-ssl.mzstatic.com/image/thumb/Music124/v4/5b/81/8a/5b818acf-496a-561c-8832-0cba551f181e/889176384318.jpg/400x400bb.jpg
itunes_1440345266,The Valley,Whitechapel,2019,2010s,Metal,https://is1-ssl.mzstatic.com/image/thumb/Music114/v4/84/dd/51/84dd518e-564d-204f-ddda-ed40a8fded46/Whitechapel_-_The_Valley.jpg/400x400bb.jpg
itunes_1440874757,Outlaw Gentlemen & Shady Ladies (Bonus Track Version),Volbeat,2013,2010s,Metal,https://is1-ssl.mzstatic.com/image/thumb/Music128/v4/5a/65/9e/5a659ef9-123b-633e-7b78-76d6103b5fdc/00602537342884.rgb.jpg/400x400bb.jpg
itunes_1073193481,Jomsviking,Amon Amarth,2016,2010s,Metal,https://is1-ssl.mzstatic.com/image/thumb/Music114/v4/e1/16/db/e116dbe9-050e-4532-be8c-3a9dad942e22/Amon_Amarth_-_Jomsviking.jpg/400x400bb.jpg
itunes_214628864,The End of Heartache,Killswitch Engage,2004,2000s,Metal,https://is1-ssl.mzstatic.com/image/thumb/Music124/v4/4a/bb/17/4abb1737-c0bb-04c7-bd10-b630c0445c05/mzi.ulqbnqhw.jpg/400x400bb.jpg
itunes_525085531,L'enfant sauvage (Special Edition),GOJIRA,2012,2010s,Metal,https://is1-ssl.mzstatic.com/image/thumb/Features114/v4/31/c3/3c/31c33c69-bd8d-abac-b0ba-9ac837931448/contsched.gnznhgbq.jpg/400x400bb.jpg
itunes_1579782691,Kin,Whitechapel,2021,2020s,Metal,https://is1-ssl.mzstatic.com/image/thumb/Music115/v4/67/36/e4/6736e4f4-a031-dc8e-91e3-bd200832d5aa/Whitechapel_-_Kin.jpg/400x400bb.jpg
itunes_1882049235,ObZen,Meshuggah,2008,2000s,Metal,https://is1-ssl.mzstatic.com/image/thumb/Music221/v4/3d/09/c2/3d09c27a-3faf-8959-9ab0-a1a26fed406d/4251981715667.jpg/400x400bb.jpg
itunes_261391604,Nocturnal,The Black Dahlia Murder,2007,2000s,Metal,https://is1-ssl.mzstatic.com/image/thumb/Music114/v4/5a/dc/eb/5adceb8a-a660-b064-dadc-852121c206c0/mzi.nrqmuffc.jpg/400x400bb.jpg
itunes_1538017146,Constellations,August Burns Red,2009,2000s,Metal,https://is1-ssl.mzstatic.com/image/thumb/Music115/v4/6a/dc/96/6adc96a6-3036-8c54-7f44-47c48725d835/195497465392.jpg/400x400bb.jpg
itunes_1538016118,Messengers,August Burns Red,2007,2000s,Metal,https://is1-ssl.mzstatic.com/image/thumb/Music124/v4/ed/c3/d1/edc3d1c7-f239-72b9-ef5e-f0cd3515ea36/195497465194.jpg/400x400bb.jpg
itunes_965381927,Dopethrone,Electric Wizard,2000,2000s,Metal,https://is1-ssl.mzstatic.com/image/thumb/Music115/v4/fe/4b/76/fe4b76d0-7545-d93b-8ffc-5c2dc0702298/889176384448.jpg/400x400bb.jpg
itunes_288236836,Twilight of the Thunder God,Amon Amarth,2008,2000s,Metal,https://is1-ssl.mzstatic.com/image/thumb/Music125/v4/b3/12/b1/b312b1ab-dd87-f2cd-76ec-cccb47e24b68/mzi.jovnkxll.jpg/400x400bb.jpg
itunes_1443725177,Lead Sails Paper Anchor,Atreyu,2007,2000s,Metal,https://is1-ssl.mzstatic.com/image/thumb/Music114/v4/bd/d0/aa/bdd0aa3e-abe3-d3af-1a49-3d99ce5bd9be/00050087110833.rgb.jpg/400x400bb.jpg
itunes_1776761417,Immutable,Meshuggah,2022,2020s,Metal,https://is1-ssl.mzstatic.com/image/thumb/Music211/v4/d9/36/2c/d9362c24-bc7c-6b96-6e9d-22d830b713c3/4251981700687.jpg/400x400bb.jpg
itunes_196480323,The Final Countdown (Expanded Edition),Europe,1986,1980s,Metal,https://is1-ssl.mzstatic.com/image/thumb/Music221/v4/00/4d/a9/004da9d2-9b4f-99f4-d396-72ec786fb88c/696998575721.jpg/400x400bb.jpg
itunes_214473104,Ghost Reveries,Opeth,2005,2000s,Metal,https://is1-ssl.mzstatic.com/image/thumb/Music/43/e7/5c/mzi.blsuoftj.jpg/400x400bb.jpg
itunes_214476864,Alive or Just Breathing,Killswitch Engage,2002,2000s,Metal,https://is1-ssl.mzstatic.com/image/thumb/Music/66/f2/ca/mzi.njwendie.jpg/400x400bb.jpg
itunes_1775774673,Age of Winters,The Sword,2006,2000s,Metal,https://is1-ssl.mzstatic.com/image/thumb/Music211/v4/15/d8/a7/15d8a77e-ab50-781b-9c83-bdb06cbd7805/184923800081_cover.jpg/400x400bb.jpg
itunes_765742794,The Satanist,Behemoth,2014,2010s,Metal,https://is1-ssl.mzstatic.com/image/thumb/Music115/v4/78/09/a3/7809a3da-4b9f-2804-3e0e-1b96036fc2f5/039841900422.jpg/400x400bb.jpg
itunes_1828877224,Dig Deep,After the Burial,2016,2010s,Metal,https://is1-ssl.mzstatic.com/image/thumb/Music211/v4/02/8a/4e/028a4e0a-4dd9-9fbb-0abc-d0108e54ec8e/198704633317_Cover.jpg/400x400bb.jpg
itunes_1440931141,For We Are Many,All That Remains,2010,2010s,Metal,https://is1-ssl.mzstatic.com/image/thumb/Music118/v4/fa/1b/fb/fa1bfb91-d10a-c3bb-b16b-8b566985bfc4/00793018308939.rgb.jpg/400x400bb.jpg
itunes_268603296,Damnation,Opeth,2003,2000s,Metal,https://is1-ssl.mzstatic.com/image/thumb/Music126/v4/3e/bf/fd/3ebffd50-2061-862e-7160-cbba45f99e74/828768291122.jpg/400x400bb.jpg
itunes_1574759854,Bleed the Future,Archspire,2021,2020s,Metal,https://is1-ssl.mzstatic.com/image/thumb/Music125/v4/d9/ea/4e/d9ea4e59-2dc6-4be9-17bb-ce385387b5a4/822603163605.jpg/400x400bb.jpg
itunes_337167030,Sonic Excess In Its Purest Form,Crowbar,2001,2000s,Metal,https://is1-ssl.mzstatic.com/image/thumb/Music/8e/5f/fd/mzi.bmcfimqf.jpg/400x400bb.jpg
itunes_1239969068,Clairvoyant,The Contortionist,2017,2010s,Metal,https://is1-ssl.mzstatic.com/image/thumb/Music117/v4/fc/9a/7b/fc9a7b0c-ef12-239a-fd28-62030112973f/TheContortionist_Clairvoyant_x3000.jpg/400x400bb.jpg
itunes_1776753677,Koloss,Meshuggah,2012,2010s,Metal,https://is1-ssl.mzstatic.com/image/thumb/Music221/v4/56/b4/7c/56b47c75-0868-513e-6669-db07b40a16e6/727361238834.jpg/400x400bb.jpg
itunes_777368894,Wormwood,The Acacia Strain,2010,2010s,Metal,https://is1-ssl.mzstatic.com/image/thumb/Music124/v4/4a/d3/5d/4ad35df3-74ef-51b2-d524-60b1edf5139b/884977648034.tif/400x400bb.jpg
itunes_1776755521,The Violent Sleep of Reason,Meshuggah,2016,2010s,Metal,https://is1-ssl.mzstatic.com/image/thumb/Music221/v4/ee/b9/87/eeb98785-83a1-3dc7-3308-c9c711da5b7a/198846757315.jpg/400x400bb.jpg
itunes_1470058306,The Sea of Tragic Beasts,Fit for An Autopsy,2019,2010s,Metal,https://is1-ssl.mzstatic.com/image/thumb/Music124/v4/98/1a/09/981a09ed-c55d-66e2-fe0b-38a2a3bf7f6c/cover.jpg/400x400bb.jpg
itunes_268633375,Blackwater Park,Opeth,2001,2000s,Metal,https://is1-ssl.mzstatic.com/image/thumb/Music221/v4/7c/7e/c4/7c7ec4f6-29d8-d51b-1e74-49cfb9094b98/828768291221.jpg/400x400bb.jpg
itunes_1440917351,Found In Far Away Places (Deluxe Edition),August Burns Red,2015,2010s,Metal,https://is1-ssl.mzstatic.com/image/thumb/Music124/v4/a3/6a/19/a36a19cd-674b-5f78-8b0a-017ec563143e/00714753921061.rgb.jpg/400x400bb.jpg
itunes_280784515,This Is Exile,Whitechapel,2008,2000s,Metal,https://is1-ssl.mzstatic.com/image/thumb/Music115/v4/fa/3d/0d/fa3d0d1f-b03d-9280-6584-63e202152562/mzi.fttltrtf.jpg/400x400bb.jpg
itunes_1321143863,Where Owls Know My Name,Rivers of Nihil,2018,2010s,Metal,https://is1-ssl.mzstatic.com/image/thumb/Music124/v4/45/cc/b0/45ccb099-8e3c-3a42-9c80-af74cdd6ed13/Rivers_of_Nihil_-_Where_Owls_Know_My_Name.jpg/400x400bb.jpg
itunes_286930912,Filosofem,Burzum,1996,1990s,Metal,https://is1-ssl.mzstatic.com/image/thumb/Music125/v4/87/00/c0/8700c022-d633-15c4-185c-527484e400e0/mzm.yhaogger.jpg/400x400bb.jpg
itunes_604804755,Riot!,Paramore,2007,2000s,Punk,https://is1-ssl.mzstatic.com/image/thumb/Music125/v4/9a/3a/26/9a3a2608-29a7-5585-f990-cdfeb10b7394/075679955005.jpg/400x400bb.jpg
itunes_1646945378,This Is Why,Paramore,2023,2020s,Punk,https://is1-ssl.mzstatic.com/image/thumb/Music122/v4/21/de/99/21de99a3-6eb6-5372-6a96-40d992808d9c/075679716224.jpg/400x400bb.jpg
itunes_1440928946,Deja Entendu,Brand New,2003,2000s,Punk,https://is1-ssl.mzstatic.com/image/thumb/Music221/v4/55/66/86/5566866b-0c84-3f85-136f-16d2f402f5be/16CRGIM00067.rgb.jpg/400x400bb.jpg
itunes_1890580956,Weezer (2024 Remaster),Weezer,1994,1990s,Punk,https://is1-ssl.mzstatic.com/image/thumb/Music211/v4/98/f8/ab/98f8ab48-2bb6-ef63-4061-404459b02202/16UMGIM52971.rgb.jpg/400x400bb.jpg
itunes_1440845400,Tragic Kingdom,No Doubt,1995,1990s,Punk,https://is1-ssl.mzstatic.com/image/thumb/Music115/v4/fe/0a/68/fe0a687a-537e-e902-0778-90465c118f77/00602547870575.rgb.jpg/400x400bb.jpg
itunes_607337417,Brand New Eyes (Deluxe Version),Paramore,2009,2000s,Punk,https://is1-ssl.mzstatic.com/image/thumb/Music124/v4/04/97/17/049717b9-67ea-126b-7b3b-eaaa7f048dd8/dj.gczfwqsh.jpg/400x400bb.jpg
itunes_1550776074,PUNK,CHAI,2019,2010s,Punk,https://is1-ssl.mzstatic.com/image/thumb/Music124/v4/cf/c8/e1/cfc8e136-02c9-f070-6ef4-6faf90408b23/195497460427.jpg/400x400bb.jpg
itunes_1450030107,Bleed American,Jimmy Eat World,2001,2000s,Punk,https://is1-ssl.mzstatic.com/image/thumb/Music125/v4/8c/28/1b/8c281bbb-daad-c473-6adb-1b4ca33a5a44/00602577027420.rgb.jpg/400x400bb.jpg
itunes_1440748840,From Under the Cork Tree,Fall Out Boy,2005,2000s,Punk,https://is1-ssl.mzstatic.com/image/thumb/Music211/v4/ea/ff/60/eaff603f-d108-2815-3dce-db39b990635f/06UMGIM11830.rgb.jpg/400x400bb.jpg
itunes_1444118632,Enema of the State,blink-182,1999,1990s,Punk,https://is1-ssl.mzstatic.com/image/thumb/Music126/v4/d0/54/b8/d054b82b-981e-6834-6d47-09d00faad533/16UMGIM35659.rgb.jpg/400x400bb.jpg
itunes_725821947,Ocean Avenue,Yellowcard,2003,2000s,Punk,https://is1-ssl.mzstatic.com/image/thumb/Music125/v4/21/e0/d7/21e0d77b-e66c-0d04-c11f-f4287afd24cd/13UABIM59255.rgb.jpg/400x400bb.jpg
itunes_209388277,The Black Parade,My Chemical Romance,2006,2000s,Punk,https://is1-ssl.mzstatic.com/image/thumb/Music115/v4/7e/ac/69/7eac6998-7fa4-f1ab-9601-e8b791c736fa/mzi.fbpszunc.jpg/400x400bb.jpg
itunes_76160059,Take This to Your Grave,Fall Out Boy,2003,2000s,Punk,https://is1-ssl.mzstatic.com/image/thumb/Music115/v4/e0/04/32/e00432f9-c4c7-5807-048e-3a9ecbd37ba7/mzi.exwqxhpg.jpg/400x400bb.jpg
itunes_1412097802,Proper Dose,The Story So Far,2018,2010s,Punk,https://is1-ssl.mzstatic.com/image/thumb/Music125/v4/07/25/59/072559fe-ccb7-6cd8-9d99-a6f39c3bb593/192562764459.jpg/400x400bb.jpg
itunes_1440754537,The Devil and God Are Raging Inside Me,Brand New,2006,2000s,Punk,https://is1-ssl.mzstatic.com/image/thumb/Music115/v4/8a/08/bf/8a08bf74-a1ba-104e-55c1-b60bf7f4c4d0/00602517132542.rgb.jpg/400x400bb.jpg
itunes_1481301025,Tell All Your Friends (Remastered),Taking Back Sunday,2002,2000s,Punk,https://is1-ssl.mzstatic.com/image/thumb/Music124/v4/92/80/72/92807228-cdba-6f11-577c-6e8a8753db7b/19CRGIM15501.rgb.jpg/400x400bb.jpg
itunes_1160747196,Junk,M83,2016,2010s,Punk,https://is1-ssl.mzstatic.com/image/thumb/Music211/v4/0d/fb/b2/0dfbb24c-06bd-e014-7c07-1c53695570ad/cover.jpg/400x400bb.jpg
itunes_490906460,Selfish Machines,Pierce the Veil,2010,2010s,Punk,https://is1-ssl.mzstatic.com/image/thumb/Music114/v4/b6/02/3c/b6023c10-8d56-071d-6acc-a778a8550479/886443323360.jpg/400x400bb.jpg
itunes_806224598,Don't You Fake It,The Red Jumpsuit Apparatus,2006,2000s,Punk,https://is1-ssl.mzstatic.com/image/thumb/Music116/v4/d7/91/52/d791529f-0b82-33ee-8345-a5962db810e5/13UABIM74027.rgb.jpg/400x400bb.jpg
itunes_1880759521,Floral Green,Title Fight,2012,2010s,Punk,https://is1-ssl.mzstatic.com/image/thumb/Music221/v4/4d/15/bb/4d15bb56-54f3-2b4f-1513-5e8ca4f3fa51/109570.jpg/400x400bb.jpg
itunes_6789737478,Move Along,The All-American Rejects,2005,2000s,Punk,https://is1-ssl.mzstatic.com/image/thumb/Music221/v4/56/c3/de/56c3de99-6cf1-5159-d37e-cc741bd1ddcc/26UMGIM90687.rgb.jpg/400x400bb.jpg
itunes_1538671506,Medicine At Midnight,Foo Fighters,2021,2020s,Punk,https://is1-ssl.mzstatic.com/image/thumb/Music115/v4/ed/bd/f6/edbdf65c-e3db-17a8-b909-4f4cd708b653/886448658054.jpg/400x400bb.jpg
itunes_1798571110,What You Don't See,The Story So Far,2013,2010s,Punk,https://is1-ssl.mzstatic.com/image/thumb/Music221/v4/4b/98/3b/4b983b5f-635f-2dfa-f1d4-66c239ae46b2/886445338355.png/400x400bb.jpg
itunes_1493034177,Youth,Citizen,2013,2010s,Punk,https://is1-ssl.mzstatic.com/image/thumb/Music124/v4/8a/f1/cf/8af1cfd9-b305-facd-b0e0-859b8c1a4a2b/cover.jpg/400x400bb.jpg
itunes_1798571685,The Story so Far,The Story So Far,2015,2010s,Punk,https://is1-ssl.mzstatic.com/image/thumb/Music211/v4/69/79/b1/6979b1c7-9666-35fa-2ed3-74d47f21c075/886445159912.png/400x400bb.jpg
itunes_1440851524,Appeal to Reason,Rise Against,2008,2000s,Punk,https://is1-ssl.mzstatic.com/image/thumb/Music115/v4/c8/fa/6a/c8fa6acb-bd79-5399-0876-f5e6a0f226e8/08UMGIM18022.rgb.jpg/400x400bb.jpg
itunes_1798571207,Under Soil and Dirt,The Story So Far,2011,2010s,Punk,https://is1-ssl.mzstatic.com/image/thumb/Music221/v4/c2/12/5b/c2125b88-fc12-b2ea-6244-e863843cc592/886445197426.png/400x400bb.jpg
itunes_1440915496,A Lesson in Romantics,Mayday Parade,2007,2000s,Punk,https://is1-ssl.mzstatic.com/image/thumb/Music211/v4/c5/8d/25/c58d2562-2165-ef3c-ea8a-763a3b6ece29/16CMGIM00753.rgb.jpg/400x400bb.jpg
itunes_1880800163,Shed,Title Fight,2011,2010s,Punk,https://is1-ssl.mzstatic.com/image/thumb/Music221/v4/ee/e7/41/eee74153-6356-3623-9089-96f0142b46df/109658.jpg/400x400bb.jpg
itunes_1440786414,Infinity On High,Fall Out Boy,2007,2000s,Punk,https://is1-ssl.mzstatic.com/image/thumb/Music112/v4/1e/02/58/1e0258e0-d921-b7d1-7519-74f31fed4391/07UMGIM03661.rgb.jpg/400x400bb.jpg
itunes_1238959632,The Peace and the Panic,Neck Deep,2017,2010s,Punk,https://is1-ssl.mzstatic.com/image/thumb/Music115/v4/b0/55/d0/b055d082-22b4-5c6e-6f74-e3e727e2c3d4/00790692239665-cover.jpg/400x400bb.jpg
itunes_607041264,All We Know Is Falling (Deluxe Version),Paramore,2005,2000s,Punk,https://is1-ssl.mzstatic.com/image/thumb/Music/v4/4e/03/d5/4e03d564-36a8-7386-c766-8e22db88ee3b/075679954961.jpg/400x400bb.jpg
itunes_1675488719,Let's Cheers To This,Sleeping With Sirens,2011,2010s,Punk,https://is1-ssl.mzstatic.com/image/thumb/Music116/v4/28/b3/d6/28b3d6b6-e5a6-cd97-8c6c-0759546d606d/0858721002311.jpg/400x400bb.jpg
itunes_1735978713,I Want To Disappear,The Story So Far,2024,2020s,Punk,https://is1-ssl.mzstatic.com/image/thumb/Music221/v4/8e/a8/dd/8ea8dd5c-cec7-a248-75b0-85db2122159b/198391501777.jpg/400x400bb.jpg
itunes_1440945815,Where You Want To Be,Taking Back Sunday,2004,2000s,Punk,https://is1-ssl.mzstatic.com/image/thumb/Music124/v4/c7/2b/46/c72b4649-ecde-c2cd-58a8-7f70a7d360a4/00886443197039.rgb.jpg/400x400bb.jpg
itunes_365400149,In Keeping Secrets of Silent Earth: 3,Coheed and Cambria,2003,2000s,Punk,https://is1-ssl.mzstatic.com/image/thumb/Music115/v4/63/09/23/63092331-16c7-7f3b-017c-6c4c9278ccc1/884977589702.jpg/400x400bb.jpg
itunes_1332022638,Time & Space,Turnstile,2018,2010s,Punk,https://is1-ssl.mzstatic.com/image/thumb/Music115/v4/9f/8e/2b/9f8e2b2f-0b4d-3658-0e0e-1e335122edcc/016861744236.jpg/400x400bb.jpg
itunes_1791076101,Hyperview,Title Fight,2015,2010s,Punk,https://is1-ssl.mzstatic.com/image/thumb/Music221/v4/d2/11/3e/d2113e48-6044-cbd8-132a-1d8225ba5877/artwork.jpg/400x400bb.jpg
itunes_1440784750,Decemberunderground (Bonus Track Version),AFI,2006,2000s,Punk,https://is1-ssl.mzstatic.com/image/thumb/Music124/v4/ba/3c/e1/ba3ce1d8-c63a-8d42-e3cc-85532f4a7785/06UMGIM22260.rgb.jpg/400x400bb.jpg
itunes_276649794,Boys Like Girls (Bonus Track Version),BOYS LIKE GIRLS,2006,2000s,Punk,https://is1-ssl.mzstatic.com/image/thumb/Music115/v4/04/5a/e4/045ae4df-461d-db63-9b6f-cb48507c682d/mzi.ddfuhxng.jpg/400x400bb.jpg
itunes_1052966287,El Camino,The Black Keys,2011,2010s,Punk,https://is1-ssl.mzstatic.com/image/thumb/Music115/v4/55/39/ca/5539caf8-333e-5ad2-06ca-eaf5d84cd264/mzm.nmxwulyo.jpg/400x400bb.jpg
itunes_1120070622,Punk Rock,Mekons,2004,2000s,Punk,https://is1-ssl.mzstatic.com/image/thumb/Music60/v4/7c/3c/b3/7c3cb30e-ff35-29f3-5b54-1a9727c9df21/cover.jpg/400x400bb.jpg
itunes_1476702180,Unknown Pleasures (2019 Digital Master),Joy Division,1979,1970s,Punk,https://is1-ssl.mzstatic.com/image/thumb/Music125/v4/13/90/c0/1390c072-4249-3739-7b3d-fd73ee4a5698/825646562831.jpg/400x400bb.jpg
itunes_1407027041,Disease,Beartooth,2018,2010s,Punk,https://is1-ssl.mzstatic.com/image/thumb/Music125/v4/d9/c7/89/d9c789f5-3fa9-73ec-ac6f-95d2323a3f51/844942061626.jpg/400x400bb.jpg
itunes_1710150824,To Be Everywhere Is to Be Nowhere,Thrice,2016,2010s,Punk,https://is1-ssl.mzstatic.com/image/thumb/Music221/v4/ac/8f/79/ac8f7927-8819-1c6d-c7d3-f2fda496742b/4050538202052.jpg/400x400bb.jpg
itunes_1492386136,Этажи,Molchat Doma,2018,2010s,Punk,https://is1-ssl.mzstatic.com/image/thumb/Music125/v4/70/46/b4/7046b4a9-14aa-af8f-e273-07b4d45a0c0a/cover.jpg/400x400bb.jpg
itunes_300948043,Remain In Light,Talking Heads,1980,1980s,Punk,https://is1-ssl.mzstatic.com/image/thumb/Music/87/5f/5b/mzi.zzquknhm.jpg/400x400bb.jpg
itunes_799995884,The Smiths,The Smiths,1984,1980s,Punk,https://is1-ssl.mzstatic.com/image/thumb/Music122/v4/9d/b2/b0/9db2b04c-d7b2-050b-5c9e-4f64c6e03a3a/745099189228.jpg/400x400bb.jpg
itunes_1040981945,"Power, Corruption & Lies",New Order,1983,1980s,Punk,https://is1-ssl.mzstatic.com/image/thumb/Music115/v4/d2/3f/c8/d23fc8e7-3baa-eae3-7301-7a868d00ab09/825646053803.jpg/400x400bb.jpg
itunes_802231063,Louder Than Bombs,The Smiths,1987,1980s,Punk,https://is1-ssl.mzstatic.com/image/thumb/Music211/v4/02/3a/62/023a629e-1541-c493-0b45-536cbe9b59dd/825646642847.jpg/400x400bb.jpg
itunes_1530256325,Substance,New Order,1987,1980s,Punk,https://is1-ssl.mzstatic.com/image/thumb/Music114/v4/10/38/a1/1038a176-a759-df9a-6aa0-e8497bb0cfd0/190295211592.jpg/400x400bb.jpg
itunes_1440882892,Lust For Life,Iggy Pop,1977,1970s,Punk,https://is1-ssl.mzstatic.com/image/thumb/Music124/v4/fb/2c/56/fb2c56ca-05ad-f73f-a1b7-9917081db1b9/17UMGIM08423.rgb.jpg/400x400bb.jpg
itunes_1440872981,Murmur,R.E.M.,1983,1980s,Punk,https://is1-ssl.mzstatic.com/image/thumb/Music126/v4/6c/e2/c3/6ce2c349-4169-df92-e5ca-2faba4cf087f/09UMGIM13824.rgb.jpg/400x400bb.jpg
itunes_996111401,Substance 1977-1980,Joy Division,1988,1980s,Punk,https://is1-ssl.mzstatic.com/image/thumb/Music125/v4/19/4a/16/194a1686-5eba-97dc-46cb-b0a0b3b3436f/825646083282.jpg/400x400bb.jpg
itunes_983126000,The B-52's,The B-52's,1979,1970s,Punk,https://is1-ssl.mzstatic.com/image/thumb/Music125/v4/75/88/d8/7588d898-6ed3-cfef-f3d3-9938a63902d1/603497890422.jpg/400x400bb.jpg
itunes_302300884,The Best of Yaz,Yaz,1999,1990s,Punk,https://is1-ssl.mzstatic.com/image/thumb/Music124/v4/cd/d0/a8/cdd0a8a1-8bf1-7fe3-f020-01a6a295d226/mzi.szlfgjbz.jpg/400x400bb.jpg
itunes_335252211,Q: Are We Not Men? A: We Are Devo!,Devo,1978,1970s,Punk,https://is1-ssl.mzstatic.com/image/thumb/Music124/v4/d3/00/31/d300318f-799f-3ceb-6cd6-84d2733df28f/mzi.ioatdyij.jpg/400x400bb.jpg
itunes_266603040,Unknown Pleasures (Collector's Edition),Joy Division,1979,1970s,Punk,https://is1-ssl.mzstatic.com/image/thumb/Features114/v4/80/14/7f/80147fb9-8c62-8773-60fe-51d9bdcfd415/dj.blmthqrv.jpg/400x400bb.jpg
itunes_1440764567,Ju Ju (Remastered),Siouxsie & The Banshees,1981,1980s,Punk,https://is1-ssl.mzstatic.com/image/thumb/Music124/v4/32/44/01/32440139-f4aa-0be8-cb1d-51742508c535/00602498369142.rgb.jpg/400x400bb.jpg
itunes_724062819,Off the Bone,The Cramps,1989,1980s,Punk,https://is1-ssl.mzstatic.com/image/thumb/Music112/v4/4b/5f/32/4b5f3255-63b8-c694-46d4-1c762b8e3cf3/13UABIM54262.rgb.jpg/400x400bb.jpg
itunes_1129721479,Singles,New Order,2005,2000s,Punk,https://is1-ssl.mzstatic.com/image/thumb/Music30/v4/9a/cf/6e/9acf6e25-0e06-f951-2ff8-1f4affe25977/190295930332.jpg/400x400bb.jpg
itunes_124916541,Fear of Music (Remastered Bonus Track Version),Talking Heads,1979,1970s,Punk,https://is1-ssl.mzstatic.com/image/thumb/Music69/v4/b8/dc/ee/b8dcee50-35f7-0821-1c5c-65c6a56b6227/dj.vwcxdnqx.jpg/400x400bb.jpg
itunes_1586472605,Entertainment! (Remastered),Gang of Four,1979,1970s,Punk,https://is1-ssl.mzstatic.com/image/thumb/Music115/v4/86/8e/e9/868ee973-0caf-a663-9d4f-58ff57c104da/191401174275.png/400x400bb.jpg
itunes_1512129942,Closer (40th Anniversary) [2020 Digital Master],Joy Division,1980,1980s,Punk,https://is1-ssl.mzstatic.com/image/thumb/Music115/v4/a9/7a/c0/a97ac0aa-33c9-af46-c4f8-d46d5d6e233c/190295264437.jpg/400x400bb.jpg
itunes_439593473,Total,New Order & Joy Division,2011,2010s,Punk,https://is1-ssl.mzstatic.com/image/thumb/Features125/v4/bc/99/92/bc9992ae-4e10-e0ea-7b38-b4a9b70f75f6/dj.eoborrdr.jpg/400x400bb.jpg
itunes_444828555,Meat Puppets II (Deluxe Edition),Meat Puppets,1984,1980s,Punk,https://is1-ssl.mzstatic.com/image/thumb/Music/64/5c/5c/mzi.vvhmwsjn.jpg/400x400bb.jpg
itunes_286659190,Three Imaginary Boys (Deluxe Edition),The Cure,1979,1970s,Punk,https://is1-ssl.mzstatic.com/image/thumb/Music114/v4/ee/88/fc/ee88fc98-4d77-9ab9-4aeb-c1ba2f9f1bf4/081227889524.jpg/400x400bb.jpg
itunes_1440888621,The Idiot,Iggy Pop,1977,1970s,Punk,https://is1-ssl.mzstatic.com/image/thumb/Music124/v4/86/78/2a/86782afc-38da-a7da-1b0e-ce1c0be6a8eb/00602557366297.rgb.jpg/400x400bb.jpg
itunes_1443189101,Boy,U2,1980,1980s,Punk,https://is1-ssl.mzstatic.com/image/thumb/Music211/v4/a7/14/8b/a7148bb0-e047-c071-86e1-c0ef502b28a2/17UMGIM90292.rgb.jpg/400x400bb.jpg
itunes_336673400,Freedom of Choice (Deluxe Edition),Devo,1980,1980s,Punk,https://is1-ssl.mzstatic.com/image/thumb/Music115/v4/90/5c/5d/905c5d90-8e7f-b151-7309-27612dc7a32b/mzi.bhnyrpue.jpg/400x400bb.jpg
itunes_286646354,Seventeen Seconds,The Cure,1980,1980s,Punk,https://is1-ssl.mzstatic.com/image/thumb/Music/95/f8/89/mzi.lzqbugyp.jpg/400x400bb.jpg
itunes_31740160,Songs to Learn and Sing,Echo & The Bunnymen,1985,1980s,Punk,https://is1-ssl.mzstatic.com/image/thumb/Music/y2004/m11/d24/h19/s06.lvrsdyzz.jpg/400x400bb.jpg
itunes_1333010977,Группа крови,Kino,1988,1980s,Punk,https://is1-ssl.mzstatic.com/image/thumb/Music125/v4/a2/f7/13/a2f713de-4af3-9e21-da3f-c73d747cd847/cover.jpg/400x400bb.jpg
itunes_7059887,Earth Sun Moon,Love and Rockets,1987,1980s,Punk,https://is1-ssl.mzstatic.com/image/thumb/Music116/v4/41/10/12/411012f9-9ec1-9c76-b861-975933983e42/5012093008424.png/400x400bb.jpg
itunes_1452734901,After the Snow,Modern English,1982,1980s,Punk,https://is1-ssl.mzstatic.com/image/thumb/Music115/v4/5d/9f/fd/5d9ffd88-96b4-3621-8ce5-d32acb3b7339/193483492940.jpg/400x400bb.jpg
itunes_724503155,Songs the Lord Taught Us,The Cramps,1980,1980s,Punk,https://is1-ssl.mzstatic.com/image/thumb/Music114/v4/31/93/9a/31939ab8-82f1-5062-3833-9ed75ff3036d/00724349383654.rgb.jpg/400x400bb.jpg
itunes_427937530,Garlands,Cocteau Twins,1982,1980s,Punk,https://is1-ssl.mzstatic.com/image/thumb/Music116/v4/09/85/fd/0985fdd0-d6eb-bc8a-c5a6-c2401ced71d0/652637021189.png/400x400bb.jpg
itunes_724545890,Psychedelic Jungle,The Cramps,1981,1980s,Punk,https://is1-ssl.mzstatic.com/image/thumb/Music112/v4/31/37/50/31375044-b871-1780-5fa2-422905cdbbff/13UABIM36944.rgb.jpg/400x400bb.jpg
itunes_1528262820,Monument,Molchat Doma,2020,2020s,Punk,https://is1-ssl.mzstatic.com/image/thumb/Music125/v4/17/42/7b/17427bbb-f361-1e91-5020-151fe20d5274/843563131190.jpg/400x400bb.jpg
itunes_332852875,Tom Tom Club,Tom Tom Club,1981,1980s,Punk,https://is1-ssl.mzstatic.com/image/thumb/Music/7e/eb/d2/mzi.poggifmm.jpg/400x400bb.jpg
itunes_1445667357,U218 Singles,U2,2006,2000s,Punk,https://is1-ssl.mzstatic.com/image/thumb/Music211/v4/5b/43/82/5b438251-a2b9-5a4a-fdc3-64717cc65a5d/17UM1IM00306.rgb.jpg/400x400bb.jpg
itunes_1288416464,Виктор Цой и Группа Кино. Полная дискография,Viktor Tsoi & Kino,2017,2010s,Punk,https://is1-ssl.mzstatic.com/image/thumb/Music124/v4/16/7f/f4/167ff4ea-67ab-cd0d-ff3e-d78621455cae/859723294124_cover.jpg/400x400bb.jpg
itunes_1027462118,Head Over Heels,Cocteau Twins,1983,1980s,Punk,https://is1-ssl.mzstatic.com/image/thumb/Music126/v4/56/de/eb/56deeb65-2cc1-d303-0fe7-9917960d24ef/652637031300.png/400x400bb.jpg
itunes_724621207,Drums and Wires (Bonus Track Version),XTC,1979,1970s,Punk,https://is1-ssl.mzstatic.com/image/thumb/Music125/v4/2b/f5/6c/2bf56c75-84a0-c886-7c10-aec2345fe469/00724385065354.rgb.jpg/400x400bb.jpg
itunes_31739912,Ocean Rain (Deluxe Version),Echo & The Bunnymen,1984,1980s,Punk,https://is1-ssl.mzstatic.com/image/thumb/Music114/v4/9b/87/d4/9b87d435-b64c-1d93-0a43-baf3f901ae2f/s06.xzfgiiti.jpg/400x400bb.jpg
itunes_714757729,Architecture & Morality,Orchestral Manoeuvres In the Dark,1981,1980s,Punk,https://is1-ssl.mzstatic.com/image/thumb/Music124/v4/0e/c5/be/0ec5be9c-9c21-c546-6ada-44575995c117/00724358150759.rgb.jpg/400x400bb.jpg
itunes_1002377527,First and Last and Always Collection,The Sisters of Mercy,1985,1980s,Punk,https://is1-ssl.mzstatic.com/image/thumb/Music7/v4/92/a7/d5/92a7d58f-8def-5ff0-cb09-5625f5485b34/825646077953.jpg/400x400bb.jpg
itunes_1470588468,Kaleidoscope (Remastered & Expanded),Siouxsie & The Banshees,1980,1980s,Punk,https://is1-ssl.mzstatic.com/image/thumb/Music113/v4/fe/43/c1/fe43c101-8534-f404-f4f1-144e8a2df193/06UMGIM45104.rgb.jpg/400x400bb.jpg
itunes_1309761131,Express,Love and Rockets,1986,1980s,Punk,https://is1-ssl.mzstatic.com/image/thumb/Music112/v4/11/9e/ff/119effd1-c901-061f-6733-06243e7fd68e/607618203153.png/400x400bb.jpg
itunes_95911817,Second Edition,Public Image Ltd.,1979,1970s,Punk,https://is1-ssl.mzstatic.com/image/thumb/Music/84/e6/15/mzi.jmujamej.jpg/400x400bb.jpg
itunes_1040982031,Movement,New Order,1981,1980s,Punk,https://is1-ssl.mzstatic.com/image/thumb/Music3/v4/fa/e4/27/fae42799-8e07-e6c2-5122-c757a44fe707/825646054602.jpg/400x400bb.jpg
itunes_1440915419,Pleasure Victim,Berlin,1982,1980s,Punk,https://is1-ssl.mzstatic.com/image/thumb/Music114/v4/de/d8/3f/ded83f10-4162-4876-5fec-030bbb7c986c/00720642203620.rgb.jpg/400x400bb.jpg
itunes_1518271845,Crazy Rhythms (Bonus Track Version),The Feelies,1980,1980s,Punk,https://is1-ssl.mzstatic.com/image/thumb/Music123/v4/a0/95/01/a0950151-752b-3fdc-089f-86b0647b8c92/cover.jpg/400x400bb.jpg
itunes_1328869087,Chairs Missing,Wire,1978,1970s,Punk,https://is1-ssl.mzstatic.com/image/thumb/Music124/v4/3b/74/70/3b747001-cb50-23eb-a6b7-e7dc8f56608b/cover.jpg/400x400bb.jpg
itunes_342381471,Heaven Up Here,Echo & The Bunnymen,1981,1980s,Punk,https://is1-ssl.mzstatic.com/image/thumb/Music/43/4a/12/mzi.jsnpmipv.jpg/400x400bb.jpg
itunes_1440745557,October (Deluxe Edition),U2,1981,1980s,Punk,https://is1-ssl.mzstatic.com/image/thumb/Music125/v4/88/39/04/883904f0-9f79-76d9-9b70-82bfce528612/08UMGIM12069.rgb.jpg/400x400bb.jpg
itunes_784725777,First Two Seven Inches,Minor Threat,1984,1980s,Punk,https://is1-ssl.mzstatic.com/image/thumb/Music115/v4/76/c4/f8/76c4f8e0-86e7-c83c-071b-3c5dbe64d532/643859012024.jpg/400x400bb.jpg
itunes_49249845,13 Songs,Fugazi,1989,1980s,Punk,https://is1-ssl.mzstatic.com/image/thumb/Music125/v4/57/63/ce/5763ce8a-c306-dea5-0dd3-39293b4e94a4/dj.exghwciw.jpg/400x400bb.jpg
itunes_516380108,Relationship of Command,At the Drive-In,2000,2000s,Punk,https://is1-ssl.mzstatic.com/image/thumb/Music125/v4/f9/cf/e0/f9cfe0be-f6dd-28f6-4ad2-3c6f0672671c/dj.bccbiggj.jpg/400x400bb.jpg
itunes_1798815063,Nothing Left to Love,Counterparts,2019,2010s,Punk,https://is1-ssl.mzstatic.com/image/thumb/Music211/v4/ff/62/e6/ff62e613-aa54-f9db-16e5-dd608e4ceb29/194491230524.png/400x400bb.jpg
itunes_168416188,Living In Darkness (40th Anniversary Edition),Agent Orange,1981,1980s,Punk,https://is1-ssl.mzstatic.com/image/thumb/Features125/v4/fe/b4/10/feb410f8-78ac-8b6e-8d7c-381b7520ac0c/dj.xyjknhfe.jpg/400x400bb.jpg
itunes_1094497174,Nonstop Feeling,Turnstile,2016,2010s,Punk,https://is1-ssl.mzstatic.com/image/thumb/Music114/v4/e7/f9/2b/e7f92b2e-02e6-12b3-ff09-846edb758563/016861748005.jpg/400x400bb.jpg
itunes_1369419990,Errorzone,Vein.fm,2018,2010s,Punk,https://is1-ssl.mzstatic.com/image/thumb/Music114/v4/87/12/95/87129529-3a5b-c1ba-a36d-fde477b8ae13/192562402030.jpg/400x400bb.jpg
itunes_1798573517,You're Not You Anymore,Counterparts,2017,2010s,Punk,https://is1-ssl.mzstatic.com/image/thumb/Music221/v4/18/49/7e/18497e70-e9cf-3c41-0ba7-900aea11ad6d/886446622989.png/400x400bb.jpg
itunes_215211646,Famous Monsters,The Misfits,1999,1990s,Punk,https://is1-ssl.mzstatic.com/image/thumb/Music114/v4/eb/51/29/eb512921-3649-954b-9625-289927587f9b/mzi.ljuphypd.jpg/400x400bb.jpg
itunes_1558589229,Satisfaction Is The Death Of Desire,Hatebreed,1997,1990s,Punk,https://is1-ssl.mzstatic.com/image/thumb/Music124/v4/ea/d7/bf/ead7bf2f-6504-500e-2c4f-3c8d6da5808f/20CRGIM21309.rgb.jpg/400x400bb.jpg
itunes_49249888,Repeater & 3 Songs,Fugazi,1990,1990s,Punk,https://is1-ssl.mzstatic.com/image/thumb/Music/y2005/m03/d06/h06/s05.sbssbjxy.jpg/400x400bb.jpg
itunes_1314670602,Posthuman,Harms Way,2018,2010s,Punk,https://is1-ssl.mzstatic.com/image/thumb/Music125/v4/18/6e/e5/186ee5bb-80e3-0d7f-acf2-522744e52141/Harms_Way_-_Posthuman.jpg/400x400bb.jpg
itunes_1676942123,Somewhere at the Bottom of the River Between Vega and Altair (10th Anniversary),La Dispute,2018,2010s,Punk,https://is1-ssl.mzstatic.com/image/thumb/Music116/v4/00/53/ed/0053edac-4fe3-92cf-b7d0-67f8d03f1aca/603111816739.png/400x400bb.jpg
itunes_1469831735,I Against I,Bad Brains,1986,1980s,Punk,https://is1-ssl.mzstatic.com/image/thumb/Music123/v4/54/34/c7/5434c767-f36d-7ca9-d0f2-60d13f01e777/artwork.jpg/400x400bb.jpg
itunes_1440915669,Meantime,Helmet,1992,1990s,Punk,https://is1-ssl.mzstatic.com/image/thumb/Music124/v4/2c/da/5c/2cda5ce2-89c0-56d4-cec4-37661ec20ceb/00606949216221.rgb.jpg/400x400bb.jpg
itunes_493658129,Jane Doe,Converge,2001,2000s,Punk,https://is1-ssl.mzstatic.com/image/thumb/Music124/v4/8d/73/a9/8d73a92a-8383-b03c-acaa-f232cf09cf18/888880843210.jpg/400x400bb.jpg
itunes_262490745,The Big Dirty,Every Time I Die,2007,2000s,Punk,https://is1-ssl.mzstatic.com/image/thumb/Music/4a/3e/f7/mzi.lndxsjqs.jpg/400x400bb.jpg
itunes_1485064237,Stage Four (Deluxe Edition),Touché Amoré,2016,2010s,Punk,https://is1-ssl.mzstatic.com/image/thumb/Music221/v4/72/c7/05/72c705b4-fbe2-416b-00c2-98c0a79142f6/0045778749201.png/400x400bb.jpg
itunes_283334017,Gutter Phenomenon,Every Time I Die,2006,2000s,Punk,https://is1-ssl.mzstatic.com/image/thumb/Music/25/61/45/mzi.bjhjcezn.jpg/400x400bb.jpg
itunes_1440923055,Slip,Quicksand,1993,1990s,Punk,https://is1-ssl.mzstatic.com/image/thumb/Music118/v4/cc/fc/75/ccfc757e-0c49-164d-c0cb-5edef83f3432/00731451768521.rgb.jpg/400x400bb.jpg
itunes_1802693878,The Opposite of December... A Season of Separation,Poison the Well,1999,1990s,Punk,https://is1-ssl.mzstatic.com/image/thumb/Music211/v4/5d/24/ac/5d24ac30-00d5-4fa4-e4eb-aaa2dee7f15b/cover.jpg/400x400bb.jpg
itunes_91072644,Start Today,Gorilla Biscuits,1989,1980s,Punk,https://is1-ssl.mzstatic.com/image/thumb/Features125/v4/c0/a3/b3/c0a3b3d1-cf7e-ebef-7b89-affa2216aace/dj.odvslupg.tif/400x400bb.jpg
itunes_1485073218,Palms,Thrice,2018,2010s,Punk,https://is1-ssl.mzstatic.com/image/thumb/Music124/v4/ef/ed/3a/efed3a0c-5192-9483-5da2-438618b94aba/0045778759408.png/400x400bb.jpg
itunes_1384176631,Only Self,Jesus Piece,2018,2010s,Punk,https://is1-ssl.mzstatic.com/image/thumb/Music125/v4/f2/b3/b9/f2b3b9ea-d01f-f1b9-bc15-110344536f31/808720025651.jpg/400x400bb.jpg
itunes_117618702,My War,Black Flag,1984,1980s,Punk,https://is1-ssl.mzstatic.com/image/thumb/Music125/v4/ad/57/1a/ad571af6-9822-1dc0-a375-103413e3e32d/669910742952.jpg/400x400bb.jpg
itunes_1695176288,Big Kiss Goodnight,Trapped Under Ice,2011,2010s,Punk,https://is1-ssl.mzstatic.com/image/thumb/Music116/v4/e6/7e/90/e67e908f-2b5c-37a2-9ab6-263a1d0fa2af/886443173408_cover.jpg/400x400bb.jpg
itunes_283332546,Hot Damn!,Every Time I Die,2003,2000s,Punk,https://is1-ssl.mzstatic.com/image/thumb/Music/47/7d/02/mzi.jdpemgfm.jpg/400x400bb.jpg
itunes_897339839,I Am King,Code Orange,2014,2010s,Punk,https://is1-ssl.mzstatic.com/image/thumb/Music114/v4/e2/b6/12/e2b612e3-b376-1caf-e197-3ea3bf687f93/888831414704.jpg/400x400bb.jpg
itunes_1492629538,As You Please,Citizen,2017,2010s,Punk,https://is1-ssl.mzstatic.com/image/thumb/Music124/v4/bd/76/21/bd76213c-c50c-2a2e-6589-9edf7af5c7cd/cover.jpg/400x400bb.jpg
itunes_872815920,Disgusting,Beartooth,2014,2010s,Punk,https://is1-ssl.mzstatic.com/image/thumb/Music124/v4/99/fb/3c/99fb3c85-b594-7997-7620-6dfb83c35b5c/886444592703.jpg/400x400bb.jpg
itunes_1440917233,Outgrown Things - EP,Movements,2016,2010s,Punk,https://is1-ssl.mzstatic.com/image/thumb/Music114/v4/41/96/8d/41968d01-648a-3211-25da-b158a900bfcc/14CMGIM02605.rgb.jpg/400x400bb.jpg
itunes_1492600404,Colourmeinkindness,Basement,2012,2010s,Punk,https://is1-ssl.mzstatic.com/image/thumb/Music116/v4/14/ac/7b/14ac7b28-e4ae-1ab8-63b7-17c9b47b678a/43554.jpg/400x400bb.jpg
itunes_49250022,In On the Kill Taker,Fugazi,1993,1990s,Punk,https://is1-ssl.mzstatic.com/image/thumb/Music/y2005/m03/d06/h06/s05.lwbjrxcd.jpg/400x400bb.jpg
itunes_1743288645,The Things We Think We're Missing,Balance and Composure,2013,2010s,Punk,https://is1-ssl.mzstatic.com/image/thumb/Music211/v4/e1/fd/c4/e1fdc4ae-8eb8-b2dc-b88a-33c29a65bea4/2049.jpg/400x400bb.jpg
itunes_1440667932,War All the Time,Thursday,2003,2000s,Punk,https://is1-ssl.mzstatic.com/image/thumb/Music126/v4/7f/ed/62/7fed6270-bb13-2899-e1d7-9ee94fab682c/06UMGIM10366.rgb.jpg/400x400bb.jpg
itunes_57918888,The Argument,Fugazi,2001,2000s,Punk,https://is1-ssl.mzstatic.com/image/thumb/Music/y2005/m04/d13/h11/s05.xaqxiqox.jpg/400x400bb.jpg
itunes_1676933034,Wildlife,La Dispute,2011,2010s,Punk,https://is1-ssl.mzstatic.com/image/thumb/Music126/v4/2f/17/b9/2f17b94d-78d1-a388-5a4e-03b9266dbc23/603111932125.png/400x400bb.jpg
itunes_1268815709,From the Unforgiving Arms of God - EP,END,2017,2010s,Punk,https://is1-ssl.mzstatic.com/image/thumb/Music125/v4/98/c7/9a/98c79a02-c73e-18ab-5c6c-b34e5e927db3/886446684376.jpg/400x400bb.jpg
itunes_1522647504,Lament,Touché Amoré,2020,2020s,Punk,https://is1-ssl.mzstatic.com/image/thumb/Music211/v4/6e/24/70/6e2470a0-0117-0284-e03d-f584cdfd152f/0045778771967.png/400x400bb.jpg
itunes_1615756201,Excalibur,Mindforce,2018,2010s,Punk,https://is1-ssl.mzstatic.com/image/thumb/Music112/v4/d4/00/d0/d400d0cc-044a-b70b-9da8-4a579b12229b/811408031523_cover.jpg/400x400bb.jpg
itunes_1558581757,Wake The Dead,Comeback Kid,2005,2000s,Punk,https://is1-ssl.mzstatic.com/image/thumb/Music124/v4/77/20/08/772008fb-0dab-8bf3-00d1-51290a200b0f/20CRGIM20876.rgb.jpg/400x400bb.jpg
itunes_1477280881,The Act,The Devil Wears Prada,2019,2010s,Punk,https://is1-ssl.mzstatic.com/image/thumb/Music115/v4/cd/30/d7/cd30d77b-afaf-48cc-9ca4-d2d41261865f/810488024678.jpg/400x400bb.jpg
itunes_1045613697,Master Killer,Merauder,1996,1990s,Punk,https://is1-ssl.mzstatic.com/image/thumb/Music118/v4/6e/7d/d7/6e7dd789-4670-08b0-ede9-4907e19d7f79/886443598874.jpg/400x400bb.jpg
itunes_1313067233,Material Control,Glassjaw,2017,2010s,Punk,https://is1-ssl.mzstatic.com/image/thumb/Music128/v4/ba/13/8e/ba138e03-aa4c-bdbf-7ed3-8d429d42f2ab/886446849638.jpg/400x400bb.jpg
itunes_1847669899,American Psycho,The Misfits,1997,1990s,Punk,https://is1-ssl.mzstatic.com/image/thumb/Music221/v4/ad/f4/03/adf40383-5988-10d8-a6fe-fa7d04d72e08/16UMGIM63553.rgb.jpg/400x400bb.jpg
itunes_323755754,Secrets of the World,Trapped Under Ice,2009,2000s,Punk,https://is1-ssl.mzstatic.com/image/thumb/Features114/v4/5d/c2/ff/5dc2ff88-b8a6-5efc-18f2-fe5c6d0cdedc/dj.tdfztqfu.tif/400x400bb.jpg
itunes_1453485880,Parting the Sea Between Brightness and Me,Touché Amoré,2011,2010s,Punk,https://is1-ssl.mzstatic.com/image/thumb/Music211/v4/2c/66/1d/2c661d53-0c57-d985-d0f7-ee4d1cb29505/640841636428.jpg/400x400bb.jpg
itunes_1302287380,Rock for Light (Remastered),Bad Brains,1983,1980s,Punk,https://is1-ssl.mzstatic.com/image/thumb/Music118/v4/d3/3a/98/d33a9862-192f-100a-a1bf-ccc5e7ffe5dd/artwork.jpg/400x400bb.jpg
itunes_1440946044,Sixteen Stone (Remastered),Bush,1994,1990s,Rock,https://is1-ssl.mzstatic.com/image/thumb/Music221/v4/ad/10/83/ad1083d4-6a79-8f5e-aad5-665a58df2615/17UMGIM79375.rgb.jpg/400x400bb.jpg
itunes_1440905650,Celebrity Skin,Hole,1998,1990s,Rock,https://is1-ssl.mzstatic.com/image/thumb/Music221/v4/eb/56/a9/eb56a93b-fa8c-20d6-f33a-525084301407/06UMGIM07325.rgb.jpg/400x400bb.jpg
itunes_669728060,Bleach (Deluxe Edition),Nirvana,1989,1980s,Alternative,https://is1-ssl.mzstatic.com/image/thumb/Music124/v4/71/fc/61/71fc6147-fa50-2e25-4e42-db8b45e345ab/Nirvana_Bleach_20th_1425px.jpg/400x400bb.jpg
itunes_1413920644,Nirvana,Nirvana,2002,2000s,Alternative,https://is1-ssl.mzstatic.com/image/thumb/Music115/v4/7b/58/c2/7b58c21a-2b51-2bb2-e59a-9bb9b96ad8c3/00602567924166.rgb.jpg/400x400bb.jpg
itunes_258512042,Foo Fighters,Foo Fighters,1995,1990s,Alternative,https://is1-ssl.mzstatic.com/image/thumb/Music211/v4/3e/68/64/3e686418-eb76-c367-464d-f6d2ce3c6765/828765549622.jpg/400x400bb.jpg
itunes_1440890539,Badmotorfinger (25th Anniversary / Remastered 2016),Soundgarden,1991,1990s,Rock,https://is1-ssl.mzstatic.com/image/thumb/Music114/v4/2c/a2/84/2ca284fb-2ec8-6a6e-e739-bb019b594c5a/00602557233278.rgb.jpg/400x400bb.jpg
itunes_1440657497,Temple of the Dog,Temple of the Dog,1991,1990s,Alternative,https://is1-ssl.mzstatic.com/image/thumb/Music125/v4/67/7d/7b/677d7b51-e664-d4ac-84f4-bc18920d95a0/00075021535022.rgb.jpg/400x400bb.jpg
itunes_1440866412,Down On the Upside,Soundgarden,1996,1990s,Rock,https://is1-ssl.mzstatic.com/image/thumb/Music125/v4/cc/d0/e1/ccd0e15b-b4d9-38c5-59db-2431f101616b/00602557008425.rgb.jpg/400x400bb.jpg
itunes_278229648,There Is Nothing Left to Lose,Foo Fighters,1999,1990s,Rock,https://is1-ssl.mzstatic.com/image/thumb/Music221/v4/ef/02/55/ef025575-aa1d-efc2-f789-04f592275b8a/888880335630.jpg/400x400bb.jpg
itunes_1443785016,Rubberneck,Toadies,1994,1990s,Rock,https://is1-ssl.mzstatic.com/image/thumb/Music124/v4/30/0f/cd/300fcd20-bcbb-ed94-08d1-7211072d8f5f/00606949240226.rgb.jpg/400x400bb.jpg
itunes_302225725,Tiny Music...Songs from the Vatican Gift Shop,Stone Temple Pilots,1996,1990s,Rock,https://is1-ssl.mzstatic.com/image/thumb/Music114/v4/1f/9a/53/1f9a5373-601e-28bd-f754-c33e56c40a2b/mzi.ygqxrssz.jpg/400x400bb.jpg
itunes_726131386,Marcy Playground,Marcy Playground,1997,1990s,Rock,https://is1-ssl.mzstatic.com/image/thumb/Music115/v4/57/ce/c3/57cec344-c03a-db04-c03f-c387bbcacae5/13UABIM59219.rgb.jpg/400x400bb.jpg
itunes_1470979294,Gish (Remastered),The Smashing Pumpkins,1991,1990s,Rock,https://is1-ssl.mzstatic.com/image/thumb/Music126/v4/a9/6a/26/a96a262b-a0ec-16db-056f-11f47fd2e3a3/19UMGIM59908.rgb.jpg/400x400bb.jpg
itunes_1396330675,Version 2.0 (20th Anniversary Edition) [2018 Remaster],Garbage,1998,1990s,Alternative,https://is1-ssl.mzstatic.com/image/thumb/Music115/v4/4e/c6/51/4ec651e9-3de0-3522-68c4-a6d298995b17/00602567569633.rgb.jpg/400x400bb.jpg
itunes_158329476,Grave Dancers Union (2022 Remaster),Soul Asylum,1992,1990s,Rock,https://is1-ssl.mzstatic.com/image/thumb/Music112/v4/22/39/97/2239973c-6ad2-d929-3bd9-2c23b0e23cfc/074644889826.jpg/400x400bb.jpg
itunes_1440905421,American Thighs,Veruca Salt,1994,1990s,Rock,https://is1-ssl.mzstatic.com/image/thumb/Music125/v4/cb/1c/93/cb1c93d1-6d23-794d-b4bc-8841711c5891/00720642473221.rgb.jpg/400x400bb.jpg
itunes_1440827138,Garbage (20th Anniversary Edition) [2015 Remaster],Garbage,1995,1990s,Alternative,https://is1-ssl.mzstatic.com/image/thumb/Music114/v4/81/8e/64/818e6487-df77-bb60-7245-7f87c40d6f2d/00602547364890.rgb.jpg/400x400bb.jpg
itunes_1442980495,Garbage (20th Anniversary Super Deluxe Edition) [2015 Remaster],Garbage,1995,1990s,Alternative,https://is1-ssl.mzstatic.com/image/thumb/Music128/v4/60/ab/1e/60ab1ef7-2a86-65f5-4c63-39847b7edb11/00602547364920.rgb.jpg/400x400bb.jpg
itunes_309736061,Bricks Are Heavy,L7,1992,1990s,Rock,https://is1-ssl.mzstatic.com/image/thumb/Music124/v4/7e/f6/b1/7ef6b1b4-41ca-15d7-2aec-af8d93193a76/mzi.afwzarke.jpg/400x400bb.jpg
itunes_157316025,Sweet Oblivion,Screaming Trees,1992,1990s,Pop,https://is1-ssl.mzstatic.com/image/thumb/Music114/v4/69/57/fb/6957fb36-7fe5-473e-f67b-92eb27512eb4/mzi.mevnhtgp.jpg/400x400bb.jpg
itunes_1443188705,Garbage (20th Anniversary Deluxe Edition) [2015 Remaster],Garbage,1995,1990s,Alternative,https://is1-ssl.mzstatic.com/image/thumb/Music115/v4/db/a5/b5/dba5b539-8655-a50b-958f-f2e814f065db/00602547364906.rgb.jpg/400x400bb.jpg
itunes_527179977,Lost Dogs,Pearl Jam,2003,2000s,Rock,https://is1-ssl.mzstatic.com/image/thumb/Features124/v4/37/fc/b0/37fcb065-e8cc-9d2b-98dd-12eca02fa3e5/dj.tuokefaq.jpg/400x400bb.jpg
itunes_1440908609,Eight Arms to Hold You,Veruca Salt,1997,1990s,Rock,https://is1-ssl.mzstatic.com/image/thumb/Music124/v4/79/f1/1d/79f11d09-f228-c7fc-0c87-e073dbc06363/00607703000124.rgb.jpg/400x400bb.jpg
itunes_157506505,1965,The Afghan Whigs,1998,1990s,Pop,https://is1-ssl.mzstatic.com/image/thumb/Music/23/ef/1b/mzi.pbuajafc.jpg/400x400bb.jpg
itunes_157336418,Rotting Pinata,Sponge,1994,1990s,Rock,https://is1-ssl.mzstatic.com/image/thumb/Music115/v4/a8/ae/46/a8ae465b-6d79-fdc6-e540-7935b5bd4e40/mzi.zxtbgoxf.jpg/400x400bb.jpg
itunes_1443651321,Too High to Die,Meat Puppets,1994,1990s,Rock,https://is1-ssl.mzstatic.com/image/thumb/Music124/v4/8e/e4/b8/8ee4b8d8-a0aa-cce0-21fc-7cd0a95e7999/00602527243962.rgb.jpg/400x400bb.jpg
itunes_850571319,Demon Days,Gorillaz,2005,2000s,Alternative,https://is1-ssl.mzstatic.com/image/thumb/Music125/v4/1c/0f/81/1c0f818a-e458-dd84-6f1b-ccbdf5fe14d6/825646291045.jpg/400x400bb.jpg
itunes_193523067,Uncle Anesthesia,Screaming Trees,1991,1990s,Alternative,https://is1-ssl.mzstatic.com/image/thumb/Music124/v4/6e/ee/a4/6eeea475-e782-e6ee-4c15-0284bc40705f/mzi.wmxkgoch.jpg/400x400bb.jpg
itunes_1443726891,I Am an Elastic Firecracker,Tripping Daisy,1995,1990s,Alternative,https://is1-ssl.mzstatic.com/image/thumb/Music115/v4/1a/11/97/1a1197c5-b96c-f64f-e2e3-51f39ac8c7a8/00731452411228.rgb.jpg/400x400bb.jpg
itunes_192776207,Ball-Hog or Tugboat?,Mike Watt,1995,1990s,Alternative,https://is1-ssl.mzstatic.com/image/thumb/Features124/v4/85/01/df/8501df24-9c73-0418-133a-288011b70e5b/dj.kjdzgtlb.jpg/400x400bb.jpg
itunes_1440848808,So Tonight That I Might See,Mazzy Star,1993,1990s,Rock,https://is1-ssl.mzstatic.com/image/thumb/Music116/v4/0f/03/ea/0f03ead1-d1eb-27fd-0734-b257b515692f/13UABIM59278.rgb.jpg/400x400bb.jpg
itunes_1713865719,1977 Plus Trailer,Ash,1996,1990s,Rock,https://is1-ssl.mzstatic.com/image/thumb/Music116/v4/3d/fa/4c/3dfa4c03-37c3-81c9-e831-053287967576/0825646899593.jpg/400x400bb.jpg
itunes_1440631060,Human Clay,Creed,1999,1990s,Rock,https://is1-ssl.mzstatic.com/image/thumb/Music211/v4/50/fc/b5/50fcb509-7a4b-020b-0ccf-9ecfb3e6accb/14CMGIM00782.rgb.jpg/400x400bb.jpg
itunes_1015739190,Harvest,Neil Young,1972,1970s,Rock,https://is1-ssl.mzstatic.com/image/thumb/Music115/v4/e0/4b/c4/e04bc4e6-9d3a-0bab-c953-f139c72fd337/093624924722.jpg/400x400bb.jpg
itunes_1440664882,The Better Life,3 Doors Down,1999,1990s,Rock,https://is1-ssl.mzstatic.com/image/thumb/Music125/v4/61/2a/58/612a58ca-af10-cc8f-07ef-b3368ebc9564/07UMGIM12238.rgb.jpg/400x400bb.jpg
itunes_3631635,Thank You,Stone Temple Pilots,2003,2000s,Rock,https://is1-ssl.mzstatic.com/image/thumb/Features115/v4/f9/5d/c3/f95dc3b6-fa4d-ad2c-fe34-c6e53d748cef/dj.crzhohrj.jpg/400x400bb.jpg
itunes_388143873,MTV Unplugged (Live),Alice In Chains,1996,1990s,Rock,https://is1-ssl.mzstatic.com/image/thumb/Music/ff/eb/d8/mzi.wegmszqt.jpg/400x400bb.jpg
itunes_72796976,Harvest Moon,Neil Young,1992,1990s,Alternative,https://is1-ssl.mzstatic.com/image/thumb/Music115/v4/ad/2b/57/ad2b57c5-78cf-741f-3f60-b61ecfcd5d00/s07.myunuhwl.jpg/400x400bb.jpg
itunes_1015783330,After the Gold Rush,Neil Young,1970,1970s,Rock,https://is1-ssl.mzstatic.com/image/thumb/Music124/v4/88/9f/0a/889f0afc-ca89-5968-ef83-ab07f7184eb6/093624924753.jpg/400x400bb.jpg
itunes_1440871686,Phobia,Breaking Benjamin,2006,2000s,Rock,https://is1-ssl.mzstatic.com/image/thumb/Music124/v4/39/94/59/3994596f-724f-ba0c-9e06-5b0f9768b94e/00720616265166.rgb.jpg/400x400bb.jpg
itunes_1440809131,Dear Agony,Breaking Benjamin,2009,2000s,Rock,https://is1-ssl.mzstatic.com/image/thumb/Music124/v4/21/98/eb/2198ebc5-d0e4-6fb7-47bc-baba445c38a1/00050087126407.rgb.jpg/400x400bb.jpg
itunes_300855107,In Your Honor,Foo Fighters,2005,2000s,Alternative,https://is1-ssl.mzstatic.com/image/thumb/Music211/v4/03/15/58/0315584b-0c8d-93c8-2342-55b3fc3fa88b/828767967257.jpg/400x400bb.jpg
itunes_1469575763,Legend – The Best Of Bob Marley & The Wailers,Bob Marley & The Wailers,1984,1980s,Reggae,https://is1-ssl.mzstatic.com/image/thumb/Music221/v4/3c/c2/0d/3cc20dcc-8f4e-f060-36dd-7de52a7ec8fe/12UMGIM14712.rgb.jpg/400x400bb.jpg
itunes_1097862703,The Bends,Radiohead,1995,1990s,Alternative,https://is1-ssl.mzstatic.com/image/thumb/Music126/v4/1b/a9/5c/1ba95cac-b245-d386-63fb-6b857aa9dce8/634904078065.png/400x400bb.jpg
itunes_800092985,The Queen Is Dead,The Smiths,1986,1980s,Alternative,https://is1-ssl.mzstatic.com/image/thumb/Music125/v4/1a/e8/70/1ae870c3-b402-096b-c4c4-8022af5a2ed9/745099189662.jpg/400x400bb.jpg
itunes_372100016,Disintegration (2010 Remaster),The Cure,1989,1980s,Alternative,https://is1-ssl.mzstatic.com/image/thumb/Music/93/3c/2c/mzi.ujtdsknz.jpg/400x400bb.jpg
itunes_435761204,Torches,Foster the People,2011,2010s,Alternative,https://is1-ssl.mzstatic.com/image/thumb/Music115/v4/ba/07/5b/ba075b3c-f0c4-b519-59f3-7ae74d43246b/dj.lajxsvkg.jpg/400x400bb.jpg
itunes_1443155637,The Joshua Tree,U2,1987,1980s,Rock,https://is1-ssl.mzstatic.com/image/thumb/Music115/v4/8f/e2/c3/8fe2c384-f6cb-9af7-371d-2b6a9b204e59/17UMGIM79292.rgb.jpg/400x400bb.jpg
itunes_1487726834,Walls,Kings of Leon,2016,2010s,Alternative,https://is1-ssl.mzstatic.com/image/thumb/Music124/v4/e0/f8/fd/e0f8fda0-a669-4b92-2d65-875d66d82ddc/886446009971.jpg/400x400bb.jpg
itunes_1170763548,I See You,The xx,2017,2010s,Alternative,https://is1-ssl.mzstatic.com/image/thumb/Music116/v4/bc/c2/4e/bcc24e7c-b389-682c-8f17-5bcb3c4e5f8f/889030016157.png/400x400bb.jpg
itunes_1088527349,The Cars,The Cars,1978,1970s,Rock,https://is1-ssl.mzstatic.com/image/thumb/Music125/v4/6b/3c/1d/6b3c1d3e-46a3-d0ac-e386-c2e60c8c8f49/mzm.hdqcumzx.jpg/400x400bb.jpg
itunes_7060469,Doolittle,Pixies,1989,1980s,Alternative,https://is1-ssl.mzstatic.com/image/thumb/Music211/v4/34/07/72/34077276-8f67-c638-8c4f-73dd89d2dfab/5014436905025.png/400x400bb.jpg
itunes_309677190,Tidal,Fiona Apple,1996,1990s,Alternative,https://is1-ssl.mzstatic.com/image/thumb/Music125/v4/4f/57/2f/4f572ff0-e5f0-b39e-b6b0-1ae7c9f922af/884977129762.jpg/400x400bb.jpg
itunes_1240796998,Everything Now,Arcade Fire,2017,2010s,Alternative,https://is1-ssl.mzstatic.com/image/thumb/Music114/v4/a0/f7/f1/a0f7f183-1a9d-9915-756a-c4df547911f2/886446538617.jpg/400x400bb.jpg
itunes_1771710012,Wolfgang Amadeus Phoenix,Phoenix,2009,2000s,Rock,https://is1-ssl.mzstatic.com/image/thumb/Music211/v4/28/8d/ab/288dabdd-f8de-80f6-1aab-40a24cb1b33f/00892038002190_Cover.jpg/400x400bb.jpg
itunes_799969670,Hatful of Hollow,The Smiths,1984,1980s,Alternative,https://is1-ssl.mzstatic.com/image/thumb/Music211/v4/b6/df/31/b6df310e-6ba1-bac5-8929-68e48bf56033/825646642854.jpg/400x400bb.jpg
itunes_1440869641,Weezer (Deluxe Edition),Weezer,1994,1990s,Rock,https://is1-ssl.mzstatic.com/image/thumb/Music113/v4/98/ef/02/98ef026e-7d73-f8ce-90d0-b41371ad20aa/16UMGIM52970.rgb.jpg/400x400bb.jpg
itunes_1189403816,Yoshimi Battles the Pink Robots,The Flaming Lips,2002,2000s,Alternative,https://is1-ssl.mzstatic.com/image/thumb/Music124/v4/8f/1f/f5/8f1ff578-4952-563a-7c4a-ab65e040ce95/093624913450.jpg/400x400bb.jpg
itunes_300205609,Post,Björk,1995,1990s,Pop,https://is1-ssl.mzstatic.com/image/thumb/Music116/v4/69/62/1c/69621c9a-514f-00cf-1de6-6e49f004fb28/075596174060.jpg/400x400bb.jpg
itunes_1767078693,Greatest Hits,Billy Idol,2001,2000s,Rock,https://is1-ssl.mzstatic.com/image/thumb/Music221/v4/d0/8f/53/d08f535b-f04d-e683-476a-835efc05bf74/13UABIM74016.rgb.jpg/400x400bb.jpg
itunes_290073030,Stop Making Sense (Live) [Special New Edition],Talking Heads,1984,1980s,Rock,https://is1-ssl.mzstatic.com/image/thumb/Music124/v4/57/94/37/57943788-4a20-07db-1ed9-1fd526a7d0f4/mzi.wfxekfgc.jpg/400x400bb.jpg
itunes_1440868131,Weezer (Green Album),Weezer,2001,2000s,Rock,https://is1-ssl.mzstatic.com/image/thumb/Music115/v4/fc/ef/19/fcef196c-3f81-e9da-f02a-b55d900e7d69/16UMGIM53162.rgb.jpg/400x400bb.jpg
itunes_1614037635,Kick (2017 Remaster),INXS,1987,1980s,Rock,https://is1-ssl.mzstatic.com/image/thumb/Music116/v4/04/ca/65/04ca65d0-c796-3f9b-0446-f013dfc1a8d9/603497838899.jpg/400x400bb.jpg
itunes_724466069,Mezzanine,Massive Attack,1998,1990s,Electronic,https://is1-ssl.mzstatic.com/image/thumb/Music115/v4/0a/98/55/0a98555b-8d9d-3b46-660a-b91261557d17/00724384559953.rgb.jpg/400x400bb.jpg
itunes_1533513536,Elephant,The White Stripes,2003,2000s,Alternative,https://is1-ssl.mzstatic.com/image/thumb/Music114/v4/07/25/09/0725098a-09f4-f240-e551-94384a590371/886448799009.jpg/400x400bb.jpg
itunes_1210172617,Slowdive,Slowdive,2017,2010s,Alternative,https://is1-ssl.mzstatic.com/image/thumb/Music115/v4/81/42/f5/8142f595-dc02-1b4f-0cea-b265ac6c85f3/656605143262.jpg/400x400bb.jpg
itunes_300205427,Debut,Björk,1993,1990s,Pop,https://is1-ssl.mzstatic.com/image/thumb/Music116/v4/58/30/6e/58306e6c-deba-df87-423b-07c0a5fca918/075596146869.jpg/400x400bb.jpg
itunes_1475002920,Let's Dance (2018 Remaster),David Bowie,1983,1980s,Rock,https://is1-ssl.mzstatic.com/image/thumb/Music115/v4/bd/df/9d/bddf9d26-d45a-278f-26c1-e5274094cb27/190295671600.jpg/400x400bb.jpg
itunes_292885238,Souvlaki,Slowdive,1993,1990s,Alternative,https://is1-ssl.mzstatic.com/image/thumb/Music124/v4/1b/50/ad/1b50adc8-139b-1ad9-8500-cc2eb93faf17/888880730831.jpg/400x400bb.jpg
itunes_181630530,Comfort Eagle,CAKE,2001,2000s,Rock,https://is1-ssl.mzstatic.com/image/thumb/Music126/v4/ed/9f/91/ed9f9138-8c79-3a7f-4688-9b54c6657292/074646213223.jpg/400x400bb.jpg
itunes_1832087626,I Barely Know Her,sombr,2025,2020s,Indie,https://is1-ssl.mzstatic.com/image/thumb/Music221/v4/79/87/33/798733c3-e926-b1ef-435b-6a2dd7993171/093624827795.jpg/400x400bb.jpg
itunes_1160766816,"Do It, Try It (Remixes) - EP",M83,2016,2010s,Indie,https://is1-ssl.mzstatic.com/image/thumb/Music62/v4/e1/a8/24/e1a824ad-3dab-98d8-b5c5-eb58c832a2dc/cover.jpg/400x400bb.jpg
itunes_1160759154,"Digital Shades, Vol. 1",M83,2007,2000s,Indie,https://is1-ssl.mzstatic.com/image/thumb/Music221/v4/a0/1f/23/a01f2342-af60-1da4-dedc-b939459c16b3/cover.jpg/400x400bb.jpg
itunes_1160762729,Saturdays = Youth Remixes & B-Sides,M83,2008,2000s,Indie,https://is1-ssl.mzstatic.com/image/thumb/Music71/v4/00/3f/ac/003fac1d-562e-d22c-9f8e-d44887d3bb90/cover.jpg/400x400bb.jpg
itunes_6794334917,Tripping Over Time (Deluxe Edition),Boy & Bear,2026,2020s,Indie,https://is1-ssl.mzstatic.com/image/thumb/Music211/v4/b4/ff/d4/b4ffd438-c0df-16ad-c942-d34c7b13c267/463313.jpg/400x400bb.jpg
itunes_585128397,Vessel,twenty one pilots,2013,2010s,Indie,https://is1-ssl.mzstatic.com/image/thumb/Music211/v4/73/a7/23/73a7230c-19df-02a4-ff4e-53944024f63d/075679957924.jpg/400x400bb.jpg
itunes_1440848871,Dopamine,BØRNS,2015,2010s,Indie,https://is1-ssl.mzstatic.com/image/thumb/Music125/v4/07/37/8e/07378ef3-7950-ba76-4280-9acb0e5d032a/15UMGIM42534.rgb.jpg/400x400bb.jpg
itunes_1122775993,A Rush of Blood to the Head,Coldplay,2002,2000s,Indie,https://is1-ssl.mzstatic.com/image/thumb/Music115/v4/b9/b4/2a/b9b42ad1-1e25-5096-da43-497a247e69a3/190295978051.jpg/400x400bb.jpg
itunes_1450676554,Social Cues,Cage the Elephant,2019,2010s,Indie,https://is1-ssl.mzstatic.com/image/thumb/Music115/v4/e9/31/cc/e931cc5a-e541-5348-b601-1a3053474acb/886447488812.jpg/400x400bb.jpg
itunes_1107254993,A / B,KALEO,2016,2010s,Indie,https://is1-ssl.mzstatic.com/image/thumb/Music125/v4/74/fb/5e/74fb5e22-3a1b-4468-dc14-e097dc635e44/075679911506.jpg/400x400bb.jpg
itunes_1440808821,My Head Is an Animal,Of Monsters and Men,2011,2010s,Indie,https://is1-ssl.mzstatic.com/image/thumb/Music112/v4/a3/a8/c2/a3a8c2ee-79ca-f4f0-8adb-0060e04432fd/12UMGIM10062.rgb.jpg/400x400bb.jpg
itunes_1051876257,Tell Me I'm Pretty,Cage the Elephant,2015,2010s,Indie,https://is1-ssl.mzstatic.com/image/thumb/Music124/v4/24/12/c0/2412c0e6-4ba6-5f95-12f6-c932daeb6773/886445478310.jpg/400x400bb.jpg
itunes_1452955644,Here Comes the Cowboy,Mac DeMarco,2019,2010s,Indie,https://is1-ssl.mzstatic.com/image/thumb/Music125/v4/af/b4/e5/afb4e586-65ef-86cd-1814-83c129952237/00842812112638.rgb.jpg/400x400bb.jpg
itunes_1242366660,A Deeper Understanding,The War on Drugs,2017,2010s,Indie,https://is1-ssl.mzstatic.com/image/thumb/Music124/v4/a7/58/ea/a758ea6b-866e-302c-668a-bad3aa2cf32e/075679893109.jpg/400x400bb.jpg
itunes_1107244888,Home of the Strange,Young the Giant,2016,2010s,Indie,https://is1-ssl.mzstatic.com/image/thumb/Music114/v4/42/22/b3/4222b374-2b63-503b-2f72-4dd60f564ef2/075679911964.jpg/400x400bb.jpg
itunes_1485581308,Texas Sun - EP,Khruangbin & Leon Bridges,2020,2020s,Indie,https://is1-ssl.mzstatic.com/image/thumb/Music115/v4/ed/90/53/ed9053df-0476-f6aa-d7f2-8664fc589904/656605151465.jpg/400x400bb.jpg
itunes_613184430,Modern Vampires of the City,Vampire Weekend,2013,2010s,Indie,https://is1-ssl.mzstatic.com/image/thumb/Music211/v4/b2/c7/94/b2c79469-1105-1a37-c092-5f889f6ed15a/634904055653.png/400x400bb.jpg
itunes_1087128495,Puberty 2,Mitski,2016,2010s,Indie,https://is1-ssl.mzstatic.com/image/thumb/Music125/v4/7a/ee/82/7aee8209-a778-109f-0a98-bb415bc8e95d/656605142364.jpg/400x400bb.jpg
itunes_1440857105,Morning Phase,Beck,2014,2010s,Indie,https://is1-ssl.mzstatic.com/image/thumb/Music115/v4/cd/66/15/cd6615fe-fe3a-b33c-4ef9-3a5a446852c3/14UMGIM00358.rgb.jpg/400x400bb.jpg
itunes_442414720,Marvin's Marvelous Mechanical Museum,Tally Hall,2005,2000s,Indie,https://is1-ssl.mzstatic.com/image/thumb/Features125/v4/66/0d/48/660d4845-8014-ad93-497b-5db00a5ad3f0/dj.cuycxsls.tif/400x400bb.jpg
itunes_1586497861,Boygenius - EP,boygenius,2018,2010s,Indie,https://is1-ssl.mzstatic.com/image/thumb/Music116/v4/3d/e1/dc/3de1dc68-fcdf-3cc4-721a-d00cdc5f984b/744861140856.png/400x400bb.jpg
itunes_281086394,Fleet Foxes,Fleet Foxes,2008,2000s,Indie,https://is1-ssl.mzstatic.com/image/thumb/Music112/v4/b5/13/5d/b5135d6b-97e1-19cb-4234-5f711b77972e/098787077766.png/400x400bb.jpg
itunes_313302066,Either/Or,Elliott Smith,1997,1990s,Indie,https://is1-ssl.mzstatic.com/image/thumb/Music124/v4/ff/ea/28/ffea28a4-988a-f02e-7e1a-8566db3cab02/mzi.uoqucyoy.jpg/400x400bb.jpg
itunes_1440909604,Vide Noir,Lord Huron,2018,2010s,Indie,https://is1-ssl.mzstatic.com/image/thumb/Music114/v4/6a/2f/fe/6a2ffe65-780d-9e4a-6aa8-4b1e3240422a/18UMGIM02741.rgb.jpg/400x400bb.jpg
itunes_1440875185,Blue Madonna,BØRNS,2018,2010s,Indie,https://is1-ssl.mzstatic.com/image/thumb/Music124/v4/08/ef/fe/08effecd-6bd2-9020-e3d5-c635425c8bdd/00602567174622.rgb.jpg/400x400bb.jpg
itunes_669287796,Wincing the Night Away,The Shins,2007,2000s,Indie,https://is1-ssl.mzstatic.com/image/thumb/Music125/v4/79/b0/5f/79b05fca-d8d8-2029-84ca-8348bb5c8e23/TheShins_WincingTheNightAway_1425px.jpg/400x400bb.jpg
itunes_1430224633,Mirror Master,Young the Giant,2018,2010s,Indie,https://is1-ssl.mzstatic.com/image/thumb/Music124/v4/4f/a1/2a/4fa12a04-6558-a22a-b719-5a8bf5d25155/075679864499.jpg/400x400bb.jpg
itunes_1553595811,Science Fiction,Brand New,2017,2010s,Indie,https://is1-ssl.mzstatic.com/image/thumb/Music211/v4/27/c4/47/27c4474e-513f-1d2e-8ac8-3a5df7bbf669/616892525844.png/400x400bb.jpg
itunes_1249417623,Funeral,Arcade Fire,2004,2000s,Indie,https://is1-ssl.mzstatic.com/image/thumb/Music125/v4/2b/09/6e/2b096e8c-ae65-fc42-a4b1-19abb4100433/886446576442.jpg/400x400bb.jpg
itunes_1353635536,7,Beach House,2018,2010s,Indie,https://is1-ssl.mzstatic.com/image/thumb/Music125/v4/59/90/0c/59900c7a-1e05-4048-6a0b-830bd0f6cbc7/Beach_House_7_Cover_3000x3000_300.jpg/400x400bb.jpg
itunes_601140186,Comedown Machine,The Strokes,2013,2010s,Indie,https://is1-ssl.mzstatic.com/image/thumb/Music115/v4/9c/ae/7a/9cae7a72-29ed-08aa-1b42-913776bbb6ec/886443855571.jpg/400x400bb.jpg
itunes_841098321,Turn Blue,The Black Keys,2014,2010s,Indie,https://is1-ssl.mzstatic.com/image/thumb/Music116/v4/a6/8f/0e/a68f0eb6-167e-edc0-d85c-32b4c4a6a9c2/075597955507.jpg/400x400bb.jpg
itunes_1589272584,Turn On the Bright Lights,Interpol,2002,2000s,Indie,https://is1-ssl.mzstatic.com/image/thumb/Music116/v4/be/ef/aa/beefaad1-64ba-1288-d2ce-95a5964a020b/744861054566.png/400x400bb.jpg
itunes_1784288625,RUSHMERE,Mumford & Sons,2025,2020s,Indie,https://is1-ssl.mzstatic.com/image/thumb/Music221/v4/8b/7b/2f/8b7b2fc3-b8fe-595c-99fa-77d8199d92e3/198846810775.jpg/400x400bb.jpg
itunes_765568650,Lost In the Dream,The War on Drugs,2014,2010s,Indie,https://is1-ssl.mzstatic.com/image/thumb/Music125/v4/3b/e7/98/3be79889-aea5-5139-5330-3cbe1b364ef3/656605031064.jpg/400x400bb.jpg
itunes_328074546,Illinois,Sufjan Stevens,2005,2000s,Indie,https://is1-ssl.mzstatic.com/image/thumb/Music115/v4/47/9e/a3/479ea382-2686-3ea9-3def-d67d81fb2ee3/mzi.lhtprasx.jpg/400x400bb.jpg
itunes_1733730985,Submarine,The Marías,2024,2020s,Indie,https://is1-ssl.mzstatic.com/image/thumb/Music211/v4/0b/4d/b6/0b4db6bd-2d40-55a5-1714-67f5c816294d/075679659644.jpg/400x400bb.jpg
itunes_1650743431,Indie Pop,Christopher Blair,2022,2020s,Indie,https://is1-ssl.mzstatic.com/image/thumb/Music211/v4/a8/5d/99/a85d992d-6894-42df-9cad-26a0bcfefdfd/067003133654.png/400x400bb.jpg
itunes_1742301413,Charm,Clairo,2024,2020s,Indie,https://is1-ssl.mzstatic.com/image/thumb/Music211/v4/f7/8c/19/f78c1951-ced5-fea6-251b-50914d96fd62/00196922948305_Cover.jpg/400x400bb.jpg
itunes_1776748879,SMITHEREENS,Joji,2022,2020s,Indie,https://is1-ssl.mzstatic.com/image/thumb/Music221/v4/d0/2a/43/d02a433a-3ab8-9a94-b07d-1dc599b64966/93624864387.jpg/400x400bb.jpg
itunes_1757915107,Indie Pop,Blues Saraceno,2010,2010s,Indie,https://is1-ssl.mzstatic.com/image/thumb/Music211/v4/b0/b7/b1/b0b7b110-f5bc-c2b7-37e6-3752fe40ff09/859705195326.jpg/400x400bb.jpg
itunes_1587060922,to hell with it,PinkPantheress,2021,2020s,Indie,https://is1-ssl.mzstatic.com/image/thumb/Music115/v4/ae/c0/64/aec064da-83cc-4ce9-fcdc-19bd62800109/190296429699.jpg/400x400bb.jpg
itunes_1436703562,"Superclean, Vol. II - EP",The Marías,2018,2010s,Indie,https://is1-ssl.mzstatic.com/image/thumb/Music124/v4/71/5f/fc/715ffc50-c006-500b-ad3e-830a6a6bbc70/artwork.jpg/400x400bb.jpg
itunes_1623929720,French Exit,TV Girl,2014,2010s,Indie,https://is1-ssl.mzstatic.com/image/thumb/Music122/v4/3d/09/0c/3d090c87-f02b-3c3c-cedf-603cc900082f/888174780955_cover.jpg/400x400bb.jpg
itunes_1454428976,Father of the Bride,Vampire Weekend,2019,2010s,Indie,https://is1-ssl.mzstatic.com/image/thumb/Music124/v4/c4/fa/36/c4fa36f5-eee0-8549-bb95-3c341c82ef40/886447485521.jpg/400x400bb.jpg
itunes_509665145,Bloom,Beach House,2012,2010s,Indie,https://is1-ssl.mzstatic.com/image/thumb/Music115/v4/8b/b7/08/8bb7086b-cdb5-1ffe-926b-e7637bda6a0d/BeachHouse_Bloom_iTunes.jpg/400x400bb.jpg
itunes_1771710760,Tourist History,Two Door Cinema Club,2010,2010s,Indie,https://is1-ssl.mzstatic.com/image/thumb/Music211/v4/e6/7f/61/e67f61ff-6231-1613-a2a9-aa7f7439457c/00892038002275_Cover.jpg/400x400bb.jpg
itunes_1589295663,Laurel Hell,Mitski,2022,2020s,Indie,https://is1-ssl.mzstatic.com/image/thumb/Music115/v4/fe/01/99/fe019995-88e4-9e5c-9621-d28953dc9aa5/27273.jpg/400x400bb.jpg
itunes_1862967956,Déjenme Llorar,Carla Morrison,2012,2010s,Indie,https://is1-ssl.mzstatic.com/image/thumb/Music211/v4/71/f6/ce/71f6ce36-fdee-c95b-ced5-2b54ab8b14f9/787790255666.jpg/400x400bb.jpg
itunes_1563957170,CINEMA,The Marías,2021,2020s,Indie,https://is1-ssl.mzstatic.com/image/thumb/Music115/v4/0b/67/3f/0b673fd4-5e49-fccd-6193-3076bef03f53/075679792389.jpg/400x400bb.jpg
itunes_1751414757,Imaginal Disk,Magdalena Bay,2024,2020s,Indie,https://is1-ssl.mzstatic.com/image/thumb/Music221/v4/8f/e3/6c/8fe36c7a-d280-2d0e-8e67-4ee0fd4523cd/810090095448.png/400x400bb.jpg
itunes_1302158479,"Superclean, Vol. I - EP",The Marías,2017,2010s,Indie,https://is1-ssl.mzstatic.com/image/thumb/Music114/v4/6c/3e/4d/6c3e4d69-a98e-8d66-968e-66a5875d76ea/artwork.jpg/400x400bb.jpg
itunes_1525019203,Shadows,Cannons,2019,2010s,Indie,https://is1-ssl.mzstatic.com/image/thumb/Music125/v4/93/84/bc/9384bc87-d4b9-3af3-4fd1-0e1ed576d9cc/886448664901.jpg/400x400bb.jpg
itunes_1482950619,Fuzzybrain,Dayglow,2019,2010s,Indie,https://is1-ssl.mzstatic.com/image/thumb/Music112/v4/db/c9/d4/dbc9d483-e882-f86d-69b1-25092801e526/5054526793347.jpg/400x400bb.jpg
itunes_1553364590,Jubilee,Japanese Breakfast,2021,2020s,Indie,https://is1-ssl.mzstatic.com/image/thumb/Music126/v4/93/8b/8b/938b8b5d-1022-414f-995e-a25608fc68c3/17251.jpg/400x400bb.jpg
itunes_1544226562,Halcyon Digest,Deerhunter,2010,2010s,Indie,https://is1-ssl.mzstatic.com/image/thumb/Music126/v4/c8/93/80/c8938060-b785-3f40-5cc5-6464265f10d6/652637303865.png/400x400bb.jpg
itunes_281242279,Play & Play: B Sides,Moby,2000,2000s,Indie,https://is1-ssl.mzstatic.com/image/thumb/Music125/v4/b0/b4/93/b0b493b1-71ae-b154-ab40-e6acc7d84c46/842108036099_1.jpg/400x400bb.jpg
itunes_1266067531,I. - EP,Cigarettes After Sex,2012,2010s,Indie,https://is1-ssl.mzstatic.com/image/thumb/Music211/v4/9a/eb/1c/9aeb1c86-7dd7-b31e-9a40-e26a1ae38d89/720841228202_Cover.jpg/400x400bb.jpg
itunes_349535407,Teen Dream (Bonus Track Version),Beach House,2010,2010s,Indie,https://is1-ssl.mzstatic.com/image/thumb/Music124/v4/d2/0c/e5/d20ce58d-27dc-a429-a4c2-41096d901ee6/mzi.ixtppvys.jpg/400x400bb.jpg
itunes_1700905544,Shoegaze - EP,Hiyo,2020,2020s,Indie,https://is1-ssl.mzstatic.com/image/thumb/Music116/v4/19/a7/18/19a718ae-09b1-a3dd-4b0f-1b4dd0811c41/192641453328.png/400x400bb.jpg
itunes_371772227,Disintegration (Deluxe Edition - Remastered),The Cure,1989,1980s,Indie,https://is1-ssl.mzstatic.com/image/thumb/Music211/v4/94/d2/ba/94d2bacf-07d7-df79-24a3-7fbf5207c848/081227981303.jpg/400x400bb.jpg
itunes_1047853068,Thank Your Lucky Stars,Beach House,2015,2010s,Indie,https://is1-ssl.mzstatic.com/image/thumb/Music62/v4/3b/af/ad/3bafad23-865b-9f2f-2bb4-39c103297b15/mzm.odshydsi.jpg/400x400bb.jpg
itunes_724609718,Among My Swan,Mazzy Star,1996,1990s,Indie,https://is1-ssl.mzstatic.com/image/thumb/Music124/v4/c8/b0/7b/c8b07b78-7610-5969-0d34-57dd520d70b1/00724382722458.rgb.jpg/400x400bb.jpg
itunes_1707465605,"Reading, Writing And Arithmetic",The Sundays,1990,1990s,Indie,https://is1-ssl.mzstatic.com/image/thumb/Music126/v4/1e/92/a6/1e92a616-58a6-f2ff-4add-f5eab8c7f04f/23UMGIM61402.rgb.jpg/400x400bb.jpg
itunes_281116024,Music Has the Right to Children,Boards of Canada,1998,1990s,Indie,https://is1-ssl.mzstatic.com/image/thumb/Features125/v4/b5/4c/c2/b54cc20d-03f5-f2c4-4a0d-9b51ad65af89/dj.txuslqgv.jpg/400x400bb.jpg
itunes_1208633031,Somersault,Beach Fossils,2017,2010s,Indie,https://is1-ssl.mzstatic.com/image/thumb/Music122/v4/0f/86/57/0f8657ab-22ac-1ad1-b3d5-500a3e0a0418/859575005329.jpg/400x400bb.jpg
itunes_1447442814,Ágætis Byrjun,Sigur Rós,1999,1990s,Indie,https://is1-ssl.mzstatic.com/image/thumb/Music114/v4/f7/34/fd/f734fd6c-aeca-8052-825c-706d1c665a8b/190296941856.jpg/400x400bb.jpg
itunes_724675215,She Hangs Brightly,Mazzy Star,1990,1990s,Indie,https://is1-ssl.mzstatic.com/image/thumb/Music118/v4/ff/7a/e0/ff7ae040-2a0c-c2b6-e9b2-320eba204491/00077779650859.rgb.jpg/400x400bb.jpg
itunes_1440933279,Portishead,Portishead,1997,1990s,Indie,https://is1-ssl.mzstatic.com/image/thumb/Music124/v4/20/d1/97/20d1978c-e152-61a0-77cf-119397215d51/06UMGIM15814.rgb.jpg/400x400bb.jpg
itunes_1247691975,Devotion,Beach House,2008,2000s,Indie,https://is1-ssl.mzstatic.com/image/thumb/Music125/v4/e4/74/96/e47496fd-6c1f-8f47-edf6-75fe19f4d83a/DEVOTIONbeach_house_cover.jpg/400x400bb.jpg
itunes_1248058009,Beach House,Beach House,2006,2000s,Indie,https://is1-ssl.mzstatic.com/image/thumb/Music118/v4/13/ca/b8/13cab847-b13e-1053-d934-c54bd1c96849/dj.evcgrean.jpg/400x400bb.jpg
itunes_715864097,Blue Lines (2012 Mix/Master),Massive Attack,1991,1990s,Indie,https://is1-ssl.mzstatic.com/image/thumb/Music115/v4/e5/f7/c0/e5f7c07d-2182-e732-8ad6-be03814fe93c/13UABIM04453.rgb.jpg/400x400bb.jpg
itunes_1027469081,Treasure,Cocteau Twins,1984,1980s,Indie,https://is1-ssl.mzstatic.com/image/thumb/Music116/v4/88/93/da/8893da24-c559-a08a-b750-07185eb9960a/652637041200.png/400x400bb.jpg
itunes_1497701141,You're Living All Over Me (Bonus Track Version),Dinosaur Jr.,1987,1980s,Indie,https://is1-ssl.mzstatic.com/image/thumb/Music124/v4/9c/73/59/9c73597a-d4fd-6726-4524-ad87333fe2b9/cover.jpg/400x400bb.jpg
itunes_1712294106,Four-Calendar Café,Cocteau Twins,1993,1990s,Indie,https://is1-ssl.mzstatic.com/image/thumb/Music116/v4/a9/52/fd/a952fd47-cbbd-261e-e487-467a03fd5318/191400071469.png/400x400bb.jpg
itunes_1519572856,Inlet,Hum,2020,2020s,Indie,https://is1-ssl.mzstatic.com/image/thumb/Music123/v4/48/5d/07/485d07a6-2e43-df19-d3f7-4a24b1b29b78/644110502780_cover.jpg/400x400bb.jpg
itunes_1808545829,Infinite Granite,Deafheaven,2021,2020s,Indie,https://is1-ssl.mzstatic.com/image/thumb/Music211/v4/9d/92/99/9d9299a2-5cde-89d5-b90a-e4ce0bf2c4bb/113934.jpg/400x400bb.jpg
itunes_1370893429,Clash the Truth,Beach Fossils,2013,2010s,Indie,https://is1-ssl.mzstatic.com/image/thumb/Music125/v4/0e/80/56/0e8056d0-fd06-74b1-f264-e712bd70b5ab/cover.jpg/400x400bb.jpg
itunes_1677217316,Become - EP,Beach House,2023,2020s,Indie,https://is1-ssl.mzstatic.com/image/thumb/Music221/v4/3e/11/0d/3e110de7-8e17-6031-4353-041ebe9c71a7/098787154566.png/400x400bb.jpg
itunes_1589242414,And Then Nothing Turned Itself Inside-Out,Yo La Tengo,2000,2000s,Indie,https://is1-ssl.mzstatic.com/image/thumb/Music211/v4/8c/a9/48/8ca94808-6ff9-85e4-48b3-7c76ddfa0fdd/744861037132.png/400x400bb.jpg
itunes_1556924265,m b v,my bloody valentine,2013,2010s,Indie,https://is1-ssl.mzstatic.com/image/thumb/Music211/v4/f9/7e/6b/f97e6b94-f307-ae7f-e94c-d74860a44350/887830016094.png/400x400bb.jpg
itunes_1370816939,Beach Fossils,Beach Fossils,2010,2010s,Indie,https://is1-ssl.mzstatic.com/image/thumb/Music115/v4/a0/af/23/a0af23ee-4618-2289-cd97-3d42c43bea09/cover.jpg/400x400bb.jpg
itunes_1485072758,Ordinary Corrupt Human Love,Deafheaven,2018,2010s,Indie,https://is1-ssl.mzstatic.com/image/thumb/Music115/v4/11/1b/cb/111bcb20-bfe9-efdc-daf7-f7a820b26a0f/0045778758203.png/400x400bb.jpg
itunes_6795216520,LSD and the Search for God - EP,LSD and the Search for God,2007,2000s,Indie,https://is1-ssl.mzstatic.com/image/thumb/Music211/v4/6a/af/24/6aaf249c-98ce-f1c2-faf4-a8a0eff35e9f/688981076421.jpg/400x400bb.jpg
itunes_257131744,The Moon and the Melodies,Cocteau Twins & Harold Budd,1986,1980s,Indie,https://is1-ssl.mzstatic.com/image/thumb/Music126/v4/20/96/39/2096390c-a094-aecb-1f54-e093d680b16c/652637061185.png/400x400bb.jpg
itunes_258199307,Blue Bell Knoll (Remastered) [Remastered],Cocteau Twins,1988,1980s,Indie,https://is1-ssl.mzstatic.com/image/thumb/Music116/v4/ea/1a/e0/ea1ae0ab-7a1e-96eb-b2d0-e6878d81c94a/652637080780.png/400x400bb.jpg
itunes_1370818045,What a Pleasure,Beach Fossils,2011,2010s,Indie,https://is1-ssl.mzstatic.com/image/thumb/Music114/v4/0d/2f/cd/0d2fcd7c-2b6a-1e28-5674-d4e7feabdae3/cover.jpg/400x400bb.jpg
itunes_434319411,Dragging a Dead Deer Up a Hill,Grouper,2008,2000s,Indie,https://is1-ssl.mzstatic.com/image/thumb/Music124/v4/83/c4/d1/83c4d1e8-0735-ca6d-5e3e-bbbac99cef41/mzi.euplhgfk.jpg/400x400bb.jpg
itunes_300947363,Floating Into the Night,Julee Cruise,1989,1980s,Indie,https://is1-ssl.mzstatic.com/image/thumb/Music128/v4/39/67/75/396775b5-242b-9235-f3d9-0a6b6d011f04/075992585927.jpg/400x400bb.jpg
itunes_1589242975,I Can Hear the Heart Beating As One,Yo La Tengo,1997,1990s,Indie,https://is1-ssl.mzstatic.com/image/thumb/Music221/v4/86/bb/c8/86bbc8c1-dc0e-72bc-253f-7e01acdc076a/744861022237.png/400x400bb.jpg
itunes_1080004700,Tired of Tomorrow (Deluxe Version),Nothing,2016,2010s,Indie,https://is1-ssl.mzstatic.com/image/thumb/Music125/v4/26/b9/bf/26b9bfa2-d2b9-13a1-14fe-b453d4f3e548/781676364015.jpg/400x400bb.jpg
itunes_1440912595,The Hurting (Remastered),Tears for Fears,1983,1980s,Indie,https://is1-ssl.mzstatic.com/image/thumb/Music116/v4/f2/91/fd/f291fdb1-9857-7e8f-2f14-592b39fb53dc/06UMGIM52624.rgb.jpg/400x400bb.jpg
itunes_285630526,Microcastle,Deerhunter,2008,2000s,Indie,https://is1-ssl.mzstatic.com/image/thumb/Features/8b/f8/64/dj.kdtacxwe.jpg/400x400bb.jpg
itunes_1771566648,Ambient Electronic,Jackson Frost,2024,2020s,Electronic,https://is1-ssl.mzstatic.com/image/thumb/Music211/v4/e5/ed/99/e5ed9982-66f3-b3e4-08d9-365c6cded316/cover.jpg/400x400bb.jpg
itunes_1432437393,Ambient Electronic Space Music,Ambient & Ambient Music Tribe,2018,2010s,Electronic,https://is1-ssl.mzstatic.com/image/thumb/Music128/v4/18/5b/99/185b991a-1227-4346-5116-0af8aefe2e35/8033772979238.jpg/400x400bb.jpg
itunes_1500632090,Ambient,Moby,1993,1990s,Electronic,https://is1-ssl.mzstatic.com/image/thumb/Music114/v4/7a/04/5b/7a045b77-9a1a-e451-7a6c-54a4b1c84b00/5060236632685_1.jpg/400x400bb.jpg
itunes_1462393762,Ambient Electronic - Hypnotic Soundscape,Hypnotic Time,2019,2010s,Electronic,https://is1-ssl.mzstatic.com/image/thumb/Music113/v4/69/f7/9a/69f79a6b-8c66-57d3-b900-efa3a058f902/8033773020502.jpg/400x400bb.jpg
itunes_1297846270,Ambient / Electronic,Infiction,2017,2010s,Electronic,https://is1-ssl.mzstatic.com/image/thumb/Music128/v4/1d/9c/c9/1d9cc975-d5de-039f-171f-13ebe35b2758/859723650982_cover.jpg/400x400bb.jpg
itunes_419476485,"Ambient - Ambient Music and Ambient Sounds for Relaxation Meditation, Spa, Massage and Yoga",Briar Moonwhisper,2011,2010s,Electronic,https://is1-ssl.mzstatic.com/image/thumb/Music124/v4/d0/11/74/d0117458-ac54-1192-4cc5-7b86e7651bc5/mzi.yierzjcb.jpg/400x400bb.jpg
itunes_6805499539,The Night Holds You - EP,Sleep Symphony,2026,2020s,Electronic,https://is1-ssl.mzstatic.com/image/thumb/Music221/v4/40/2c/75/402c7589-dd4d-871c-91c4-9dab67b93eda/5059449443614.png/400x400bb.jpg
itunes_1843145033,Thunderstorm Sleep,Derrol & Deep Sleep Rain & Thunder,2025,2020s,Electronic,https://is1-ssl.mzstatic.com/image/thumb/Music211/v4/f1/8f/dd/f18fdd77-c643-2c69-7b89-051be7aca0e8/903617.jpg/400x400bb.jpg
itunes_1416424511,Relax & Meditate,Meditation Music,2018,2010s,Electronic,https://is1-ssl.mzstatic.com/image/thumb/Music125/v4/08/a2/fa/08a2fa65-c923-9074-8444-75db8f2eccd5/192641146268_Cover.jpg/400x400bb.jpg
itunes_1471976729,DSVII,M83,2019,2010s,Alternative,https://is1-ssl.mzstatic.com/image/thumb/Music115/v4/5c/69/96/5c69964e-0b80-6135-4ccb-6a528d3171ff/cover.jpg/400x400bb.jpg
itunes_390860739,White Noise With Nature Sounds,White Noise,2010,2010s,Electronic,https://is1-ssl.mzstatic.com/image/thumb/Music/56/66/28/mzi.ecdiibfm.jpg/400x400bb.jpg
itunes_1641178236,432 Hz Deep Healing Frequency,"Sleep Fruits Music, Healing Frequencies & Ambient Fruits Music",2022,2020s,Electronic,https://is1-ssl.mzstatic.com/image/thumb/Music112/v4/51/b2/db/51b2dba0-7a12-c890-9678-c7d7514962f2/5054197300073.jpg/400x400bb.jpg
itunes_1668120551,432 Hz Deep Sleep,Miracle Tones,2023,2020s,Electronic,https://is1-ssl.mzstatic.com/image/thumb/Music123/v4/77/dc/48/77dc4894-5d58-54e9-baea-b5477dbba83b/196589857392.jpg/400x400bb.jpg
itunes_1702858389,963 Hz Frequency of God,Feed Your Soul,2023,2020s,Electronic,https://is1-ssl.mzstatic.com/image/thumb/Music221/v4/a0/63/c4/a063c4c4-0949-446f-8a1e-7b9a9aedda7e/278666.jpg/400x400bb.jpg
itunes_1157065837,"Study Music for Exams: Brain Power, Memory, Relaxation, Concentration, Focus, No Stress, Serenity, Harmony and Better Learning",Exams Study,2016,2010s,Electronic,https://is1-ssl.mzstatic.com/image/thumb/Music115/v4/d1/35/7e/d1357eee-c71f-a9cc-3941-3f6b48cada1c/4680960438851.jpg/400x400bb.jpg
itunes_6805502129,Anchored to Light,Nordic Lights & Deap Sleap,2026,2020s,Electronic,https://is1-ssl.mzstatic.com/image/thumb/Music221/v4/82/bd/c0/82bdc0cb-1da1-b81f-ee95-bf6bc2bd6d6b/5059449443607.png/400x400bb.jpg
itunes_724435863,Ambient 1: Music for Airports,Brian Eno,1978,1970s,Electronic,https://is1-ssl.mzstatic.com/image/thumb/Music125/v4/ee/71/42/ee71425d-6bc9-3df8-c90b-8539f59144ab/00724386649553.rgb.jpg/400x400bb.jpg
itunes_1558170355,Rain and Thunder Sounds - Sleep and Relax,Sounds For Sleep And Relaxation,2021,2020s,Electronic,https://is1-ssl.mzstatic.com/image/thumb/Music114/v4/ea/6a/46/ea6a46bf-d00e-359a-03ae-af62765fbc57/S_A8720356493623.jpg/400x400bb.jpg
itunes_909259846,"Weightless (Ambient Transmission, Vol. 2)",Marconi Union,2014,2010s,Electronic,https://is1-ssl.mzstatic.com/image/thumb/Music124/v4/08/ac/60/08ac6087-4021-0336-dda3-a762ca95bf8e/cover.jpg/400x400bb.jpg
itunes_1884132534,Thunderstorms For Sleep,SleepTherapy,2026,2020s,Electronic,https://is1-ssl.mzstatic.com/image/thumb/Music221/v4/6f/81/72/6f8172ee-774c-2a59-7583-f7c736676694/992014.jpg/400x400bb.jpg
itunes_712727641,MCMXC a.D.,Enigma,1990,1990s,Electronic,https://is1-ssl.mzstatic.com/image/thumb/Music118/v4/10/26/28/1026288d-85ad-aaf1-c8ad-984b4911317a/00724381045459.rgb.jpg/400x400bb.jpg
itunes_6769057648,Rain Sounds To Fall Asleep To,Rain Sounds Lab,2021,2020s,Electronic,https://is1-ssl.mzstatic.com/image/thumb/Music221/v4/52/f4/63/52f4636f-8918-7e6d-6e51-487b96d7fa3b/1084420.jpg/400x400bb.jpg
itunes_1143131526,"Stranger Things, Vol. 1 (A Netflix Original Series Soundtrack)",Kyle Dixon & Michael Stein,2016,2010s,Soundtracks,https://is1-ssl.mzstatic.com/image/thumb/Music115/v4/e0/fe/29/e0fe29b5-d7fe-e0d7-04e5-dd0b989a8675/780163484526.jpg/400x400bb.jpg
itunes_1296794185,Relaxing Rain Music,Rainsound,2017,2010s,Electronic,https://is1-ssl.mzstatic.com/image/thumb/Music125/v4/17/64/5c/17645c1b-f3de-a684-aec1-237015ad8c1b/5902898413175.jpg/400x400bb.jpg
itunes_1609261845,Crickets,Cricket Sounds & Sleep Crickets,2022,2020s,Electronic,https://is1-ssl.mzstatic.com/image/thumb/Music116/v4/fc/d2/a0/fcd2a007-b725-5bf1-4a8b-ca774a6bdfc9/cover_10217234.jpg/400x400bb.jpg
itunes_1564354885,Campfire Sounds,"Natural Sounds Selections, Nature Sound Collection & Zen Sounds",2021,2020s,Electronic,https://is1-ssl.mzstatic.com/image/thumb/Music115/v4/bf/b8/dc/bfb8dc97-b440-04d5-b645-de0e9d2a29b8/18155.jpg/400x400bb.jpg
itunes_1642823069,Liquid Mind VIII: Sleep,Liquid Mind,2006,2000s,Electronic,https://is1-ssl.mzstatic.com/image/thumb/Music112/v4/aa/90/8d/aa908d77-9665-e12d-f4ad-7e89729e10b7/196925302364.jpg/400x400bb.jpg
itunes_1440771769,From Sleep,Max Richter,2015,2010s,Classical,https://is1-ssl.mzstatic.com/image/thumb/Music126/v4/b9/44/16/b94416b6-82ea-f6fd-86f5-777b994f787b/15UMGIM26114.rgb.jpg/400x400bb.jpg
itunes_714499703,The Pearl,Harold Budd & Brian Eno,1984,1980s,Electronic,https://is1-ssl.mzstatic.com/image/thumb/Music125/v4/7d/f7/8a/7df78a98-2a85-9175-828f-8aa997eb1bfe/00094633197657.rgb.jpg/400x400bb.jpg
itunes_911319255,Syro,Aphex Twin,2014,2010s,Electronic,https://is1-ssl.mzstatic.com/image/thumb/Music124/v4/d5/7f/6e/d57f6e8e-068c-ef83-2a62-663e47d3f002/Syro_digital_packshot_RGB_1400.jpg/400x400bb.jpg
itunes_1853533850,528 Hz Deep Sleep & DNA Repair,Miracle Tones,2025,2020s,Electronic,https://is1-ssl.mzstatic.com/image/thumb/Music211/v4/10/3e/08/103e0871-403f-0323-7839-bdf7ef9cd73f/196873848938.jpg/400x400bb.jpg
itunes_724653175,Ambient 2: The Plateaux of Mirror,Brian Eno,1980,1980s,Electronic,https://is1-ssl.mzstatic.com/image/thumb/Music124/v4/77/34/cb/7734cb44-688f-0a0f-6d09-ed12977f4c5e/00724386649751.rgb.jpg/400x400bb.jpg
itunes_1435161141,Ambient,Various Artists,2018,2010s,Electronic,https://is1-ssl.mzstatic.com/image/thumb/Music128/v4/ba/1d/04/ba1d0412-8951-4e15-e586-6ccc28617abc/cover.jpg/400x400bb.jpg
itunes_64912197,Electronic Music,üNN,2002,2000s,Electronic,https://is1-ssl.mzstatic.com/image/thumb/Music/y2005/m05/d20/h01/s06.hdwnyfjm.jpg/400x400bb.jpg
itunes_514648216,Electronic Music,Various Artists,2012,2010s,Electronic,https://is1-ssl.mzstatic.com/image/thumb/Music/v4/7f/2c/b1/7f2cb13b-07fe-3109-1b50-450fe3358bd5/886788737280.tif/400x400bb.jpg
itunes_6795737505,electronic music!,Vale-Smith,2026,2020s,Electronic,https://is1-ssl.mzstatic.com/image/thumb/Music221/v4/9f/40/0f/9f400f0d-73ce-1006-2dda-41f6988b4c62/artwork.jpg/400x400bb.jpg
itunes_1674598530,Midnight City (Remix EP) - EP,M83,2011,2010s,Rock,https://is1-ssl.mzstatic.com/image/thumb/Music116/v4/5b/f3/4b/5bf34b53-c1f5-bf0e-1492-59c4e2dae012/cover.jpg/400x400bb.jpg
itunes_1474160998,Electronic Music - EP,Corcione,2019,2010s,Electronic,https://is1-ssl.mzstatic.com/image/thumb/Music123/v4/b4/0a/f7/b40af715-0e88-83a5-5bbe-90e88e6e5d6f/194171556517.jpg/400x400bb.jpg
itunes_1058740883,Bloom,RÜFÜS DU SOL,2016,2010s,Electronic,https://is1-ssl.mzstatic.com/image/thumb/Music115/v4/aa/5f/d8/aa5fd889-4c2e-7e24-e8b2-428beaf9d4fe/SWEATA009.jpg/400x400bb.jpg
itunes_617154241,Random Access Memories,Daft Punk,2013,2010s,Pop,https://is1-ssl.mzstatic.com/image/thumb/Music115/v4/e8/43/5f/e8435ffa-b6b9-b171-40ab-4ff3959ab661/886443919266.jpg/400x400bb.jpg
itunes_1440898929,dont smile at me,Billie Eilish,2017,2010s,Alternative,https://is1-ssl.mzstatic.com/image/thumb/Music115/v4/02/1d/30/021d3036-5503-3ed3-df00-882f2833a6ae/17UM1IM17026.rgb.jpg/400x400bb.jpg
itunes_897564246,In Return,ODESZA,2014,2010s,Electronic,https://is1-ssl.mzstatic.com/image/thumb/Music112/v4/76/5d/55/765d554e-e421-0299-783f-d78ad559d5e5/5021392959191.png/400x400bb.jpg
itunes_1097862870,Kid A,Radiohead,2000,2000s,Alternative,https://is1-ssl.mzstatic.com/image/thumb/Music122/v4/bd/8e/13/bd8e1358-b367-a689-cb84-cebd0b067dc4/634904078263.png/400x400bb.jpg
itunes_1434579572,SOLACE,RÜFÜS DU SOL,2018,2010s,Electronic,https://is1-ssl.mzstatic.com/image/thumb/Music125/v4/14/50/c8/1450c820-3cb3-ac9f-1bbf-0137d4344452/093624903192.jpg/400x400bb.jpg
itunes_1881389490,Flume,Flume,2012,2010s,Electronic,https://is1-ssl.mzstatic.com/image/thumb/Music211/v4/ea/8b/1c/ea8b1c89-6896-6463-0b5e-ca6051909a2c/112213.jpg/400x400bb.jpg
itunes_80815197,Music,Madonna,2000,2000s,Pop,https://is1-ssl.mzstatic.com/image/thumb/Music123/v4/1c/46/da/1c46da55-6dff-2c58-837e-bdd419ff9ca8/093624759829.jpg/400x400bb.jpg
itunes_1440862011,Settle (Deluxe),Disclosure,2013,2010s,Electronic,https://is1-ssl.mzstatic.com/image/thumb/Music211/v4/57/93/e0/5793e0d6-4877-e015-ef54-3fd4eff87344/14UMGIM12348.rgb.jpg/400x400bb.jpg
itunes_1497230760,The Slow Rush,Tame Impala,2020,2020s,Alternative,https://is1-ssl.mzstatic.com/image/thumb/Music115/v4/65/e3/e7/65e3e740-b69f-f5cb-f2e6-7dedb5265ac9/19UMGIM96748.rgb.jpg/400x400bb.jpg
itunes_1573263816,Good Vibes,"Electronic Music, Good Vibes & Relax Chill Out",2021,2020s,Pop,https://is1-ssl.mzstatic.com/image/thumb/Music125/v4/ad/53/e3/ad53e379-396c-5d78-c47a-c332f8a9add3/cover_10199608.jpg/400x400bb.jpg
itunes_1724881021,Nectar,Joji,2020,2020s,Alternative,https://is1-ssl.mzstatic.com/image/thumb/Music126/v4/91/7c/2b/917c2ba3-c97c-2807-2c18-b7794ebe5310/190296846489.jpg/400x400bb.jpg
itunes_1440871055,Overgrown (Deluxe Edition),James Blake,2013,2010s,Electronic,https://is1-ssl.mzstatic.com/image/thumb/Music114/v4/2a/d7/d8/2ad7d8cd-2ab6-d08c-5490-2704c10ca2bc/00602537351374.rgb.jpg/400x400bb.jpg
itunes_1832510565,AIN'T NO DAMN WAY!,KAYTRANADA,2025,2020s,Electronic,https://is1-ssl.mzstatic.com/image/thumb/Music211/v4/ab/55/49/ab5549a4-68aa-6367-68fa-a752bb364df8/196873346359.jpg/400x400bb.jpg
itunes_1363308558,"My Dear Melancholy,",The Weeknd,2018,2010s,R&B,https://is1-ssl.mzstatic.com/image/thumb/Music125/v4/db/22/4e/db224ee0-b058-5d06-9a8c-fa10662bd58e/18UMGIM17205.rgb.jpg/400x400bb.jpg
itunes_1111577743,A Moon Shaped Pool,Radiohead,2016,2010s,Alternative,https://is1-ssl.mzstatic.com/image/thumb/Music124/v4/b7/f2/5d/b7f25d91-4320-47c8-146a-6f84d5bc7e78/cover.jpg/400x400bb.jpg
itunes_1584412019,Lounge Chill - EP,"Electronic Music, Chill Out, Electro Lounge All Stars & Morning Chill Out Playlist",2021,2020s,Electronic,https://is1-ssl.mzstatic.com/image/thumb/Music115/v4/60/60/03/606003ac-3314-e553-f7ee-30bf5e061be0/cover.jpg/400x400bb.jpg
itunes_281208446,Geogaddi,Boards of Canada,2002,2000s,Electronic,https://is1-ssl.mzstatic.com/image/thumb/Music125/v4/2e/77/7c/2e777c13-60e3-c231-8be0-b0d43dc91598/mzi.yseuvnlj.jpg/400x400bb.jpg
itunes_274007376,Twoism - EP,Boards of Canada,1995,1990s,Electronic,https://is1-ssl.mzstatic.com/image/thumb/Music115/v4/30/73/ae/3073ae08-9aac-f497-bef5-817b1f42adb1/mzi.sgydwbnj.jpg/400x400bb.jpg
itunes_1686583346,Hi Scores - EP,Boards of Canada,1996,1990s,Electronic,https://is1-ssl.mzstatic.com/image/thumb/Music116/v4/c7/51/a4/c751a4e7-1851-14f8-b087-0030a0fe2d89/5056614706321.png/400x400bb.jpg
itunes_282559693,Drukqs,Aphex Twin,2001,2000s,Electronic,https://is1-ssl.mzstatic.com/image/thumb/Music221/v4/98/75/2f/98752fcb-0c8f-1e6e-cca3-2553ac9d46ab/0801061009236.png/400x400bb.jpg
itunes_1704203187,IDM - EP,Mr. Bill,2019,2010s,Electronic,https://is1-ssl.mzstatic.com/image/thumb/Music221/v4/45/fc/df/45fcdf73-ab40-d69b-a54e-d437de673602/735119272887_cover.jpg/400x400bb.jpg
itunes_81696254,The Campfire Headphase,Boards of Canada,2005,2000s,Electronic,https://is1-ssl.mzstatic.com/image/thumb/Features125/v4/fe/5d/d0/fe5dd0ed-79cf-e694-c454-26a585d3f548/dj.vfvsmugd.jpg/400x400bb.jpg
itunes_641229267,Tomorrow's Harvest,Boards of Canada,2013,2010s,Electronic,https://is1-ssl.mzstatic.com/image/thumb/Music115/v4/b3/1d/6a/b31d6afa-6344-719c-216b-972998d199c9/WARPLP257-Cover-1400px.jpg/400x400bb.jpg
itunes_281111401,Richard D. James Album,Aphex Twin,1996,1990s,Electronic,https://is1-ssl.mzstatic.com/image/thumb/Music/bc/20/6b/mzi.nhqretkn.jpg/400x400bb.jpg
itunes_280649372,"Selected Ambient Works, Vol. II",Aphex Twin,1994,1990s,Electronic,https://is1-ssl.mzstatic.com/image/thumb/Music124/v4/b4/59/cd/b459cd17-d4cb-6810-074f-2eef4f292430/mzi.obgacqgc.jpg/400x400bb.jpg
itunes_1714487173,Replica,Oneohtrix Point Never,2011,2010s,Electronic,https://is1-ssl.mzstatic.com/image/thumb/Music116/v4/0a/2e/53/0a2e532a-9179-be31-6456-f773dd1527e0/184923201062.png/400x400bb.jpg
itunes_281829991,...I Care Because You Do,Aphex Twin,1995,1990s,Electronic,https://is1-ssl.mzstatic.com/image/thumb/Music125/v4/5b/b8/00/5bb80093-db7e-fdb9-c4ce-48f81847f68b/mzi.jwcepubj.jpg/400x400bb.jpg
itunes_1121631291,Cheetah - EP,Aphex Twin,2016,2010s,Electronic,https://is1-ssl.mzstatic.com/image/thumb/Music125/v4/f9/1b/eb/f91bebd3-15e8-e09b-1975-fb8e69103572/0801061939137.jpg/400x400bb.jpg
itunes_1035616150,Garden of Delete,Oneohtrix Point Never,2015,2010s,Electronic,https://is1-ssl.mzstatic.com/image/thumb/Music124/v4/9b/ec/3c/9bec3c65-ac42-5d3d-1690-76c107ae051f/WARP266_packshot_3000.jpg/400x400bb.jpg
itunes_673970570,R Plus Seven,Oneohtrix Point Never,2013,2010s,Electronic,https://is1-ssl.mzstatic.com/image/thumb/Music6/v4/73/86/a9/7386a990-adbb-4026-ad49-f93b0594a4e9/WARP240_Packshot_1400.jpg/400x400bb.jpg
itunes_281074742,Amber,Autechre,1994,1990s,Electronic,https://is1-ssl.mzstatic.com/image/thumb/Music/4c/84/cd/mzi.cvnhtmiq.jpg/400x400bb.jpg
itunes_1108868612,Classics (Remastered),Aphex Twin,1995,1990s,Electronic,https://is1-ssl.mzstatic.com/image/thumb/Music211/v4/94/0e/e2/940ee299-7cac-3037-6e09-073e55df7023/cover.jpg/400x400bb.jpg
itunes_1750092185,Vol.1,Angine de Poitrine,2024,2020s,Rock,https://is1-ssl.mzstatic.com/image/thumb/Music211/v4/56/ff/25/56ff259a-f9f9-54c3-3484-a45fa1c0348e/6180.jpg/400x400bb.jpg
itunes_281864519,Go Plastic,Squarepusher,2001,2000s,Electronic,https://is1-ssl.mzstatic.com/image/thumb/Music124/v4/87/88/6b/87886b14-ad87-bd43-2178-a1feff46b30e/mzi.agtalzzh.jpg/400x400bb.jpg
itunes_1523916427,Peaceful Dreamin' - EP,MiZzzter White,2020,2020s,Electronic,https://is1-ssl.mzstatic.com/image/thumb/Music211/v4/d5/5c/a2/d55ca2d4-1fec-c227-e391-2f7aafd67df2/881.jpg/400x400bb.jpg
itunes_1729936182,✻H+3+ЯД✻7luCJIo0T6... (Remixes) - EP,vyrval,2024,2020s,Electronic,https://is1-ssl.mzstatic.com/image/thumb/Music116/v4/91/6b/6d/916b6d19-c1c0-455c-81f2-69766e768c85/1963621949921_cover.jpg/400x400bb.jpg
itunes_281109010,Tri Repetae,Autechre,1995,1990s,Electronic,https://is1-ssl.mzstatic.com/image/thumb/Music/a9/36/b6/mzi.vtdskskv.jpg/400x400bb.jpg
itunes_78495631,Hard Normal Daddy,Squarepusher,1997,1990s,Electronic,https://is1-ssl.mzstatic.com/image/thumb/Music/14/07/6c/mzi.qnhcbxem.tif/400x400bb.jpg
itunes_724389495,Songs About My Cats,Venetian Snares,2001,2000s,Electronic,https://is1-ssl.mzstatic.com/image/thumb/Music126/v4/cb/7a/dd/cb7addcf-891b-b7df-1f00-1cca35179106/8273.jpg/400x400bb.jpg
itunes_281042835,Incunabula,Autechre,1993,1990s,Electronic,https://is1-ssl.mzstatic.com/image/thumb/Music/5a/dc/30/mzi.jnbtyfqc.jpg/400x400bb.jpg
itunes_687479829,Rossz Csillag Alatt Született,Venetian Snares,2005,2000s,Electronic,https://is1-ssl.mzstatic.com/image/thumb/Music116/v4/9f/5d/a2/9f5da245-77f3-3f5e-cf55-dcb8059e276f/17602.jpg/400x400bb.jpg
itunes_1508164573,4:20,MIKE DEAN,2020,2020s,Electronic,https://is1-ssl.mzstatic.com/image/thumb/Music123/v4/11/45/3a/11453a95-bef6-97a1-1b52-bcf07fa88ed6/5060726323260.png/400x400bb.jpg
itunes_517918265,R.I.P.,Actress,2012,2010s,Electronic,https://is1-ssl.mzstatic.com/image/thumb/Music124/v4/eb/59/d9/eb59d98f-8eb5-5eda-c5d8-c885ff501899/4047179644822_cover.jpg/400x400bb.jpg
itunes_82752669,Hangable Auto Bulb,AFX,1995,1990s,Electronic,https://is1-ssl.mzstatic.com/image/thumb/Features125/v4/b6/f5/74/b6f5741a-0528-ddb3-6c58-74150bd43599/dj.uawoxkph.jpg/400x400bb.jpg
itunes_281818744,Surfing On Sine Waves,Polygon Window,1993,1990s,Electronic,https://is1-ssl.mzstatic.com/image/thumb/Music125/v4/0d/02/ec/0d02ecb2-9b49-bd16-ebc8-fc81836ddfd8/mzi.bhcdpdom.jpg/400x400bb.jpg
itunes_1104321742,The Digging Remedy,Plaid,2016,2010s,Electronic,https://is1-ssl.mzstatic.com/image/thumb/Music211/v4/dd/6d/b0/dd6db03f-4103-75e4-427d-d67cbc80ab63/0801061027735.png/400x400bb.jpg
itunes_1013941701,Orphaned Deejay Selek 2006-2008,AFX,2015,2010s,Electronic,https://is1-ssl.mzstatic.com/image/thumb/Music5/v4/22/a8/93/22a893f8-61ce-65fc-0e58-146217d567fd/0801061938437-1.jpg/400x400bb.jpg
itunes_917623350,Clark,Clark,2014,2010s,Electronic,https://is1-ssl.mzstatic.com/image/thumb/Music3/v4/4a/f9/a0/4af9a087-c131-97ce-ec03-8a5127418524/WARP251_Packshot_2400.jpg/400x400bb.jpg
itunes_1544377328,7G,A. G. Cook,2020,2020s,Electronic,https://is1-ssl.mzstatic.com/image/thumb/Music115/v4/90/1a/3c/901a3c35-f13d-26a9-e563-e61944a318bd/05054526001398_Cover.jpg/400x400bb.jpg
itunes_972395123,Platform,Holly Herndon,2015,2010s,Electronic,https://is1-ssl.mzstatic.com/image/thumb/Music116/v4/ea/ed/98/eaed9899-da6b-c75d-9307-815b9cfadd21/652637350357.png/400x400bb.jpg
itunes_290960611,Lp5,Autechre,1998,1990s,Electronic,https://is1-ssl.mzstatic.com/image/thumb/Music125/v4/cd/85/a1/cd85a132-cb70-d0ac-b8e0-cb8d028f8543/0801061006631.jpg/400x400bb.jpg
itunes_1282558028,Bricolage,Amon Tobin,1997,1990s,Electronic,https://is1-ssl.mzstatic.com/image/thumb/Music112/v4/4a/15/eb/4a15eb87-31ba-9c1c-c01f-1fe15b00ac7e/5054429121377.png/400x400bb.jpg
itunes_1437391370,See Without Eyes (Deluxe),The Glitch Mob,2018,2010s,Electronic,https://is1-ssl.mzstatic.com/image/thumb/Music124/v4/ab/a0/7a/aba07a7d-463c-b706-70ab-a00b5fb55e13/192562994054.jpg/400x400bb.jpg
itunes_1526087669,Best House Music,House Music,2020,2020s,House,https://is1-ssl.mzstatic.com/image/thumb/Music124/v4/40/73/12/40731213-66d3-a7f3-b0ce-e536dea3fafe/cover.jpg/400x400bb.jpg
itunes_1513266016,Ibiza 2020,House Music,2020,2020s,House,https://is1-ssl.mzstatic.com/image/thumb/Music115/v4/d6/ec/05/d6ec0559-700e-55d5-83a2-e6125534c989/cover.jpg/400x400bb.jpg
itunes_482682721,House Music,House,2011,2010s,House,https://is1-ssl.mzstatic.com/image/thumb/Music/b9/4d/11/mzi.fxksuext.jpg/400x400bb.jpg
itunes_1860835187,House Music (Remixes) - EP,Eddie Amador,2014,2010s,House,https://is1-ssl.mzstatic.com/image/thumb/Music221/v4/ab/e3/a1/abe3a1dc-cdeb-182b-fbc4-938416df0c7c/5054281358430.jpg/400x400bb.jpg
itunes_1544364403,House Music,Bell Orchestre,2021,2020s,House,https://is1-ssl.mzstatic.com/image/thumb/Music124/v4/07/10/bc/0710bc4b-b7ff-4804-9506-53e6d5296566/3663729142429_cover.jpg/400x400bb.jpg
itunes_1063908519,House Music,Various Artists,2015,2010s,House,https://is1-ssl.mzstatic.com/image/thumb/Music2/v4/c4/12/d4/c412d418-22b8-5db4-05ed-42cbea69cf19/889326482802_Cover.jpg/400x400bb.jpg
itunes_358189489,House Music (Continuous DJ Mix By Charles Feelgood),Charles Feelgood,2003,2000s,House,https://is1-ssl.mzstatic.com/image/thumb/Music/9a/a6/c5/mzi.kdbmmwxn.tif/400x400bb.jpg
itunes_1171792518,House Music (feat. John Julius Knight & Roland Clark) - EP,Eddie Thoneick & Kryder,2016,2010s,House,https://is1-ssl.mzstatic.com/image/thumb/Music126/v4/ff/f3/2a/fff32aa5-ed5f-29a0-1674-af351370c961/8718522115837.png/400x400bb.jpg
itunes_1200639354,House Music,Electro House,2017,2010s,House,https://is1-ssl.mzstatic.com/image/thumb/Music111/v4/54/30/8d/54308d50-361e-b053-6e4f-2c0be39a1294/191061314516.jpg/400x400bb.jpg
itunes_1447516046,House Music - EP,"Las Bibas From Vizcaya, Altar & C'Damore",2019,2010s,House,https://is1-ssl.mzstatic.com/image/thumb/Music114/v4/af/25/4a/af254a82-79f2-91a6-0be0-7c4c567655a0/193872037226_cover.jpg/400x400bb.jpg
itunes_276122826,House Music (Junior Vasquez Remix) [feat. Sabrina Johnston],Luis Radio,2003,2000s,House,https://is1-ssl.mzstatic.com/image/thumb/Music/9b/93/7d/mzi.juvcbhfy.jpg/400x400bb.jpg
itunes_1806818641,HOUSE MUSIC - EP,Justdeuce,2025,2020s,House,https://is1-ssl.mzstatic.com/image/thumb/Music211/v4/55/41/61/5541619b-3bf8-564e-2404-c84318a35425/artwork.jpg/400x400bb.jpg
itunes_1842568444,House Music,October Tooth,2021,2020s,House,https://is1-ssl.mzstatic.com/image/thumb/Music211/v4/27/d4/08/27d4087f-da3a-0ba4-f1c2-ba3d1e708605/903140.jpg/400x400bb.jpg
itunes_894155103,House Music,Steven James Adams,2014,2010s,House,https://is1-ssl.mzstatic.com/image/thumb/Music/v4/e8/03/0c/e8030cea-4c25-8e21-cb71-731fca0f75e4/cover.jpg/400x400bb.jpg
itunes_1513218235,Miami Lounge,House Music,2020,2020s,House,https://is1-ssl.mzstatic.com/image/thumb/Music123/v4/02/ec/6b/02ec6b41-1161-cb7c-aba7-348110409fa5/cover.jpg/400x400bb.jpg
itunes_1682324460,House Music (Dj Sneak Remixes),Eddie Amador,1999,1990s,House,https://is1-ssl.mzstatic.com/image/thumb/Music116/v4/11/2d/d0/112dd024-17c0-8bf6-dee7-b0e325f38701/5054283253566.jpg/400x400bb.jpg
itunes_1757764623,House Music,Kikumoto Allstars,2009,2000s,House,https://is1-ssl.mzstatic.com/image/thumb/Music211/v4/10/6b/e2/106be2b0-1b71-af84-6a70-0bd7fbe93f21/5414165027836_3000.jpg/400x400bb.jpg
itunes_1576193879,House Music - EP,Coltcha,2021,2020s,House,https://is1-ssl.mzstatic.com/image/thumb/Music115/v4/6b/53/65/6b536542-d27b-7db9-4d74-26ee23a05cb1/artwork.jpg/400x400bb.jpg
itunes_1733899159,House Music ( 2024 Re-edit ),Fabio Tosti & Marshall Jefferson,2024,2020s,House,https://is1-ssl.mzstatic.com/image/thumb/Music122/v4/f5/27/67/f5276783-d901-c652-8368-b5e48bd13b11/MPRN035.jpg/400x400bb.jpg
itunes_1598582056,House Music,Rodolphe Burger,2021,2020s,House,https://is1-ssl.mzstatic.com/image/thumb/Music126/v4/2e/d3/90/2ed39091-11b6-9255-71b1-8807f8ff3ef2/3760265620210_cover.jpg/400x400bb.jpg
itunes_1544954848,House Music - All Night Long,Various Artists,2019,2010s,House,https://is1-ssl.mzstatic.com/image/thumb/Music124/v4/24/72/17/247217f3-0828-c9e5-47c9-1bcc423eb128/5055283449904.jpg/400x400bb.jpg
itunes_1134847616,House Music (feat. Forrest) - EP,NiCe7,2016,2010s,House,https://is1-ssl.mzstatic.com/image/thumb/Music30/v4/b6/2e/4b/b62e4b3e-f8ba-9048-b9d0-1ad3e4a20d26/cover.jpg/400x400bb.jpg
itunes_1551725787,House - EDM Gaming House Music,Gaming Dubstep & Video Game Beats,2021,2020s,House,https://is1-ssl.mzstatic.com/image/thumb/Music114/v4/25/dc/31/25dc3127-432c-ac44-9d77-73610ec6a924/16535.jpg/400x400bb.jpg
itunes_1193609707,House Music (Ibiza Future House Tracks),Various Artists,2017,2010s,House,https://is1-ssl.mzstatic.com/image/thumb/Music122/v4/f3/ba/da/f3bada58-cae8-0ce2-fc3c-9f6d8c31025a/House_Music.jpg/400x400bb.jpg
itunes_315137720,House Music (Featuring Fast Eddie),Stacy Kidd,2009,2000s,House,https://is1-ssl.mzstatic.com/image/thumb/Music/8b/90/56/mzi.okdjotlf.jpg/400x400bb.jpg
itunes_1748771298,Deep House,Ibiza Chill Out Music Zone,2024,2020s,House,https://is1-ssl.mzstatic.com/image/thumb/Music221/v4/c2/dc/c1/c2dcc1ac-f352-fc27-c7d3-d437d45b68df/cover.jpg/400x400bb.jpg
itunes_1855949291,Deep House - Lounge 2025 Vol 4,Various Artists,2025,2020s,House,https://is1-ssl.mzstatic.com/image/thumb/Music211/v4/09/78/ff/0978fff9-09b1-8c80-29fc-b60dbe27b2af/cover.jpg/400x400bb.jpg
itunes_1795626047,"DEEP HOUSE - (Progressive House, Chill House) - EP",AquaTranquil & Koray Aksoy,2025,2020s,House,https://is1-ssl.mzstatic.com/image/thumb/Music221/v4/f2/c1/59/f2c159d6-2f5c-c18b-1f03-6412ba0393d1/607742.jpg/400x400bb.jpg
itunes_1497833625,Deep House,Deep House,2020,2020s,House,https://is1-ssl.mzstatic.com/image/thumb/Music113/v4/54/3a/4f/543a4fc4-b879-9d9b-6539-fddc67df4cb1/cover.jpg/400x400bb.jpg
itunes_1648149316,Deep House,Chill Beats Music,2022,2020s,House,https://is1-ssl.mzstatic.com/image/thumb/Music122/v4/cc/6c/1f/cc6c1f9d-5339-750c-30b9-8dd7c9ebae86/cover.jpg/400x400bb.jpg
itunes_1843187315,Deep House - Lounge 2025,Various Artists,2025,2020s,House,https://is1-ssl.mzstatic.com/image/thumb/Music221/v4/7d/1a/76/7d1a76f1-8191-7994-445e-36afbca8c8c6/cover.jpg/400x400bb.jpg
itunes_1841507823,Deep House,Various Artists,2016,2010s,House,https://is1-ssl.mzstatic.com/image/thumb/Music211/v4/5c/19/01/5c1901cc-9ef6-113c-5a13-99b912293d9b/859716394398.jpg/400x400bb.jpg
itunes_1468884951,Deep House Ibiza 2019,Deep House,2019,2010s,House,https://is1-ssl.mzstatic.com/image/thumb/Music115/v4/d3/5f/92/d35f9230-a1cb-08f5-adc6-4e6db3672503/cover.jpg/400x400bb.jpg
itunes_1144649365,Deep House,West One Music Group,2016,2010s,House,https://is1-ssl.mzstatic.com/image/thumb/Music211/v4/87/d4/ac/87d4ac13-0c27-1c9f-58f8-ebea08c4bebf/5060189086627.png/400x400bb.jpg
itunes_1438085209,"Deep House - Urban Lounge – Chillout Beats, Late Night Party, Positive Vibes, Electro Club",Positive Vibrations Collection,2018,2010s,House,https://is1-ssl.mzstatic.com/image/thumb/Music128/v4/22/6a/a0/226aa023-6096-0c68-2197-5236d4af60ae/8134130738778.jpg/400x400bb.jpg
itunes_1895985234,Deep House,Malva Sound,2026,2020s,House,https://is1-ssl.mzstatic.com/image/thumb/Music211/v4/b1/fd/2a/b1fd2a2e-a2cd-4ade-81fb-5082010cc0be/artwork.jpg/400x400bb.jpg
itunes_983456642,Deep House - Lounge Collection,Various Artists,2015,2010s,House,https://is1-ssl.mzstatic.com/image/thumb/Music3/v4/cb/a6/4f/cba64fae-d5ce-8298-a6f6-ef11fa222274/cover.jpg/400x400bb.jpg
itunes_647502705,Deep House - Curated,Various Artists,2007,2000s,House,https://is1-ssl.mzstatic.com/image/thumb/Music/v4/8c/96/68/8c9668c3-b023-ec8f-928e-e644d7b0faf6/888002367617.jpg/400x400bb.jpg
itunes_1836940079,Deep House (vol.1),DeepPeep,2025,2020s,House,https://is1-ssl.mzstatic.com/image/thumb/Music221/v4/c1/77/e4/c177e405-1bb3-ba37-9dd8-e6b9b4fda569/4680961565884.jpg/400x400bb.jpg
itunes_1680943066,"Deep house - Musique house pour le parti, boîte de nuit",Various Artists,2023,2020s,House,https://is1-ssl.mzstatic.com/image/thumb/Music126/v4/ac/c5/d6/acc5d63b-4795-bcea-f4a8-2751c2568273/8052869166122.jpg/400x400bb.jpg
itunes_1738133551,Chill House,Deep House,2024,2020s,House,https://is1-ssl.mzstatic.com/image/thumb/Music211/v4/dd/4c/ff/dd4cffde-953d-d5eb-a7e5-193b77c8dcf9/cover.jpg/400x400bb.jpg
itunes_1694775853,Deep House (Summer '17),Various Artists,2017,2010s,House,https://is1-ssl.mzstatic.com/image/thumb/Music126/v4/34/a4/ac/34a4acb3-7a60-fe87-685b-00889e4e599e/MIR106.jpg/400x400bb.jpg
itunes_355683091,Deep House,DJ Viana,2010,2010s,House,https://is1-ssl.mzstatic.com/image/thumb/Music/6f/72/96/mzi.glsgyrsf.jpg/400x400bb.jpg
itunes_1479969732,Deep House 2019,Deep House,2019,2010s,House,https://is1-ssl.mzstatic.com/image/thumb/Music123/v4/94/d6/b3/94d6b311-c175-06c8-4882-15c7c96f446c/cover.jpg/400x400bb.jpg
itunes_885288669,Deep House (Terrazas),Independence X,2014,2010s,House,https://is1-ssl.mzstatic.com/image/thumb/Music6/v4/17/42/cc/1742ccff-6fa4-6aa7-a2c3-86dad117626c/888831151548.jpg/400x400bb.jpg
itunes_1842917942,Deep House - Lounge 2025 Vol 2,Various Artists,2025,2020s,House,https://is1-ssl.mzstatic.com/image/thumb/Music211/v4/b6/9d/e3/b69de3ee-7083-6850-3c2b-2a1baa26c619/cover.jpg/400x400bb.jpg
itunes_1855927093,"Deep House - Lounge 2025, Vol. 3",Various Artists,2025,2020s,House,https://is1-ssl.mzstatic.com/image/thumb/Music221/v4/72/aa/08/72aa080e-7271-38ce-6df1-9e7a6500f03f/cover.jpg/400x400bb.jpg
itunes_1437143500,Deep House Music 2018,Deep House,2018,2010s,House,https://is1-ssl.mzstatic.com/image/thumb/Music125/v4/64/28/33/642833a4-3c0d-1d53-1285-2a317d158e0f/cover.jpg/400x400bb.jpg
itunes_1228205863,Acid House,Various Artists,2017,2010s,House,https://is1-ssl.mzstatic.com/image/thumb/Music122/v4/d0/08/0a/d0080ac8-02bc-d5b2-40e2-cab350f99779/acidhouse.jpg/400x400bb.jpg
itunes_723348678,Keep On Movin',Soul II Soul,1989,1980s,House,https://is1-ssl.mzstatic.com/image/thumb/Music115/v4/f9/32/d9/f932d98c-9770-0b22-646d-8c7f2ae20eaf/dj.lgduffus.jpg/400x400bb.jpg
itunes_1347654714,Acid House,Mark Broom,2010,2010s,House,https://is1-ssl.mzstatic.com/image/thumb/Music125/v4/f4/30/a6/f430a6ba-cc86-b5ea-d4e2-92e75ac5a136/5060203980504.png/400x400bb.jpg
itunes_1440800110,Pump Up the Jam,Technotronic,1989,1980s,House,https://is1-ssl.mzstatic.com/image/thumb/Music115/v4/e7/44/13/e74413fd-065a-fb7a-e3b1-f0e273fc2e12/00602527036281.rgb.jpg/400x400bb.jpg
itunes_302077857,Screamadelica,Primal Scream,1991,1990s,House,https://is1-ssl.mzstatic.com/image/thumb/Music114/v4/42/b2/ac/42b2ac20-430c-9099-0704-5d50cfd6bb00/mzi.yjfmvrdv.jpg/400x400bb.jpg
itunes_690357437,Dreamland,Black Box,1990,1990s,House,https://is1-ssl.mzstatic.com/image/thumb/Music115/v4/21/ad/3c/21ad3c4d-901a-734e-9177-62fa561bbfc8/887158543180_Cover.jpg/400x400bb.jpg
itunes_724011185,"Club Classics, Vol. One (10th Anniversary Edition)",Soul II Soul,1989,1980s,House,https://is1-ssl.mzstatic.com/image/thumb/Music116/v4/da/59/64/da596481-a2b6-5049-a691-06ffb844adf6/13ULAIM49466.rgb.jpg/400x400bb.jpg
itunes_322969529,The Stone Roses (Remastered 2009),The Stone Roses,1989,1980s,House,https://is1-ssl.mzstatic.com/image/thumb/Features115/v4/de/bd/71/debd715a-d49b-1ec8-6b4d-bf3f25e0e90b/dj.rldpqukx.jpg/400x400bb.jpg
itunes_72784411,World Clique,Deee-Lite,1990,1990s,House,https://is1-ssl.mzstatic.com/image/thumb/Music125/v4/80/e2/27/80e227e7-df3f-a753-fb49-2b85ee811cca/s07.ixthhqeh.jpg/400x400bb.jpg
itunes_1320062319,Orbital 2,Orbital,1993,1990s,House,https://is1-ssl.mzstatic.com/image/thumb/Music115/v4/e0/5a/1f/e05a1f95-1c5a-cd76-52ef-0e72ac9d7726/639842823128.jpg/400x400bb.jpg
itunes_1601915653,Frankie Knuckles Presents: His Greatest Hits from Trax Records,Various Artists,2004,2000s,House,https://is1-ssl.mzstatic.com/image/thumb/Music116/v4/1f/b9/db/1fb9db01-804f-6f37-7e66-ce50016e9473/196626085405.jpg/400x400bb.jpg
itunes_1445883589,1992 - 2012,Underworld,2014,2010s,House,https://is1-ssl.mzstatic.com/image/thumb/Music124/v4/f9/27/35/f92735a8-de04-c1cf-6b17-7eb68f68c7e8/14UMGIM33773.rgb.jpg/400x400bb.jpg
itunes_1494525354,Love Regenerator 1 - EP,"Love Regenerator, Calvin Harris",2020,2020s,House,https://is1-ssl.mzstatic.com/image/thumb/Music125/v4/ce/84/d2/ce84d28a-a5e2-f141-8a79-49f19a08f49f/886448242598.jpg/400x400bb.jpg
itunes_1313444931,In Sides,Orbital,1996,1990s,House,https://is1-ssl.mzstatic.com/image/thumb/Music114/v4/2e/58/4d/2e584dd6-ed6d-d8d2-2c04-c3ca59cc9e7c/081227153366.jpg/400x400bb.jpg
itunes_1535211465,Ninety,808 State,1989,1980s,House,https://is1-ssl.mzstatic.com/image/thumb/Music125/v4/44/56/71/445671c3-a899-7888-d632-663521df8506/20UMGIM87814.rgb.jpg/400x400bb.jpg
itunes_1444129568,That Total Age,Nitzer Ebb,1987,1980s,House,https://is1-ssl.mzstatic.com/image/thumb/Music115/v4/17/8c/9e/178c9e6e-5d5c-1a5e-6fab-b872ed3df95c/00720642415528.rgb.jpg/400x400bb.jpg
itunes_1272313113,Amnesia,Mr. Fingers,1989,1980s,House,https://is1-ssl.mzstatic.com/image/thumb/Music114/v4/f1/e8/c1/f1e8c10a-df1a-2a90-4dc6-0c903d6432ac/827170141889.jpg/400x400bb.jpg
itunes_1505515877,Moving - EP,"Love Regenerator, Eli Brown, Calvin Harris",2020,2020s,House,https://is1-ssl.mzstatic.com/image/thumb/Music113/v4/3d/9d/06/3d9d062b-7c33-1f3f-2880-a6b16dcfbb8f/886448368618.jpg/400x400bb.jpg
itunes_724913797,Paradise,Inner City,1989,1980s,House,https://is1-ssl.mzstatic.com/image/thumb/Music125/v4/e9/f5/dd/e9f5dda8-612e-e398-5a1f-9393a4edbfe0/00724384245658.jpg/400x400bb.jpg
itunes_1535210729,ex:el,808 State,1991,1990s,House,https://is1-ssl.mzstatic.com/image/thumb/Music124/v4/a7/e0/3a/a7e03a05-9794-92ef-56a3-7da1a9e9230b/20UMGIM87799.rgb.jpg/400x400bb.jpg
itunes_695676294,Alternative,Pet Shop Boys,1995,1990s,House,https://is1-ssl.mzstatic.com/image/thumb/Music6/v4/ff/47/77/ff4777f1-d20d-0b12-a1f9-9ea972ab253a/0724383402359_1500x1500_300dpi.jpg/400x400bb.jpg
itunes_1437352741,The Madman's Return,Snap!,1992,1990s,House,https://is1-ssl.mzstatic.com/image/thumb/Music221/v4/b8/65/41/b865413a-d80a-96af-f042-a82e4aa36ac1/4050538293401.jpg/400x400bb.jpg
itunes_1128712761,Old Skool (Mini Album),Armin van Buuren,2016,2010s,House,https://is1-ssl.mzstatic.com/image/thumb/Music116/v4/aa/fb/27/aafb274e-35d7-6db5-8484-066b3c2775e3/8718522099717.png/400x400bb.jpg
itunes_304962862,Foundation,Ten City,1989,1980s,House,https://is1-ssl.mzstatic.com/image/thumb/Music/95/df/7e/mzi.idwgjrxh.jpg/400x400bb.jpg
itunes_1439913019,All That Must Be (Remixes),George FitzGerald,2018,2010s,House,https://is1-ssl.mzstatic.com/image/thumb/Music118/v4/34/08/a8/3408a8ac-b7be-7667-d672-4a2a29bb76ed/887832011493.png/400x400bb.jpg
itunes_314596595,Pump Up the Volume - EP,M/A/R/R/S,1987,1980s,House,https://is1-ssl.mzstatic.com/image/thumb/Music112/v4/72/ea/81/72ea8137-e0c5-9a10-207b-fef013d2d071/652637170764.png/400x400bb.jpg
itunes_151039580,Accelerator Deluxe,The Future Sound of London,1991,1990s,House,https://is1-ssl.mzstatic.com/image/thumb/Music125/v4/8d/73/11/8d73115a-ead1-894d-c7cc-1dea7729cea1/dj.hkscnpxy.jpg/400x400bb.jpg
itunes_714776808,Good Life - The Best of Inner City,Inner City,2003,2000s,House,https://is1-ssl.mzstatic.com/image/thumb/Music115/v4/44/a7/13/44a71399-a0a7-2a32-8120-e1a8725625ad/00724358430455.jpg/400x400bb.jpg
itunes_1313447481,Orbital,Orbital,1991,1990s,House,https://is1-ssl.mzstatic.com/image/thumb/Music221/v4/f9/78/32/f978329a-3d6f-ea8c-21aa-e72235cb88ca/190295716288.jpg/400x400bb.jpg
itunes_1682697891,Acid House,Animagicmusic,2023,2020s,House,https://is1-ssl.mzstatic.com/image/thumb/Music126/v4/c7/8f/71/c78f715e-38a4-bc9c-0fc2-7907ce701d69/859772634957_cover.jpg/400x400bb.jpg
itunes_1536464422,Go (Remixes),Moby,1991,1990s,House,https://is1-ssl.mzstatic.com/image/thumb/Music124/v4/3d/b0/99/3db0999d-f389-7cde-4a73-960f5ec49164/5060236632708_1.jpg/400x400bb.jpg
itunes_1835870523,Charlotte de Witte,Charlotte de Witte,2025,2020s,Techno,https://is1-ssl.mzstatic.com/image/thumb/Music211/v4/e1/3e/dd/e13edd94-232f-d280-b31a-94b1ca1e428e/199538168518.jpg/400x400bb.jpg
itunes_1715937274,Techno Music,"Rave Party, Digitronix & Sonic Pulse",2023,2020s,Techno,https://is1-ssl.mzstatic.com/image/thumb/Music116/v4/d4/3c/34/d43c341e-d31c-2167-1e2b-3e94559a7822/198026306906.jpg/400x400bb.jpg
itunes_1677423072,Techno Music,D J Electronica,2022,2020s,Techno,https://is1-ssl.mzstatic.com/image/thumb/Music126/v4/3a/fb/80/3afb80c9-85f3-e04d-7a61-e257e396acf8/8445162800006.jpg/400x400bb.jpg
itunes_1452851519,The Orb's Adventures Beyond the Ultraworld,The Orb,1991,1990s,Techno,https://is1-ssl.mzstatic.com/image/thumb/Music124/v4/e6/d9/94/e6d994a2-585a-4940-ff6d-5b4d73b330b2/06UMGIM03957.rgb.jpg/400x400bb.jpg
itunes_281122084,Carboot Soul,Nightmares On Wax,1999,1990s,Techno,https://is1-ssl.mzstatic.com/image/thumb/Music221/v4/64/61/37/64613786-b1ec-e9ab-902c-f8b929fde3ad/0801061006136.png/400x400bb.jpg
itunes_1844520353,Playa Package - EP,John Summit,2025,2020s,Techno,https://is1-ssl.mzstatic.com/image/thumb/Music221/v4/1e/2e/91/1e2e915a-b937-1976-a1d4-1b95180a6a7d/25UM1IM51822.rgb.jpg/400x400bb.jpg
itunes_944242935,The Chapters of Green Velvet,Green Velvet,2014,2010s,Techno,https://is1-ssl.mzstatic.com/image/thumb/Music124/v4/33/30/9b/33309b77-eaae-b7d3-9bfc-a51c63c6038f/RR2073.jpg/400x400bb.jpg
itunes_1805279575,"Inhale / Exhale Remixed, Vol. 1",RÜFÜS DU SOL,2025,2020s,Techno,https://is1-ssl.mzstatic.com/image/thumb/Music211/v4/d2/7e/99/d27e99f9-5b83-b558-a0b0-46ae6b0219d2/093624834465.jpg/400x400bb.jpg
itunes_1451158478,Blurred,Kiasmos,2017,2010s,Techno,https://is1-ssl.mzstatic.com/image/thumb/Music115/v4/35/24/89/352489e3-832f-c8e5-eec6-032705653b6d/4050486113998_cover.jpg/400x400bb.jpg
itunes_1497732972,Inner Song,Kelly Lee Owens,2020,2020s,Techno,https://is1-ssl.mzstatic.com/image/thumb/Music221/v4/b4/6a/bc/b46abc53-1632-7310-78af-57d753afd06e/35595.jpg/400x400bb.jpg
itunes_1442296977,Beaucoup Fish (Remastered),Underworld,1999,1990s,Techno,https://is1-ssl.mzstatic.com/image/thumb/Music118/v4/d7/85/93/d7859398-cc9c-1e29-83cc-42772a01af1a/00602567031307.rgb.jpg/400x400bb.jpg
itunes_1598209500,The Matrix Resurrections (Original Motion Picture Soundtrack),Johnny Klimek & Tom Tykwer,2021,2020s,Techno,https://is1-ssl.mzstatic.com/image/thumb/Music126/v4/66/00/ea/6600ead4-9c6d-bf69-60f4-f14c36448813/794043209833.jpg/400x400bb.jpg
itunes_1114488424,Black Mahogani,Moodymann,2004,2000s,Techno,https://is1-ssl.mzstatic.com/image/thumb/Music60/v4/51/f6/9a/51f69a93-068c-6cb2-574c-058bd00104e5/689781205028.jpg/400x400bb.jpg
itunes_1778234590,Drone Logic,Daniel Avery,2013,2010s,Techno,https://is1-ssl.mzstatic.com/image/thumb/Music221/v4/7e/d6/09/7ed609b6-f4dc-6e21-efb9-95f046b75f56/5060281616265.jpg/400x400bb.jpg
itunes_882685887,Techno Music,Chicagoboy,2014,2010s,Techno,https://is1-ssl.mzstatic.com/image/thumb/Music4/v4/e4/48/20/e4482049-e4ac-f78f-106a-ca04ef030aa7/cover_10073049.jpg/400x400bb.jpg
itunes_1811884458,House of God - EP,i_o,2019,2010s,Techno,https://is1-ssl.mzstatic.com/image/thumb/Music221/v4/6a/d0/dc/6ad0dc7c-8233-0db2-4c55-913ee24fdd49/5054526599710.jpg/400x400bb.jpg
itunes_1678844285,Return to Nowhere - EP,Charlotte de Witte,2020,2020s,Techno,https://is1-ssl.mzstatic.com/image/thumb/Music126/v4/01/92/5d/01925df5-1864-e7ef-2df8-f037d9d832de/5060786560018.jpg/400x400bb.jpg
itunes_6770713169,AURA,Amelie Lens,2026,2020s,Techno,https://is1-ssl.mzstatic.com/image/thumb/Music211/v4/00/55/5a/00555a02-4aeb-db67-e9a9-93de8de515ff/820233486101.jpg/400x400bb.jpg
itunes_1716903246,"Unity, Pt. 2",Various Artists,2021,2020s,Techno,https://is1-ssl.mzstatic.com/image/thumb/Music116/v4/81/be/71/81be7170-cf7e-be16-2ce8-54e5e339f121/4251353200128_Cover.jpg/400x400bb.jpg
itunes_1762545433,Detroit Techno,Various Artists,2024,2020s,Techno,https://is1-ssl.mzstatic.com/image/thumb/Music221/v4/2c/32/64/2c32641e-f439-abd2-5d68-ea37fb21d3ea/cover.jpg/400x400bb.jpg
itunes_1733938668,Detroit Techno,Motor City Production Music,2024,2020s,Techno,https://is1-ssl.mzstatic.com/image/thumb/Music112/v4/1e/33/c1/1e33c115-a36f-bf42-8bec-b7d72c6031ed/artwork.jpg/400x400bb.jpg
itunes_283983591,"Submerge, Vol.1 - Detroit Techno",Submerge,2008,2000s,Techno,https://is1-ssl.mzstatic.com/image/thumb/Music/16/e4/ac/mzi.vgloqbwj.jpg/400x400bb.jpg
itunes_1621823222,Neptune's Lair,Drexciya,1999,1990s,Techno,https://is1-ssl.mzstatic.com/image/thumb/Music122/v4/95/a4/3f/95a43f9d-4eb9-e5a9-ee64-910d3fb95e6c/3663729188892_3000.jpg/400x400bb.jpg
itunes_1192107212,Detroit Techno,GremWiser,2017,2010s,Techno,https://is1-ssl.mzstatic.com/image/thumb/Music122/v4/d0/09/a6/d009a6e5-f886-5629-d6c3-b8fcbd524e7b/cover.jpg/400x400bb.jpg
itunes_271799998,First Floor,Theo Parrish,1998,1990s,Techno,https://is1-ssl.mzstatic.com/image/thumb/Music/34/08/8f/mzi.dtxcmahx.tif/400x400bb.jpg
itunes_1621819671,Harnessed the Storm,Drexciya,2002,2000s,Techno,https://is1-ssl.mzstatic.com/image/thumb/Music122/v4/49/23/53/4923534a-4e85-b0c6-0849-1bad2c84ebfe/3663729195333_3000.jpg/400x400bb.jpg
itunes_256999517,Galaxy 2 Galaxy: A High Tech Jazz Compilation,Galaxy 2 Galaxy,2005,2000s,Techno,https://is1-ssl.mzstatic.com/image/thumb/Music124/v4/e3/33/52/e3335222-db4e-3fec-4437-089e63c6d9c6/mzi.aisevelj.jpg/400x400bb.jpg
itunes_316706585,Minimal Nation,Robert Hood,1994,1990s,Techno,https://is1-ssl.mzstatic.com/image/thumb/Music114/v4/cd/12/ed/cd12ed3b-6879-74ce-18c5-18dd5c72cf34/mzi.ugxsyblg.jpg/400x400bb.jpg
itunes_487828913,"Journey of the Deep Sea Dweller, Pt. 1",Drexciya,2012,2010s,Techno,https://is1-ssl.mzstatic.com/image/thumb/Music124/v4/1a/9b/5e/1a9b5e64-d380-cd33-f2cb-2d06c56a17c6/mzi.sgumzzka.jpg/400x400bb.jpg
itunes_1268732766,Thank You for Letting Me Be Myself,Omar S,2017,2010s,Techno,https://is1-ssl.mzstatic.com/image/thumb/Music124/v4/48/2d/ef/482def2a-27fc-293d-5b38-6617e1cd9cf4/191773572969.jpg/400x400bb.jpg
itunes_1872069850,DETROIT TECHNO,BEAT ETERNAL,2026,2020s,Techno,https://is1-ssl.mzstatic.com/image/thumb/Music211/v4/0b/1d/d4/0b1dd403-a3c4-f694-0ffa-70359b8f9239/7300348296121.jpg/400x400bb.jpg
itunes_1216983837,More Songs about Food and Revolutionary Art,Carl Craig,1997,1990s,Techno,https://is1-ssl.mzstatic.com/image/thumb/Music124/v4/f0/f0/8e/f0f08ed6-5411-c8d1-5bf0-5b1027f60063/0754091523237_1448.jpg/400x400bb.jpg
itunes_213231321,AUX 88,Aux 88,2005,2000s,Techno,https://is1-ssl.mzstatic.com/image/thumb/Music/80/9c/74/mzi.taqwsdkd.jpg/400x400bb.jpg
itunes_394239370,Gesamtkunstwerk,Dopplereffekt,1999,1990s,Techno,https://is1-ssl.mzstatic.com/image/thumb/Music115/v4/05/0d/1d/050d1ddb-8dfa-9990-3094-9521b9993cd9/mzi.vpvcjdbr.jpg/400x400bb.jpg
itunes_1621738221,Internal Empire,Robert Hood,1994,1990s,Techno,https://is1-ssl.mzstatic.com/image/thumb/Music112/v4/32/fe/ad/32feadaa-3dc8-c625-9d60-2c75bf2b7f61/0666017330129_3000.jpg/400x400bb.jpg
itunes_591674070,Journey of the Deep Sea Dweller III,Drexciya,2013,2010s,Techno,https://is1-ssl.mzstatic.com/image/thumb/Music/v4/e3/a7/57/e3a7570a-977f-eeb0-8b64-251496a59de3/8717578924868.jpg/400x400bb.jpg
itunes_1804523507,Innovator,Derrick May,2013,2010s,Techno,https://is1-ssl.mzstatic.com/image/thumb/Music221/v4/b5/ea/87/b5ea8774-d37a-042e-c2eb-244e78ff583b/TRMNSMT01.jpg/400x400bb.jpg
itunes_1748128761,American Intelligence,Theo Parrish,2014,2010s,Techno,https://is1-ssl.mzstatic.com/image/thumb/Music211/v4/e2/6d/d9/e26dd968-8197-d57a-b837-c19f523210dc/4050486922507_cover.jpg/400x400bb.jpg
itunes_1559801771,Classics,Model 500,1993,1990s,Techno,https://is1-ssl.mzstatic.com/image/thumb/Music124/v4/a6/59/f0/a659f053-94fd-2d8e-d102-e1ade2caf488/35.jpg/400x400bb.jpg
itunes_1268747486,It Can Be Done but Only I Can Do It,Omar S,2017,2010s,Techno,https://is1-ssl.mzstatic.com/image/thumb/Music118/v4/3b/84/a8/3b84a86b-25de-0e09-2bea-47dceccb2bfe/191773572693.jpg/400x400bb.jpg
itunes_603658547,Straight Up Detroit Shit 2013,Various Artists,2013,2010s,Techno,https://is1-ssl.mzstatic.com/image/thumb/Music/v4/d1/c5/b2/d1c5b2d8-256c-e800-1b39-5c308874a7d8/Cover.jpg/400x400bb.jpg
itunes_1837711887,DETROIT TECHNO,EDM METAVERSE,2025,2020s,Techno,https://is1-ssl.mzstatic.com/image/thumb/Music221/v4/2e/24/24/2e242468-1fae-2ac4-be10-1c8aaef34d11/7300345970789.jpg/400x400bb.jpg
itunes_1880065461,Detroit Techno - EP,Santonio Echols,2022,2020s,Techno,https://is1-ssl.mzstatic.com/image/thumb/Music211/v4/26/13/3e/26133e73-5cc2-84bb-6e42-837c3747d25d/6116.jpg/400x400bb.jpg
itunes_393950727,Grava 4,Drexciya,2002,2000s,Techno,https://is1-ssl.mzstatic.com/image/thumb/Music/4d/0f/3c/mzi.zcifxojm.jpg/400x400bb.jpg
itunes_769422351,Journey of the Deep Sea Dweller IV,Drexciya,2013,2010s,Techno,https://is1-ssl.mzstatic.com/image/thumb/Music4/v4/ce/e5/dd/cee5ddd7-d498-11fb-040e-de22c9035017/8718723030120.jpg/400x400bb.jpg
itunes_1216991963,The Album Formerly Known As...,Carl Craig,2005,2000s,Techno,https://is1-ssl.mzstatic.com/image/thumb/Music111/v4/84/45/97/84459782-335f-02d4-1aeb-f133a75de1d8/0754091528034_1448.jpg/400x400bb.jpg
itunes_533415216,Journey of the Deep Sea Dweller II,Drexciya,2012,2010s,Techno,https://is1-ssl.mzstatic.com/image/thumb/Music124/v4/68/ad/7d/68ad7da0-6a04-2fd0-ddb4-5327bd421f66/8717578794669_cover.jpg/400x400bb.jpg
itunes_325142421,Submerge Vol. 4 - Detroit Electro,Submerge,2009,2000s,Techno,https://is1-ssl.mzstatic.com/image/thumb/Music/47/4f/22/mzi.tyhhiufe.jpg/400x400bb.jpg
itunes_291881701,The Chronicles,Kenny Larkin,2008,2000s,Techno,https://is1-ssl.mzstatic.com/image/thumb/Features124/v4/5c/c9/56/5cc95660-2c3c-756c-91f8-5e13fe99cb1f/dj.tudjnkkp.jpg/400x400bb.jpg
itunes_1459721309,Computer Space (25th Anniversary Edition),F.U.S.E. & Richie Hawtin,2019,2010s,Techno,https://is1-ssl.mzstatic.com/image/thumb/Music123/v4/b8/2c/62/b82c62c0-151e-2182-5485-af1f8deda4dc/8153490102951_Cover.jpg/400x400bb.jpg
itunes_1268734567,Just Ask the Lonely (005),Omar S,2017,2010s,Techno,https://is1-ssl.mzstatic.com/image/thumb/Music124/v4/ee/ec/de/eeecdeab-5a4e-27f8-9727-56ac60d813fd/191773572525.jpg/400x400bb.jpg
itunes_269752629,Electronic Warfare 2.0,Underground Resistance,2007,2000s,Techno,https://is1-ssl.mzstatic.com/image/thumb/Music114/v4/2a/b3/68/2ab368a4-ac8b-bf98-4247-d9e7e3f3f2dd/mzi.uwlybiyd.jpg/400x400bb.jpg
itunes_1748138206,"Essential Selections, Vol. 1",Theo Parrish & MARCELLUS PITTMAN,1999,1990s,Techno,https://is1-ssl.mzstatic.com/image/thumb/Music211/v4/72/c1/b5/72c1b555-82c3-846a-d228-325ac16d17c6/4050486927830_cover.jpg/400x400bb.jpg
itunes_290667761,Altered States - EP,Ron Trent,1990,1990s,Techno,https://is1-ssl.mzstatic.com/image/thumb/Music/69/1f/d1/mzi.jxcjhlyy.jpg/400x400bb.jpg
itunes_1748126574,Parallel Dimensions,Theo Parrish,2000,2000s,Techno,https://is1-ssl.mzstatic.com/image/thumb/Music211/v4/cf/57/13/cf571311-3bfe-973a-48ac-3e4874157f49/4050486988954_cover.jpg/400x400bb.jpg
itunes_317940732,Nocturbulous Behavior - the Mix,Suburban Knight,2003,2000s,Techno,https://is1-ssl.mzstatic.com/image/thumb/Music/f0/d4/dd/mzi.emqxjltn.jpg/400x400bb.jpg
itunes_306214565,Mad Scientist,Aux 88,2009,2000s,Techno,https://is1-ssl.mzstatic.com/image/thumb/Music/44/7a/83/mzi.umjptfbq.jpg/400x400bb.jpg
itunes_1594859055,映画「光」サウンドトラック,Jeff Mills,2017,2010s,Techno,https://is1-ssl.mzstatic.com/image/thumb/Music126/v4/ff/5e/e4/ff5ee4be-6e9c-9e04-5422-9b4247fc5145/4571374913839_cover.jpg/400x400bb.jpg
itunes_1482201224,Sight Sound and Space (Digital Selection),Jeff Mills,2019,2010s,Techno,https://is1-ssl.mzstatic.com/image/thumb/Music114/v4/6e/e2/6e/6ee26ea3-caae-3a42-e757-576c69165d04/SSAScover_DigitalL.jpg/400x400bb.jpg
itunes_1268747551,High School Graffiti,Omar S,2017,2010s,Techno,https://is1-ssl.mzstatic.com/image/thumb/Music118/v4/21/f0/bc/21f0bc81-d33e-230f-8998-82697bc2fe8c/191773573355.jpg/400x400bb.jpg
itunes_288651574,Azimuth,Kenny Larkin,1994,1990s,Techno,https://is1-ssl.mzstatic.com/image/thumb/Music/9b/1d/a7/mzi.yjvmgttb.jpg/400x400bb.jpg
itunes_696658252,Fast Forward - EP,Juan Atkins,2004,2000s,Techno,https://is1-ssl.mzstatic.com/image/thumb/Features124/v4/0d/1b/ab/0d1bab43-b571-ba02-0141-a0e39484784b/dj.fhcbabas.jpg/400x400bb.jpg
itunes_1621826411,"The Remixes, Pt. 1 - EP",Infiniti & Juan Atkins,2012,2010s,Techno,https://is1-ssl.mzstatic.com/image/thumb/Music112/v4/44/f3/a3/44f3a3cc-d9a8-d481-0d56-1c4b66b23db9/5051142032171_3000.jpg/400x400bb.jpg
itunes_1252378040,001 - EP,Omar S,2017,2010s,Techno,https://is1-ssl.mzstatic.com/image/thumb/Music117/v4/9a/15/b1/9a15b1e6-ddca-fb0d-352d-c1764be8119a/191773428167.jpg/400x400bb.jpg
itunes_441463757,Omega: Alive,Robert Hood,2011,2010s,Techno,https://is1-ssl.mzstatic.com/image/thumb/Music/b1/65/12/mzi.uemgjwry.jpg/400x400bb.jpg
itunes_394896479,Losing Control Remixes,DBX,1994,1990s,Techno,https://is1-ssl.mzstatic.com/image/thumb/Music/dc/23/0f/mzi.dinqryou.jpg/400x400bb.jpg
itunes_1220308685,"Keys, Strings, Tambourines",Kenny Larkin,2008,2000s,Techno,https://is1-ssl.mzstatic.com/image/thumb/Music111/v4/2f/6b/1f/2f6b1faa-2373-8ed1-8d32-9a95c3fc6cd5/0754091530334_1448.jpg/400x400bb.jpg
itunes_1656146152,Minimal Techno,Various Artists,2022,2020s,Techno,https://is1-ssl.mzstatic.com/image/thumb/Music112/v4/d4/72/24/d47224b0-52d0-c33a-7e65-95ee2edc8834/cover_10029483.jpg/400x400bb.jpg
itunes_1838291248,MINIMAL TECHNO,EDM METAVERSE,2025,2020s,Techno,https://is1-ssl.mzstatic.com/image/thumb/Music221/v4/23/b3/83/23b383d6-c9b9-4885-30a9-f8f7e7bc9470/7300346002243.jpg/400x400bb.jpg
itunes_507373398,"Minimal Techno, Berlin Minimal Music Dj Mix 2012",Minimal Techno,2012,2010s,Techno,https://is1-ssl.mzstatic.com/image/thumb/Music124/v4/83/c5/e3/83c5e34b-5f9e-7da2-2d30-7abffebda2a5/mzi.queucdhq.jpg/400x400bb.jpg
itunes_1671783895,Minimal Techno,NEUROBIT,2023,2020s,Techno,https://is1-ssl.mzstatic.com/image/thumb/Music116/v4/86/8a/07/868a0755-2b69-815a-cc22-511f2bb8d511/4631164868722.jpg/400x400bb.jpg
itunes_1378489545,Minimal Techno,Corner,2018,2010s,Techno,https://is1-ssl.mzstatic.com/image/thumb/Music123/v4/67/be/78/67be78ab-5ece-c397-448f-ed19beaf490b/053000849735_cover.jpg/400x400bb.jpg
itunes_656283779,Minimal Techno,Techno Truppe,2013,2010s,Techno,https://is1-ssl.mzstatic.com/image/thumb/Music/v4/6f/79/dc/6f79dc38-54b6-8e83-b059-fed28b207064/9008798120864_cover.jpg/400x400bb.jpg
itunes_1433986322,Minimal Techno - Best of 5 Years,Various Artists,2018,2010s,Techno,https://is1-ssl.mzstatic.com/image/thumb/Music115/v4/14/ef/48/14ef48b4-be5b-ac7a-b9d5-40fe578de299/00_Cover_Art.jpg/400x400bb.jpg
itunes_1615800584,Minimal Techno,Modular Theme Time,2022,2020s,Techno,https://is1-ssl.mzstatic.com/image/thumb/Music122/v4/5b/b0/60/5bb06057-3852-4dac-5e4c-93a9287b3f11/artwork.jpg/400x400bb.jpg
itunes_1828937182,MINIMAL TECHNO,Fresco Dance,2025,2020s,Techno,https://is1-ssl.mzstatic.com/image/thumb/Music211/v4/22/fd/f3/22fdf3dc-2d2e-b04d-3622-631f1291e507/artwork.jpg/400x400bb.jpg
itunes_1503435436,Minimal Techno,Valentin Molotov,2020,2020s,Techno,https://is1-ssl.mzstatic.com/image/thumb/Music123/v4/38/2e/95/382e9589-6082-b331-d4b2-7c54a7a2d64e/artwork.jpg/400x400bb.jpg
itunes_1450577112,Minimal Techno,Mauro Frisari,2019,2010s,Techno,https://is1-ssl.mzstatic.com/image/thumb/Music124/v4/dd/19/fc/dd19fce3-b09d-9603-a742-8a7873536cd7/4059473137290_cover.jpg/400x400bb.jpg
itunes_1792774705,Minimal Techno,PUN-M,2025,2020s,Techno,https://is1-ssl.mzstatic.com/image/thumb/Music211/v4/1e/46/b1/1e46b141-b84d-6168-02de-63901e20b43e/artwork.jpg/400x400bb.jpg
itunes_1784316789,Knock Knock,DJ Koze,2018,2010s,Techno,https://is1-ssl.mzstatic.com/image/thumb/Music211/v4/86/5d/a7/865da74b-6244-4a2b-0c9e-b3e41331c794/cover.jpg/400x400bb.jpg
itunes_1728485861,Gravity Hill - EP,Lawrence,2024,2020s,Techno,https://is1-ssl.mzstatic.com/image/thumb/Music126/v4/a4/d0/9c/a4d09c72-76c2-8737-f66c-0a5b7bc44e7e/4251804177337_3000.jpg/400x400bb.jpg
itunes_1886457200,Without References / Cindy Van Acker (Ricardo Villalobos Variations),Ricardo Villalobos & goat (JP),2026,2020s,Techno,https://is1-ssl.mzstatic.com/image/thumb/Music221/v4/08/33/ee/0833eef6-3c5b-6a1e-93a5-c01e533e4771/4062548140439.png/400x400bb.jpg
itunes_420818784,Minimal Techno Afterhours,Elowen Starling,2011,2010s,Techno,https://is1-ssl.mzstatic.com/image/thumb/Music115/v4/0a/28/58/0a285836-0e91-28d8-a50e-061509c5ec60/mzi.seftjzvz.jpg/400x400bb.jpg
itunes_1745717923,Space Is Only Noise,Nicolas Jaar,2011,2010s,Techno,https://is1-ssl.mzstatic.com/image/thumb/Music211/v4/83/f0/15/83f01563-ae6b-2193-36f4-1e0a68aeeda7/827170120822_CCCDArtwork.jpg/400x400bb.jpg
itunes_1820970471,Dial25 I (Ben Kaczor) - EP,"Lb Honne, Efdemin, Tibi Dabo & Dolomea",2025,2020s,Techno,https://is1-ssl.mzstatic.com/image/thumb/Music221/v4/0a/82/1c/0a821ca8-db11-5c27-c7e6-33d602af55c7/4251804173735_3000.jpg/400x400bb.jpg
itunes_1851984796,Brücke - EP,Lb Honne,2025,2020s,Techno,https://is1-ssl.mzstatic.com/image/thumb/Music211/v4/9e/71/63/9e7163e8-226a-9053-d592-25068e92c4e8/4070209003399_3000.jpg/400x400bb.jpg
itunes_1080463895,Minimal Techno,Julian Limaco,2016,2010s,Techno,https://is1-ssl.mzstatic.com/image/thumb/Music49/v4/e4/91/34/e49134c1-2e7f-659c-5885-0fab1c70e825/dj.htopwzmd.jpg/400x400bb.jpg
itunes_1747502266,Minimal Techno,Ligar Music,2009,2000s,Techno,https://is1-ssl.mzstatic.com/image/thumb/Music211/v4/b5/d9/e7/b5d9e72a-0f2e-f633-2e43-ced85212fb90/5906671078810.jpg/400x400bb.jpg
itunes_1844326180,Minimal Techno,Kai Trancepert,2025,2020s,Techno,https://is1-ssl.mzstatic.com/image/thumb/Music221/v4/3b/8b/2c/3b8b2c6e-7d40-a49a-9a3d-563a734057c6/cover.jpg/400x400bb.jpg
itunes_1785396573,Minimal Techno,Old Cassette Tapes,2024,2020s,Techno,https://is1-ssl.mzstatic.com/image/thumb/Music211/v4/77/88/70/77887096-9eb0-ea17-0bc6-d3bc80e7d374/artwork.jpg/400x400bb.jpg
itunes_1712664561,Shields In Full Sunlight,Joe Davies,2023,2020s,Techno,https://is1-ssl.mzstatic.com/image/thumb/Music126/v4/9e/00/e6/9e00e65d-8958-1bc9-55c7-e63836ec0829/4251804165310_3000.jpg/400x400bb.jpg
itunes_1881843379,Johnson's Theme - EP,Rene Wise,2026,2020s,Techno,https://is1-ssl.mzstatic.com/image/thumb/Music211/v4/15/4e/25/154e25ca-5257-3848-a836-4e012a47b881/6154318080040.jpg/400x400bb.jpg
itunes_1724912177,El Dragón Negro - EP,Falco Nero,2024,2020s,Techno,https://is1-ssl.mzstatic.com/image/thumb/Music126/v4/b9/e5/77/b9e577fe-5dda-dffd-7b6d-29c8d00a6eaf/8718723247214.jpg/400x400bb.jpg
itunes_1701817625,Aestivation - EP,"Andrea Ferlin, Lawrence, Mary Yalex & Ben Kaczor",2023,2020s,Techno,https://is1-ssl.mzstatic.com/image/thumb/Music126/v4/0b/e7/7e/0be77e62-58a0-9334-c212-270c237d794a/4251804166164_3000.jpg/400x400bb.jpg
itunes_1735485525,Edition Collector - EP,Amandra,2024,2020s,Techno,https://is1-ssl.mzstatic.com/image/thumb/Music211/v4/1a/a6/5f/1aa65f76-034f-1fa5-e36e-ff1f259b5f4f/8718723230667.jpg/400x400bb.jpg
itunes_1754358210,Eddie Green - EP,Edward,2024,2020s,Techno,https://is1-ssl.mzstatic.com/image/thumb/Music211/v4/ca/c7/61/cac7614e-3bed-5fde-e5ce-6894cd5b4c69/4251804192927_3000.jpg/400x400bb.jpg
itunes_1867208680,Happy Accidents - EP,Harmon,2026,2020s,Techno,https://is1-ssl.mzstatic.com/image/thumb/Music221/v4/06/ff/fd/06fffdec-4347-21b4-3895-30ec8becaadc/4250101489341_cover.jpg/400x400bb.jpg
itunes_1818585820,Generations - EP,Cobblestone Jazz,2025,2020s,Techno,https://is1-ssl.mzstatic.com/image/thumb/Music211/v4/4a/7d/2a/4a7d2a17-a72a-1851-3360-12649ae23770/4251804173629_3000.jpg/400x400bb.jpg
itunes_1874174696,Ohm Alone - EP,Per Hammar,2026,2020s,Techno,https://is1-ssl.mzstatic.com/image/thumb/Music211/v4/52/99/87/5299878b-a23d-3f1d-c5bf-d9fafe5d9911/840200576444_cover.jpg/400x400bb.jpg
itunes_913797299,Classic Country,Various Artists,2014,2010s,Country,https://is1-ssl.mzstatic.com/image/thumb/Music5/v4/e0/0f/b0/e00fb0df-3aae-0af6-ae67-c48796c1284b/723721739850.jpg/400x400bb.jpg
itunes_784225499,"Classic Country - All-Time Classic Country Hits, Vol. 2",Various Artists,2013,2010s,Country,https://is1-ssl.mzstatic.com/image/thumb/Music3/v4/39/72/9e/39729ef4-6168-ae55-ab6a-6e2fe4fb22e4/888003969056.jpg/400x400bb.jpg
itunes_784204303,"Classic Country - All-Time Classic Country Hits, Vol. 1",Various Artists,2013,2010s,Country,https://is1-ssl.mzstatic.com/image/thumb/Music5/v4/b5/ca/72/b5ca7284-8b02-3e96-79ce-cf4312c56a73/888003969032.jpg/400x400bb.jpg
itunes_786556138,Classic Country - Bar Room Favorites,Various Artists,2013,2010s,Country,https://is1-ssl.mzstatic.com/image/thumb/Music5/v4/8e/e9/8a/8ee98a0c-1ba0-ef8b-9475-5714c92b6622/888608004596.jpg/400x400bb.jpg
itunes_307031151,I Told You So: The Ultimate Hits of Randy Travis,Randy Travis,2009,2000s,Country,https://is1-ssl.mzstatic.com/image/thumb/Music/e8/1f/98/mzi.azfllboh.jpg/400x400bb.jpg
itunes_71580665,"Hank Williams, Jr.'s Greatest Hits, Vol. 1","Hank Williams, Jr.",1982,1980s,Country,https://is1-ssl.mzstatic.com/image/thumb/Music221/v4/9b/18/2d/9b182db4-b54b-97cc-42df-b618e037d36d/715187763821.png/400x400bb.jpg
itunes_251128545,16 Biggest Hits: Keith Whitley,Keith Whitley,2006,2000s,Country,https://is1-ssl.mzstatic.com/image/thumb/Features114/v4/15/b0/62/15b06272-10fe-a37c-26d7-a87f5729d8a3/dj.bpwfywgf.jpg/400x400bb.jpg
itunes_400705819,34 Number Ones,Alan Jackson,2010,2010s,Country,https://is1-ssl.mzstatic.com/image/thumb/Music125/v4/5b/cf/2d/5bcf2df7-df88-aed2-aedc-8f199530a559/mzi.gdbvpcqr.jpg/400x400bb.jpg
itunes_1440782254,Pure Country (Soundtrack from the Motion Picture),George Strait,1992,1990s,Soundtracks,https://is1-ssl.mzstatic.com/image/thumb/Music122/v4/7a/fa/73/7afa73cc-c41c-cb7d-dc19-6b1eb5571bb4/06UMGIM05362.rgb.jpg/400x400bb.jpg
itunes_1452792452,50 Number Ones,George Strait,2004,2000s,Country,https://is1-ssl.mzstatic.com/image/thumb/Music116/v4/b3/0d/41/b30d4133-d7b9-b790-fc64-cb35e207e7d0/06UMGIM16097.rgb.jpg/400x400bb.jpg
itunes_1445750474,The #1 Hits Collection,Conway Twitty,2000,2000s,Country,https://is1-ssl.mzstatic.com/image/thumb/Music115/v4/fb/ea/7c/fbea7c3f-4639-29b6-dd4e-43f5ffbc5d8b/00008817015224.rgb.jpg/400x400bb.jpg
itunes_251001680,The Essential Johnny Cash,Johnny Cash,2002,2000s,Country,https://is1-ssl.mzstatic.com/image/thumb/Music125/v4/5f/13/bc/5f13bc30-0f68-ed45-466c-b491e9201558/dj.yjweejkt.jpg/400x400bb.jpg
itunes_73995088,Whiskey Bent and Hell Bound,"Hank Williams, Jr.",1979,1970s,Country,https://is1-ssl.mzstatic.com/image/thumb/Music211/v4/47/8b/12/478b12f4-7ceb-5895-d956-7b40bb4c669a/715187772427.png/400x400bb.jpg
itunes_735159636,Classic Country - Cheating Songs,Various Artists,2013,2010s,Country,https://is1-ssl.mzstatic.com/image/thumb/Music/v4/8a/6a/7a/8a6a7a4a-d25f-14fa-e602-e43a99f7c479/cover.jpg/400x400bb.jpg
itunes_1434632702,20 of Hank Williams' Greatest Hits,Hank Williams,1990,1990s,Country,https://is1-ssl.mzstatic.com/image/thumb/Music126/v4/cb/3a/ef/cb3aef18-bae8-19c1-cb91-d4278481798e/06UMGIM07035.rgb.jpg/400x400bb.jpg
itunes_155664269,16 Biggest Hits: George Jones,George Jones,1998,1990s,Country,https://is1-ssl.mzstatic.com/image/thumb/Music115/v4/06/3e/4a/063e4a20-b139-6762-3329-0a8ef2b83a7a/074646931929.jpg/400x400bb.jpg
itunes_158182773,That's How They Do It In Dixie - The Essential Collection,"Hank Williams, Jr.",2006,2000s,Country,https://is1-ssl.mzstatic.com/image/thumb/Music221/v4/88/c5/6a/88c56a04-e28e-6be9-74f1-83aff811b05f/715187888128.png/400x400bb.jpg
itunes_1886149287,Classic Country - EP,Vicky Venice,2026,2020s,Country,https://is1-ssl.mzstatic.com/image/thumb/Music211/v4/33/7d/fa/337dfae6-3f27-c3c2-e3bc-348fe8c64bf4/artwork.jpg/400x400bb.jpg
itunes_1440825668,Patsy Cline's Greatest Hits,Patsy Cline,1967,1960s,Country,https://is1-ssl.mzstatic.com/image/thumb/Music116/v4/36/5f/6e/365f6e54-36ff-cb2b-4f85-8dae17a5535c/14UMGIM00863.rgb.jpg/400x400bb.jpg
itunes_385558807,The Essential Waylon Jennings,Waylon Jennings,2007,2000s,Country,https://is1-ssl.mzstatic.com/image/thumb/Music114/v4/51/10/fd/5110fdb5-5a9f-6ddc-644b-0affb128a75f/884977716726.jpg/400x400bb.jpg
itunes_258517406,Waylon & Willie,Waylon Jennings & Willie Nelson,1978,1970s,Country,https://is1-ssl.mzstatic.com/image/thumb/Music/71/49/54/mzi.hmplefuc.jpg/400x400bb.jpg
itunes_1440785737,20th Century Masters - The Millennium Collection: The Best of George Strait,George Strait,2002,2000s,Country,https://is1-ssl.mzstatic.com/image/thumb/Music126/v4/28/60/b2/2860b2bb-9c54-822b-8d03-7b89b7731b60/06UMGIM15373.rgb.jpg/400x400bb.jpg
itunes_455562302,The Pressure Is On,"Hank Williams, Jr.",1981,1980s,Country,https://is1-ssl.mzstatic.com/image/thumb/Music122/v4/10/4c/84/104c84ad-bb02-8c38-8fc2-ad72f022ffa5/715187772724.png/400x400bb.jpg
itunes_170922879,16 Biggest Hits,Willie Nelson,1998,1990s,Country,https://is1-ssl.mzstatic.com/image/thumb/Music125/v4/08/28/02/082802b9-2d7a-9f29-3413-37eccfb98714/dj.prbhjyep.jpg/400x400bb.jpg
itunes_260758644,Alan Jackson: 16 Biggest Hits,Alan Jackson,2007,2000s,Country,https://is1-ssl.mzstatic.com/image/thumb/Music115/v4/40/9a/a7/409aa786-3918-f37b-1986-35d38391d62c/mzm.bpsvirpa.jpg/400x400bb.jpg
itunes_1667081058,Classic Country,11 One/Music,2023,2020s,Country,https://is1-ssl.mzstatic.com/image/thumb/Music123/v4/a6/7a/55/a67a557a-568b-18a8-6e88-898dd2609267/1963621140922_cover.jpg/400x400bb.jpg
itunes_1027521191,Classics,John Conlee,2003,2000s,Country,https://is1-ssl.mzstatic.com/image/thumb/Music124/v4/c6/e3/aa/c6e3aa0e-2340-8708-761e-443e979e9de0/mzm.ovrtksrx.jpg/400x400bb.jpg
itunes_305343235,Killin' Time,Clint Black,1989,1980s,Country,https://is1-ssl.mzstatic.com/image/thumb/Music125/v4/30/91/54/3091541d-3b55-bbe9-e821-bfed72b8354d/dj.civgvjdw.jpg/400x400bb.jpg
itunes_1440830076,Strait Country,George Strait,1981,1980s,Country,https://is1-ssl.mzstatic.com/image/thumb/Music125/v4/d8/60/94/d86094a9-2a55-699b-2f19-8a8317706d08/00602547571526.rgb.jpg/400x400bb.jpg
itunes_825516828,At Folsom Prison (Live),Johnny Cash,1968,1960s,Country,https://is1-ssl.mzstatic.com/image/thumb/Music115/v4/f3/75/c1/f375c1d8-9666-0119-c54b-f06e9759da5b/886444492690.jpg/400x400bb.jpg
itunes_404365971,Red Headed Stranger,Willie Nelson,1975,1970s,Country,https://is1-ssl.mzstatic.com/image/thumb/Music123/v4/88/d6/67/88d6676e-67ce-f907-d4fe-eae50f805f63/074643348225.jpg/400x400bb.jpg
itunes_68876549,Number One Hits,The Judds,1994,1990s,Country,https://is1-ssl.mzstatic.com/image/thumb/Music221/v4/53/af/7b/53af7b43-c7fb-01c3-45e2-5aa2dfa87ced/715187796522.png/400x400bb.jpg
itunes_1005186046,Big City,Merle Haggard,1981,1980s,Country,https://is1-ssl.mzstatic.com/image/thumb/Music124/v4/86/df/c6/86dfc6a1-14a0-c4a8-9c31-94790f43601b/dj.weexcbfc.jpg/400x400bb.jpg
itunes_207315427,16 Biggest Hits: Joe Diffie,Joe Diffie,2002,2000s,Country,https://is1-ssl.mzstatic.com/image/thumb/Features115/v4/f7/69/95/f7699529-e7a5-6b5c-10b0-0f1299777f4e/dj.zeytwggc.jpg/400x400bb.jpg
itunes_1440848728,Strait From the Heart,George Strait,1982,1980s,Country,https://is1-ssl.mzstatic.com/image/thumb/Music115/v4/14/2f/59/142f59f9-f2f9-3d36-f9a9-eae58277a369/00602547571540.rgb.jpg/400x400bb.jpg
itunes_258634381,Greatest Hits,Clint Black,1996,1990s,Country,https://is1-ssl.mzstatic.com/image/thumb/Music125/v4/49/79/dc/4979dcbd-5715-85f8-8757-8bee8f68f844/dj.qhyymioz.jpg/400x400bb.jpg
itunes_1098991199,Classic Country - EP,Network Music Ensemble,2011,2010s,Country,https://is1-ssl.mzstatic.com/image/thumb/Music49/v4/96/d2/0e/96d20e0f-b2c6-5894-e5b2-88718c083118/843485088190.jpg/400x400bb.jpg
itunes_1440649374,"Greatest Hits, Vol. Two",George Strait,1987,1980s,Country,https://is1-ssl.mzstatic.com/image/thumb/Music221/v4/6a/82/24/6a822413-2a1c-e0c6-717a-4a30919aa884/06UMGIM07333.rgb.jpg/400x400bb.jpg
itunes_212566989,Classic Country,Bruce Greaves,2006,2000s,Country,https://is1-ssl.mzstatic.com/image/thumb/Music/1a/b5/cf/mzi.hdadssjm.tif/400x400bb.jpg
itunes_1440785706,Trisha Yearwood: Greatest Hits,Trisha Yearwood,2007,2000s,Country,https://is1-ssl.mzstatic.com/image/thumb/Music128/v4/bb/46/bb/bb46bb97-a4ed-126a-e29c-90fe8fa1b881/00602517303294.rgb.jpg/400x400bb.jpg
itunes_422030167,Greatest Hits (& Some That Will Be),Willie Nelson,1981,1980s,Country,https://is1-ssl.mzstatic.com/image/thumb/Music/83/7e/92/mzi.updmxtpb.jpg/400x400bb.jpg
itunes_724522308,20 Greatest Hits,Merle Haggard,2002,2000s,Country,https://is1-ssl.mzstatic.com/image/thumb/Music115/v4/0a/4e/82/0a4e8295-f977-7f86-cef1-425e08fa3ad9/00724353448257.rgb.jpg/400x400bb.jpg
itunes_303088009,Greatest Hits,Waylon Jennings,1979,1970s,Country,https://is1-ssl.mzstatic.com/image/thumb/Music125/v4/1e/20/e3/1e20e332-0677-3031-44f7-500f8489f6b3/dj.jwvdovdd.jpg/400x400bb.jpg
itunes_427793382,Classic Country - Bluegrass Vol. 3,Various Artists,2011,2010s,Country,https://is1-ssl.mzstatic.com/image/thumb/Music/b9/7e/92/mzi.xxqjhmrz.jpg/400x400bb.jpg
itunes_299553700,Alabama: Greatest Hits,Alabama,1986,1980s,Country,https://is1-ssl.mzstatic.com/image/thumb/Music18/v4/51/bb/5b/51bb5b62-93f8-1654-4d7e-d6f9f4ac08bf/dj.qlgxdjni.jpg/400x400bb.jpg
itunes_312634632,The Soul & the Edge - The Best of Johnny Paycheck,Johnny Paycheck,2002,2000s,Country,https://is1-ssl.mzstatic.com/image/thumb/Music/53/85/de/mzi.idfzvdkc.jpg/400x400bb.jpg
itunes_193760680,The Essential Kris Kristofferson,Kris Kristofferson,2004,2000s,Country,https://is1-ssl.mzstatic.com/image/thumb/Music/de/2f/80/mzi.xfcyspsf.jpg/400x400bb.jpg
itunes_277325556,One Hell Of A Ride,Willie Nelson,2008,2000s,Country,https://is1-ssl.mzstatic.com/image/thumb/Music125/v4/ca/14/ae/ca14ae96-6c1f-9478-a838-37392cff8250/dj.kczxeqbz.jpg/400x400bb.jpg
itunes_268464922,The Essential Gary Stewart,Gary Stewart,1997,1990s,Country,https://is1-ssl.mzstatic.com/image/thumb/Features125/v4/85/4d/9b/854d9bcf-0e59-df54-3de9-55409d7d162f/dj.dtiwtpxf.jpg/400x400bb.jpg
itunes_1440752573,20th Century Masters - The Millennium Collection: The Best of Mark Chesnutt,Mark Chesnutt,2001,2000s,Country,https://is1-ssl.mzstatic.com/image/thumb/Music128/v4/3f/82/6a/3f826ab9-d81c-0d16-4f9f-d2dde4918af7/00008817024622.rgb.jpg/400x400bb.jpg
itunes_723502143,Mel McDaniel: Greatest Hits,Mel McDaniel,1987,1980s,Country,https://is1-ssl.mzstatic.com/image/thumb/Music128/v4/77/32/6e/77326e0b-b562-92a2-38fa-504c0bf6fe99/00077774686754.rgb.jpg/400x400bb.jpg
itunes_1452959138,Gold: Conway Twitty,Conway Twitty,2006,2000s,Country,https://is1-ssl.mzstatic.com/image/thumb/Music124/v4/0f/61/a1/0f61a122-26aa-0f39-e903-b9bfad609e20/00602498840191.rgb.jpg/400x400bb.jpg
itunes_303099340,Earl Thomas Conley: 16 Biggest Hits,Earl Thomas Conley,2006,2000s,Country,https://is1-ssl.mzstatic.com/image/thumb/Music115/v4/84/11/ba/8411ba4d-05ac-8d67-8e09-6efdbc94242a/dj.tphlirhb.jpg/400x400bb.jpg
itunes_276587879,Outlaw Country,Various Artists,2008,2000s,Country,https://is1-ssl.mzstatic.com/image/thumb/Music124/v4/99/94/39/999439da-a15b-ba30-dee8-c2fb7e13648e/mzi.fbgpybit.jpg/400x400bb.jpg
itunes_1728076787,Cold Beer & Country Music,Zach Top,2024,2020s,Country,https://is1-ssl.mzstatic.com/image/thumb/Music116/v4/05/00/8f/05008f0a-c5ab-668c-2aae-6934f26d1d6d/8721056563135.png/400x400bb.jpg
itunes_1869436835,Dandelion,Ella Langley,2026,2020s,Country,https://is1-ssl.mzstatic.com/image/thumb/Music211/v4/a1/ba/64/a1ba6484-f462-1b88-ddff-d4c014d5f265/196874018361.jpg/400x400bb.jpg
itunes_1813021356,Firewater,Whiskey Myers,2011,2010s,Country,https://is1-ssl.mzstatic.com/image/thumb/Music221/v4/d0/cf/22/d0cf226c-607d-d97c-61d4-26eabde51f1d/886443002371_Cover.jpg/400x400bb.jpg
itunes_1802103906,I’m The Problem,Morgan Wallen,2025,2020s,Country,https://is1-ssl.mzstatic.com/image/thumb/Music221/v4/fa/60/fe/fa60fe4a-4329-a0bb-eb7c-3b6094a4d831/25UMGIM46049.rgb.jpg/400x400bb.jpg
itunes_1697401120,Higher,Chris Stapleton,2023,2020s,Country,https://is1-ssl.mzstatic.com/image/thumb/Music116/v4/f1/2a/d7/f12ad765-1d90-3959-c872-35cc34c8359a/23UMGIM80471.rgb.jpg/400x400bb.jpg
itunes_1752597785,If I Know Me,Morgan Wallen,2018,2010s,Country,https://is1-ssl.mzstatic.com/image/thumb/Music211/v4/80/bb/18/80bb1895-326f-e618-9aa8-d2338bb35f0c/842812106569_Cover.jpg/400x400bb.jpg
itunes_1440901944,From A Room: Vol. 1,Chris Stapleton,2017,2010s,Country,https://is1-ssl.mzstatic.com/image/thumb/Music124/v4/8b/f6/00/8bf60032-a7ef-4fbe-89c5-07be8edd0848/00602557542783.rgb.jpg/400x400bb.jpg
itunes_1478461231,9,Jason Aldean,2019,2010s,Country,https://is1-ssl.mzstatic.com/image/thumb/Music113/v4/67/33/1c/67331c12-6f81-ea40-3332-f769c809dbe8/4050538532920.jpg/400x400bb.jpg
itunes_1468373427,Heartache Medication,Jon Pardi,2019,2010s,Country,https://is1-ssl.mzstatic.com/image/thumb/Music125/v4/c5/a8/b5/c5a8b504-f792-77eb-91a8-131be96b3a99/19UMGIM43785.rgb.jpg/400x400bb.jpg
itunes_1440900873,From A Room: Volume 2,Chris Stapleton,2017,2010s,Country,https://is1-ssl.mzstatic.com/image/thumb/Music125/v4/da/ce/7b/dace7b1f-cff4-8a8d-1eb7-c07abcd7974f/00602557970661.rgb.jpg/400x400bb.jpg
itunes_1633178682,Summertime Blues - EP,Zach Bryan,2022,2020s,Country,https://is1-ssl.mzstatic.com/image/thumb/Music112/v4/be/ea/e9/beeae98a-33a4-6e1d-6efc-b8dd098b0a2c/093624866459.jpg/400x400bb.jpg
itunes_1462929670,Country Squire,Tyler Childers,2019,2010s,Country,https://is1-ssl.mzstatic.com/image/thumb/Music115/v4/d4/80/c1/d480c142-a3d9-1c98-a040-ff2332132bb2/886447696750.jpg/400x400bb.jpg
itunes_1703146445,Imaginary Appalachia,Colter Wall,2015,2010s,Country,https://is1-ssl.mzstatic.com/image/thumb/Music126/v4/f3/8a/47/f38a47c6-c902-a438-6d22-20ddfb69420d/196871175432.jpg/400x400bb.jpg
itunes_1582024378,Human: The Double Album,Cody Johnson,2021,2020s,Country,https://is1-ssl.mzstatic.com/image/thumb/Music115/v4/8b/4d/54/8b4d545d-feee-c91c-992c-cecd16677f6e/093624879381.jpg/400x400bb.jpg
itunes_1440844465,That Lonesome Song,Jamey Johnson,2008,2000s,Country,https://is1-ssl.mzstatic.com/image/thumb/Music115/v4/c8/7a/c4/c87ac41a-3ecb-d988-cbda-a8f0c1ae20e8/00602547742223.rgb.jpg/400x400bb.jpg
itunes_1746991953,Made by These Moments,The Red Clay Strays,2024,2020s,Country,https://is1-ssl.mzstatic.com/image/thumb/Music221/v4/02/17/78/021778f3-9c1f-e211-30b6-854109b992ae/196871996808.jpg/400x400bb.jpg
itunes_721280109,Chief,Eric Church,2011,2010s,Country,https://is1-ssl.mzstatic.com/image/thumb/Music115/v4/69/76/77/69767702-ea47-d219-a13c-0f51e19e6ccb/13UABIM59426.rgb.jpg/400x400bb.jpg
itunes_1703146506,Colter Wall,Colter Wall,2017,2010s,Country,https://is1-ssl.mzstatic.com/image/thumb/Music116/v4/44/52/79/44527973-05cd-1e4e-c8bd-166a4cdbf6cd/196871175456.jpg/400x400bb.jpg
itunes_1887707089,Metamodern Sounds in Country Music,Sturgill Simpson,2014,2010s,Country,https://is1-ssl.mzstatic.com/image/thumb/Music221/v4/24/5c/b1/245cb120-748e-982d-2bb9-4c21523e1b67/886444551298.jpg/400x400bb.jpg
itunes_389422164,Diamonds & Gasoline,Turnpike Troubadours,2010,2010s,Country,https://is1-ssl.mzstatic.com/image/thumb/Music125/v4/42/85/7b/42857bd8-f5a4-eecd-b1d3-c1d62210544c/mzi.lahzcish.jpg/400x400bb.jpg
itunes_1848218113,Prizefighter,Mumford & Sons,2026,2020s,Alternative,https://is1-ssl.mzstatic.com/image/thumb/Music211/v4/54/e8/32/54e8324f-9ae0-f39c-687c-2ea6d2c77f44/199806246184.jpg/400x400bb.jpg
itunes_1763685022,Don't Mind If I Do,Riley Green,2024,2020s,Country,https://is1-ssl.mzstatic.com/image/thumb/Music211/v4/25/fb/18/25fb1804-5862-1936-9d98-d8e7b5513413/24BMR0005677.rgb.jpg/400x400bb.jpg
itunes_1682113245,Excuse The Mess,Ella Langley,2023,2020s,Country,https://is1-ssl.mzstatic.com/image/thumb/Music126/v4/a0/d1/d5/a0d1d54b-1928-5a49-9690-ba7b1727cc66/196871028486.jpg/400x400bb.jpg
itunes_1736951246,Way Out Here,Riley Green,2024,2020s,Country,https://is1-ssl.mzstatic.com/image/thumb/Music221/v4/a9/79/dc/a979dc04-be66-92a4-60d5-5ce4dd7414b7/24BMR0005137.rgb.jpg/400x400bb.jpg
itunes_1725169451,Moment of Truth,The Red Clay Strays,2022,2020s,Country,https://is1-ssl.mzstatic.com/image/thumb/Music116/v4/9d/1b/c0/9d1bc061-4161-87bc-3cec-49e5951df334/197190214994.jpg/400x400bb.jpg
itunes_1659589945,I'm Not the Devil,Cody Jinks,2016,2010s,Country,https://is1-ssl.mzstatic.com/image/thumb/Music122/v4/ad/9c/85/ad9c8597-151a-35e7-1137-fbfa56a77011/197187384945.jpg/400x400bb.jpg
itunes_1440872838,Pageant Material,Kacey Musgraves,2015,2010s,Country,https://is1-ssl.mzstatic.com/image/thumb/Music115/v4/31/2f/6c/312f6c94-3035-398b-8217-e79f0c2dfc63/15UMGIM22460.rgb.jpg/400x400bb.jpg
itunes_1475809471,The SteelDrivers,The SteelDrivers,2008,2000s,Country,https://is1-ssl.mzstatic.com/image/thumb/Music115/v4/05/cd/4d/05cd4d4e-7a1d-340c-77f9-2e89e76529fa/19CRGIM11632.rgb.jpg/400x400bb.jpg
itunes_1440858493,Same Trailer Different Park,Kacey Musgraves,2013,2010s,Country,https://is1-ssl.mzstatic.com/image/thumb/Music125/v4/70/c5/44/70c5447f-dd7a-26b3-eb65-4908b185b3ef/13UMGIM04596.rgb.jpg/400x400bb.jpg
itunes_1659558261,Adobe Sessions,Cody Jinks,2015,2010s,Country,https://is1-ssl.mzstatic.com/image/thumb/Music112/v4/1c/92/da/1c92dab8-14db-6052-4684-f9759f75e8ee/197187326051.jpg/400x400bb.jpg
itunes_517897304,Goodbye Normal Street,Turnpike Troubadours,2012,2010s,Country,https://is1-ssl.mzstatic.com/image/thumb/Music125/v4/85/ff/ba/85ffbab3-54c6-58fd-1420-ec2bdcf8d006/Cover.jpg/400x400bb.jpg
itunes_1811471443,Early Morning Shakes,Whiskey Myers,2014,2010s,Country,https://is1-ssl.mzstatic.com/image/thumb/Music221/v4/62/ff/34/62ff34be-ca87-1be0-8d86-00f16dd5ddf6/886444396097_Cover.jpg/400x400bb.jpg
itunes_1216344634,The Nashville Sound,Jason Isbell and the 400 Unit,2017,2010s,Rock,https://is1-ssl.mzstatic.com/image/thumb/Music114/v4/75/bc/bd/75bcbd6d-02a8-251c-9548-38c3b9c5672a/886446416328.jpg/400x400bb.jpg
itunes_1703277625,Western Swing & Waltzes and Other Punchy Songs,Colter Wall,2020,2020s,Country,https://is1-ssl.mzstatic.com/image/thumb/Music116/v4/9f/d1/de/9fd1de9b-0bfb-ba7b-ac0d-9111e797fb10/195081521107.jpg/400x400bb.jpg
itunes_1892465981,Banks Of The Trinity,Cody Johnson,2026,2020s,Country,https://is1-ssl.mzstatic.com/image/thumb/Music221/v4/e2/d9/7a/e2d97a87-6ec6-99de-9a1f-31b86ce6e7c4/093624826613.jpg/400x400bb.jpg
itunes_1848496152,Thinking Too Much,Joshua Slone,2025,2020s,Country,https://is1-ssl.mzstatic.com/image/thumb/Music221/v4/5c/15/da/5c15daae-24b6-d500-2dab-11629a42bab6/198704813313_Cover.jpg/400x400bb.jpg
itunes_1804389750,The Price of Admission,Turnpike Troubadours,2025,2020s,Country,https://is1-ssl.mzstatic.com/image/thumb/Music211/v4/1a/61/0d/1a610d53-611b-dbc8-dff6-40583a9923ce/199350022951.jpg/400x400bb.jpg
itunes_1469575447,"O Brother, Where Art Thou? (Music from the Motion Picture)",Various Artists,2000,2000s,Soundtracks,https://is1-ssl.mzstatic.com/image/thumb/Music124/v4/6c/9b/66/6c9b6682-cdbd-7454-4f3b-69a9fcc74b5b/06UMGIM06980.rgb.jpg/400x400bb.jpg
itunes_577421998,Bluegrass,Various Artists,2012,2010s,Folk,https://is1-ssl.mzstatic.com/image/thumb/Music115/v4/60/46/b8/6046b8e9-3aed-b476-9d71-d68860e4e248/887396701212.jpg/400x400bb.jpg
itunes_1692211256,Bluegrass,Willie Nelson,2023,2020s,Country,https://is1-ssl.mzstatic.com/image/thumb/Music126/v4/1b/9c/b8/1b9cb89a-043f-3dad-04ea-6881b3602741/196871133548.jpg/400x400bb.jpg
itunes_1862634688,The Way I Am,Luke Combs,2026,2020s,Country,https://is1-ssl.mzstatic.com/image/thumb/Music221/v4/4c/b6/e5/4cb6e5b1-2db0-88c0-f025-b79cad3b8fab/196873832111.jpg/400x400bb.jpg
itunes_1750297439,Fathers & Sons,Luke Combs,2024,2020s,Country,https://is1-ssl.mzstatic.com/image/thumb/Music211/v4/95/30/cd/9530cd97-d001-99d9-ac2e-32c2633f6ec3/196872117424.jpg/400x400bb.jpg
itunes_1754219081,The Lumineers,The Lumineers,2012,2010s,Folk,https://is1-ssl.mzstatic.com/image/thumb/Music221/v4/ee/5b/95/ee5b95dc-4086-4e71-98c9-07f9dde84375/18513.jpg/400x400bb.jpg
itunes_1752600613,Seneca,Charles Wesley Godwin,2019,2010s,Country,https://is1-ssl.mzstatic.com/image/thumb/Music221/v4/bd/71/ad/bd71ad6d-e4a8-a35b-f0df-262f674301da/888295842372_Cover.jpg/400x400bb.jpg
itunes_1752598093,How the Mighty Fall,Charles Wesley Godwin,2021,2020s,Country,https://is1-ssl.mzstatic.com/image/thumb/Music221/v4/5b/4c/5b/5b4c5b38-cbd0-908b-8e3d-4961c636a55a/859749799979_Cover.jpg/400x400bb.jpg
itunes_1760074941,Highway Prayers,Billy Strings,2024,2020s,Country,https://is1-ssl.mzstatic.com/image/thumb/Music221/v4/77/b0/23/77b023e8-6f66-7926-98b0-4846f22a27d9/093624844785.jpg/400x400bb.jpg
itunes_1541426415,"Quiet, Heavy Dreams - EP",Zach Bryan,2020,2020s,Folk,https://is1-ssl.mzstatic.com/image/thumb/Music125/v4/46/d1/f7/46d1f7fb-975b-0bdc-e831-eb28242ba3cf/093624884262.jpg/400x400bb.jpg
itunes_1746560124,Twisters: The Album,Various Artists,2024,2020s,Country,https://is1-ssl.mzstatic.com/image/thumb/Music211/v4/d1/a0/62/d1a062f2-df00-7975-ec2c-d5eacbc0741c/075679646439.jpg/400x400bb.jpg
itunes_1285696865,Turmoil & Tinfoil,Billy Strings,2017,2010s,Country,https://is1-ssl.mzstatic.com/image/thumb/Music124/v4/28/34/98/2834989f-5cc3-37a0-acb8-4f20b2f81fac/019985760533_cover.jpg/400x400bb.jpg
itunes_155681921,Wide Open Spaces,The Chicks,1998,1990s,Country,https://is1-ssl.mzstatic.com/image/thumb/Music124/v4/d6/f8/a4/d6f8a45d-5c99-811c-4eda-32fe7fc02e0c/dj.dooxzlev.jpg/400x400bb.jpg
itunes_1469581485,"O Brother, Where Art Thou? (Music from the Film) [Deluxe Edition]",Various Artists,2011,2010s,Soundtracks,https://is1-ssl.mzstatic.com/image/thumb/Music115/v4/ae/d6/6c/aed66c92-1aae-ab03-090d-64a29076e72b/11UMGIM40310.rgb.jpg/400x400bb.jpg
itunes_1166241178,The Weight of These Wings,Miranda Lambert,2016,2010s,Country,https://is1-ssl.mzstatic.com/image/thumb/Music114/v4/e5/98/16/e5981609-03e2-e4fa-7862-59fcb129d961/886446177656.jpg/400x400bb.jpg
itunes_712215693,Bluegrass - The World's Greatest Show,Various Artists,1987,1980s,Country,https://is1-ssl.mzstatic.com/image/thumb/Music4/v4/63/05/75/6305757a-ce66-8f2b-4f48-42b1e4e28962/00015891220154.jpg/400x400bb.jpg
itunes_1839307803,River Rat - EP,The Creekers,2025,2020s,Country,https://is1-ssl.mzstatic.com/image/thumb/Music221/v4/e2/66/82/e2668240-8110-69e5-ac71-50092150413d/093624826439.jpg/400x400bb.jpg
itunes_849069497,Platinum,Miranda Lambert,2014,2010s,Country,https://is1-ssl.mzstatic.com/image/thumb/Music115/v4/c3/2d/84/c32d84ea-5433-ef6f-00eb-1c95419657db/886444518710.jpg/400x400bb.jpg
itunes_1471196634,Home,Billy Strings,2019,2010s,Country,https://is1-ssl.mzstatic.com/image/thumb/Music114/v4/60/8b/02/608b025b-7921-ec86-536d-ea8823d62b36/19CRGIM11835.rgb.jpg/400x400bb.jpg
itunes_6781907870,So Much For Goodbyes,Billy Strings,2026,2020s,Country,https://is1-ssl.mzstatic.com/image/thumb/Music221/v4/cc/b7/cd/ccb7cdec-a44c-c7db-6e3d-924ed8a47d54/093624821106.jpg/400x400bb.jpg
itunes_1440941663,Reckless,The SteelDrivers,2010,2010s,Country,https://is1-ssl.mzstatic.com/image/thumb/Music115/v4/61/e7/ae/61e7aefe-7bf5-d05a-b7fd-84454bea8e3d/00888072371798.rgb.jpg/400x400bb.jpg
itunes_592384604,Bluegrass - Award Winners,Various Artists,2013,2010s,Country,https://is1-ssl.mzstatic.com/image/thumb/Music/v4/3e/d3/cc/3ed3cc7c-693e-2c49-226a-4205dc5c4483/cover.jpg/400x400bb.jpg
itunes_1443069630,Mescalito,Ryan Bingham,2007,2000s,Country,https://is1-ssl.mzstatic.com/image/thumb/Music124/v4/61/65/b7/6165b7cc-72b1-33be-4dba-d2cb892307b1/00602517496415.rgb.jpg/400x400bb.jpg
itunes_1896261802,Christian Name,Charles Wesley Godwin,2026,2020s,Country,https://is1-ssl.mzstatic.com/image/thumb/Music211/v4/12/6e/fc/126efc80-2054-d840-c34d-90ab48878231/26UMGIM51994.rgb.jpg/400x400bb.jpg
itunes_1115080846,Billy Strings - EP,Billy Strings,2016,2010s,Country,https://is1-ssl.mzstatic.com/image/thumb/Music125/v4/a7/5e/9c/a75e9c45-9444-affe-aead-d1489556e142/859717353066_cover.jpg/400x400bb.jpg
itunes_1597018505,Raising Sand,Robert Plant & Alison Krauss,2007,2000s,Folk,https://is1-ssl.mzstatic.com/image/thumb/Music116/v4/02/45/81/024581d5-e315-7145-4503-e01b268364d3/21CRGIM30815.rgb.jpg/400x400bb.jpg
itunes_362088968,Gord's Gold,Gordon Lightfoot,1975,1970s,Folk,https://is1-ssl.mzstatic.com/image/thumb/Music124/v4/2d/3f/6c/2d3f6cc6-3162-50c9-eaed-c4051963fb63/mzi.cbqwbgfl.jpg/400x400bb.jpg
itunes_265095671,Sara Evans: Greatest Hits,Sara Evans,2007,2000s,Country,https://is1-ssl.mzstatic.com/image/thumb/Features115/v4/f5/3e/a4/f53ea4a3-6ee2-14cc-3d39-66ae80d53e80/dj.xcmnvgin.jpg/400x400bb.jpg
itunes_1802060343,Parker McCollum,Parker McCollum,2025,2020s,Country,https://is1-ssl.mzstatic.com/image/thumb/Music211/v4/54/a3/0a/54a30ac2-259a-a41a-1283-0cfcf4835e12/25UMGIM34874.rgb.jpg/400x400bb.jpg
itunes_1423663603,Love On The Inside (Deluxe Fan Edition),Sugarland,2008,2000s,Country,https://is1-ssl.mzstatic.com/image/thumb/Music115/v4/5d/91/fb/5d91fb73-3092-8a69-9f5d-83aef9d09c6f/00602517799851.rgb.jpg/400x400bb.jpg
itunes_1440755966,Junky Star,Ryan Bingham,2010,2010s,Rock,https://is1-ssl.mzstatic.com/image/thumb/Music115/v4/0f/c8/1b/0fc81b62-2735-bc86-242a-cf97bf082fc3/00602527487533.rgb.jpg/400x400bb.jpg
itunes_1774793450,Apple Music Nashville Sessions (feat. Billy Strings),Zach Top,2024,2020s,Country,https://is1-ssl.mzstatic.com/image/thumb/Music221/v4/1b/8d/35/1b8d355a-e8fa-2e90-317d-aaaef53cfbe6/8721253086505.png/400x400bb.jpg
itunes_1578783072,Raise the Roof,Robert Plant & Alison Krauss,2021,2020s,Folk,https://is1-ssl.mzstatic.com/image/thumb/Music125/v4/6a/2a/cc/6a2acc5e-d935-81e0-0bc0-b34badccb281/21CRGIM27837.rgb.jpg/400x400bb.jpg
itunes_1370652421,Bigger,Sugarland,2018,2010s,Country,https://is1-ssl.mzstatic.com/image/thumb/Music124/v4/61/47/91/61479192-0df9-808c-e770-2cac803d08f1/00843930034574.rgb.jpg/400x400bb.jpg
itunes_580341246,The Devil Makes Three,The Devil Makes Three,2002,2000s,Folk,https://is1-ssl.mzstatic.com/image/thumb/Music112/v4/8f/a8/91/8fa891fc-4511-9b0f-d56e-d16c3bd2606a/859709190556_cover.jpg/400x400bb.jpg
itunes_939241822,Fiddle Tune X,Billy Strings & Don Julin,2014,2010s,Country,https://is1-ssl.mzstatic.com/image/thumb/Music124/v4/db/f7/82/dbf782f7-a27e-bf34-4da8-d0ed733be95e/700261407654.jpg/400x400bb.jpg
itunes_1872241079,The Great Divide,Noah Kahan,2026,2020s,Alternative,https://is1-ssl.mzstatic.com/image/thumb/Music221/v4/e0/53/5b/e0535bb5-a269-8cc4-e12f-589e26809569/26UMGIM02802.rgb.jpg/400x400bb.jpg
itunes_399048715,The Essential The Chicks,The Chicks,2010,2010s,Country,https://is1-ssl.mzstatic.com/image/thumb/Music221/v4/7e/ea/9b/7eea9bc3-a1e4-cbde-56fd-b0926f5f9e22/dj.lzlfkail.jpg/400x400bb.jpg
itunes_1769023107,Leather Deluxe Edition,Cody Johnson,2023,2020s,Country,https://is1-ssl.mzstatic.com/image/thumb/Music221/v4/98/88/4b/98884ba1-fe25-76b8-211f-ebfb3d000fd5/093624838982.jpg/400x400bb.jpg
itunes_1749121114,hungover,Ella Langley,2024,2020s,Country,https://is1-ssl.mzstatic.com/image/thumb/Music221/v4/62/33/40/62334080-6129-4d0c-086b-921cc956cb7a/196872090895.jpg/400x400bb.jpg
itunes_1767934303,Reboot II,Brooks & Dunn,2024,2020s,Country,https://is1-ssl.mzstatic.com/image/thumb/Music211/v4/1b/c9/cd/1bc9cd72-6d9d-1dd0-9f18-c6cec07fe78e/196872425321.jpg/400x400bb.jpg
itunes_1604209019,Crooked Tree,Molly Tuttle & Golden Highway,2022,2020s,Folk,https://is1-ssl.mzstatic.com/image/thumb/Music116/v4/3e/43/6f/3e436f43-2eaa-5c5a-afb6-bad5b5bed750/075597911800.jpg/400x400bb.jpg
itunes_466581398,Four the Record,Miranda Lambert,2011,2010s,Country,https://is1-ssl.mzstatic.com/image/thumb/Music114/v4/ec/23/a2/ec23a27b-c220-60f9-819a-ddf1f5cec07f/mzi.vribnyar.jpg/400x400bb.jpg
itunes_442562856,The Harrow & The Harvest,Gillian Welch,2011,2010s,Folk,https://is1-ssl.mzstatic.com/image/thumb/Music115/v4/c5/a3/71/c5a371b0-0b0a-3225-3977-da6598740275/mzi.dtxfgecg.tif/400x400bb.jpg
itunes_1404738186,Live on Red Barn Radio I & II,Tyler Childers,2018,2010s,Folk,https://is1-ssl.mzstatic.com/image/thumb/Music115/v4/6d/40/34/6d40345d-f6dc-6e35-c5cd-510c1314f37f/859727285258_cover.jpg/400x400bb.jpg
itunes_1039798000,Hunky Dory (2015 Remaster),David Bowie,1971,1970s,Rock,https://is1-ssl.mzstatic.com/image/thumb/Music125/v4/f0/b9/68/f0b9680e-b028-b3d6-f793-7c268256499a/825646286034.jpg/400x400bb.jpg
itunes_302102786,"Peter, Paul and Mary","Peter, Paul & Mary",1962,1960s,Folk,https://is1-ssl.mzstatic.com/image/thumb/Music114/v4/42/09/6f/42096f1a-5d6f-8507-7a2c-dc034f13385b/075992715768.jpg/400x400bb.jpg
itunes_357886295,See What Tomorrow Brings,"Peter, Paul & Mary",1965,1960s,Folk,https://is1-ssl.mzstatic.com/image/thumb/Music114/v4/c5/59/9c/c5599cb3-8606-a6fe-6b8a-2296cb55513b/075992665469.jpg/400x400bb.jpg
itunes_111190810,I Ain't Marching Anymore,Phil Ochs,1965,1960s,Folk,https://is1-ssl.mzstatic.com/image/thumb/Music124/v4/fe/47/99/fe4799f0-b36a-a86b-e7ac-d50633082b42/mzi.zxsyaxzu.jpg/400x400bb.jpg
itunes_357901511,In the Wind,"Peter, Paul & Mary",1963,1960s,Folk,https://is1-ssl.mzstatic.com/image/thumb/Music124/v4/3d/58/d8/3d58d869-6085-577c-8d6c-cc85b85e9271/075992622462.jpg/400x400bb.jpg
itunes_1456309760,The Best of the Chad Mitchell Trio the Mercury Years,The Chad Mitchell Trio,1998,1990s,Pop,https://is1-ssl.mzstatic.com/image/thumb/Music123/v4/78/7b/d9/787bd949-251d-69da-92d9-110bd2653102/00602577178184.rgb.jpg/400x400bb.jpg
itunes_1034517648,Geronimo,Shane Smith & the Saints,2015,2010s,Country,https://is1-ssl.mzstatic.com/image/thumb/Music115/v4/82/4b/2f/824b2fcc-14c9-a117-2118-a96feefddb57/700261428895_cover.jpg/400x400bb.jpg
itunes_302068401,Moving,"Peter, Paul & Mary",1963,1960s,Folk,https://is1-ssl.mzstatic.com/image/thumb/Music124/v4/96/4f/65/964f6526-1658-06e8-b8c7-542f8cbfff67/075992598163.jpg/400x400bb.jpg
itunes_844195008,I Dream of You,JJ Heller,2014,2010s,Folk,https://is1-ssl.mzstatic.com/image/thumb/Music221/v4/23/58/99/23589917-2033-8ec5-01f4-a13313c5d430/859712178350_cover.jpg/400x400bb.jpg
itunes_79029971,"The Very Best of Peter, Paul and Mary","Peter, Paul & Mary",2005,2000s,Folk,https://is1-ssl.mzstatic.com/image/thumb/Music115/v4/ae/92/2b/ae922b24-7d22-eb75-0f2c-a48b49e43ee7/dj.uhhbdbuq.jpg/400x400bb.jpg
itunes_715824240,The High Kings,The High Kings,2008,2000s,Folk,https://is1-ssl.mzstatic.com/image/thumb/Music115/v4/96/85/2f/96852f28-8548-a1ea-07e5-eee089800b67/05099952134357.rgb.jpg/400x400bb.jpg
itunes_192795236,Irish Drinking Songs,"The Clancy Brothers, The Dubliners & Tommy Makem",1993,1990s,Folk,https://is1-ssl.mzstatic.com/image/thumb/Music125/v4/d0/a9/bc/d0a9bc5c-7a69-fa97-0ceb-084d4e74cc4a/mzi.qaoeurvf.jpg/400x400bb.jpg
itunes_1512832534,Outlander: Season 5 (Original Television Soundtrack),Bear McCreary,2020,2020s,Soundtracks,https://is1-ssl.mzstatic.com/image/thumb/Music113/v4/3b/08/f4/3b08f46f-feb7-055c-50ec-e122c2635d23/886448410676.jpg/400x400bb.jpg
itunes_121006267,Ramblin' Boy,Tom Paxton,1964,1960s,Folk,https://is1-ssl.mzstatic.com/image/thumb/Music115/v4/07/be/b2/07beb23d-0c54-c58d-3b91-f4dc5cc59e73/mzi.dbqvwuxk.jpg/400x400bb.jpg
itunes_216667387,The Best of Tom Paxton: I Can't Help But Wonder Where I'm Bound: The Elektra Years,Tom Paxton,1999,1990s,Folk,https://is1-ssl.mzstatic.com/image/thumb/Music/bd/b3/67/mzi.qycrcieg.jpg/400x400bb.jpg
itunes_665737231,A Maid of Constant Sorrow,Judy Collins,1961,1960s,Rock,https://is1-ssl.mzstatic.com/image/thumb/Music4/v4/0e/94/55/0e9455dc-942b-79d0-8ec1-b30aac6daee4/603497920518.jpg/400x400bb.jpg
itunes_1440656068,Five Leaves Left (Remastered),Nick Drake,1969,1960s,Folk,https://is1-ssl.mzstatic.com/image/thumb/Music115/v4/be/97/b3/be97b362-d4aa-c0d5-368f-e3a154a94671/00042284291521.rgb.jpg/400x400bb.jpg
itunes_1252032972,The Boy Who Cried Wolf,Passenger,2017,2010s,Folk,https://is1-ssl.mzstatic.com/image/thumb/Music116/v4/34/62/7e/34627e4f-8e5c-72c2-d9c9-eef6f378a2a4/859721591638_cover.jpg/400x400bb.jpg
itunes_711674341,The Best of Buffy Sainte-Marie,Buffy Sainte-Marie,1970,1970s,Folk,https://is1-ssl.mzstatic.com/image/thumb/Music6/v4/91/8b/69/918b69d3-f090-a18f-2d67-1765abc3a29c/00015707030458.jpg/400x400bb.jpg
itunes_1704061160,Bryter Layter,Nick Drake,1971,1970s,Folk,https://is1-ssl.mzstatic.com/image/thumb/Music116/v4/f5/94/72/f59472e7-54ff-9b04-6dcd-88055bdebf29/23UMGIM85119.rgb.jpg/400x400bb.jpg
itunes_1337868702,How the West Was Won (Live) [Remastered],Led Zeppelin,2003,2000s,Rock,https://is1-ssl.mzstatic.com/image/thumb/Music62/v4/d4/04/19/d404191c-3e47-aa28-e7f2-dc50eac7aaa6/603497860425.jpg/400x400bb.jpg
itunes_159476281,The Times They Are A-Changin',Bob Dylan,1964,1960s,Folk,https://is1-ssl.mzstatic.com/image/thumb/Music124/v4/e0/2b/3e/e02b3e8a-5852-bc33-33e3-3d9e419e1711/mzi.vdaqwtvn.jpg/400x400bb.jpg
itunes_111189479,All the News That's Fit to Sing,Phil Ochs,1964,1960s,Folk,https://is1-ssl.mzstatic.com/image/thumb/Music/34/be/6e/mzi.njgmagac.jpg/400x400bb.jpg
itunes_40459485,Ain't That News,Tom Paxton,1965,1960s,Country,https://is1-ssl.mzstatic.com/image/thumb/Music/y2004/m12/d29/h08/s06.eisppxhi.jpg/400x400bb.jpg
itunes_1444213347,Have a Holly Jolly Christmas,Burl Ives,1965,1960s,Folk,https://is1-ssl.mzstatic.com/image/thumb/Music221/v4/17/f1/7b/17f17b40-c8cb-f795-00d3-959dea4872eb/06UMGIM17860.rgb.jpg/400x400bb.jpg
itunes_159476000,Bob Dylan,Bob Dylan,1962,1960s,Folk,https://is1-ssl.mzstatic.com/image/thumb/Music/e0/8c/a0/mzi.pnnnzihh.jpg/400x400bb.jpg
itunes_388255900,Donovan's Greatest Hits,Donovan,1969,1960s,Rock,https://is1-ssl.mzstatic.com/image/thumb/Music124/v4/c6/0d/bf/c60dbff1-05e0-1f2e-95e3-cb686698988a/mzi.qztymdwq.jpg/400x400bb.jpg
itunes_190758914,The Freewheelin' Bob Dylan,Bob Dylan,1963,1960s,Folk,https://is1-ssl.mzstatic.com/image/thumb/Music124/v4/63/3c/98/633c98ab-b4f3-3f40-798b-bdb49d923468/074640878626.jpg/400x400bb.jpg
itunes_296549545,There But for Fortune,Phil Ochs,1989,1980s,Folk,https://is1-ssl.mzstatic.com/image/thumb/Music124/v4/83/82/b7/8382b7c1-8b31-4df1-161c-b08ba0b00648/mzi.bcrbrnuj.jpg/400x400bb.jpg
itunes_1487495983,Riverdance 25th Anniversary: Music From the Show,Bill Whelan,2019,2010s,Folk,https://is1-ssl.mzstatic.com/image/thumb/Music125/v4/86/be/6a/86be6ab9-6221-84e2-e065-ab56869c5822/19UMGIM95340.rgb.jpg/400x400bb.jpg
itunes_714339518,It's My Way!,Buffy Sainte-Marie,1964,1960s,Rock,https://is1-ssl.mzstatic.com/image/thumb/Music125/v4/7e/69/3d/7e693d00-4f20-b995-91ae-8903f56e6e24/00015707914253.jpg/400x400bb.jpg
itunes_1486281113,恋人へ,Lamp,2004,2000s,Pop,https://is1-ssl.mzstatic.com/image/thumb/Music124/v4/96/34/bd/9634bd06-4484-3792-ce1b-a64a96710d22/4521640105079_cover.jpg/400x400bb.jpg
itunes_925509807,Medicine,Drew Holcomb & The Neighbors,2015,2010s,Folk,https://is1-ssl.mzstatic.com/image/thumb/Music125/v4/75/2a/18/752a18a1-bc05-a72a-a0fd-ff88d14123f5/859713424890_cover.jpg/400x400bb.jpg
itunes_874949049,Do Wrong Right,The Devil Makes Three,2009,2000s,Folk,https://is1-ssl.mzstatic.com/image/thumb/Music114/v4/46/23/f7/4623f765-9e85-75f9-ec75-e7c784d906d6/859712556707_cover.tif/400x400bb.jpg
itunes_121050753,Fifth Album,Judy Collins,1965,1960s,Folk,https://is1-ssl.mzstatic.com/image/thumb/Music/8a/fa/30/mzi.kccfghgv.jpg/400x400bb.jpg
itunes_269891646,Just Another Diamond Day,Vashti Bunyan,1970,1970s,Folk,https://is1-ssl.mzstatic.com/image/thumb/Music124/v4/d1/7b/87/d17b87d1-43ea-af5e-4d93-d69eef0e99bb/mzi.dsfjdvyu.tif/400x400bb.jpg
itunes_1771697400,The Head And The Heart,The Head and the Heart,2011,2010s,Alternative,https://is1-ssl.mzstatic.com/image/thumb/Music221/v4/97/4d/d9/974dd997-73af-5ed2-530c-892ec10f9deb/0098787091564_Cover.jpg/400x400bb.jpg
itunes_53381558,Greatest Hits,"Crosby, Stills & Nash",2005,2000s,Rock,https://is1-ssl.mzstatic.com/image/thumb/Music125/v4/2e/94/48/2e94483a-cfac-1b06-e2bd-0f01a9341d1e/081227653767.jpg/400x400bb.jpg
itunes_663694969,The Very Best of Grateful Dead,Grateful Dead,2003,2000s,Rock,https://is1-ssl.mzstatic.com/image/thumb/Music124/v4/e9/b6/e2/e9b6e214-1f54-8386-913b-e245fa960ff6/603497920761.jpg/400x400bb.jpg
itunes_1463652891,Simon and Garfunkel's Greatest Hits,Simon & Garfunkel,1972,1970s,Rock,https://is1-ssl.mzstatic.com/image/thumb/Music125/v4/7c/0e/db/7c0edb31-3d24-c264-abaa-411f862cdcf7/886447698259.jpg/400x400bb.jpg
itunes_324127933,Bridge Over Troubled Water,Simon & Garfunkel,1970,1970s,Pop,https://is1-ssl.mzstatic.com/image/thumb/Music125/v4/a3/84/0a/a3840a6d-44e8-0afe-fc3e-316c517dddfe/5099749521421.jpg/400x400bb.jpg
itunes_664831661,American Beauty,Grateful Dead,1970,1970s,Rock,https://is1-ssl.mzstatic.com/image/thumb/Music125/v4/f5/27/20/f5272061-2466-6375-c2d1-f20d14be569f/603497920952.jpg/400x400bb.jpg
itunes_320083830,"Greatest Hits, Vol. 1",James Taylor,1976,1970s,Folk,https://is1-ssl.mzstatic.com/image/thumb/Music125/v4/98/74/40/98744095-a46e-eccd-ab81-ec9789d884d4/mzi.modzlreh.jpg/400x400bb.jpg
itunes_908303090,"Crosby, Stills & Nash","Crosby, Stills & Nash",1969,1960s,Rock,https://is1-ssl.mzstatic.com/image/thumb/Music125/v4/a0/ad/8a/a0ad8a5f-6805-b41a-c076-ee1f779d2a42/603497928323.jpg/400x400bb.jpg
itunes_158320766,Blood On the Tracks,Bob Dylan,1975,1970s,Folk,https://is1-ssl.mzstatic.com/image/thumb/Music125/v4/34/6e/4d/346e4d1c-c9ef-cf7f-96d9-aad97286febb/074643323529.jpg/400x400bb.jpg
itunes_1440833098,1,The Beatles,2000,2000s,Rock,https://is1-ssl.mzstatic.com/image/thumb/Music116/v4/f2/98/fb/f298fb48-1e0e-6ad4-4cff-fb824b77f02e/15UMGIM59587.rgb.jpg/400x400bb.jpg
itunes_712727450,Moondance,Van Morrison,1970,1970s,Rock,https://is1-ssl.mzstatic.com/image/thumb/Music125/v4/9a/c7/e2/9ac7e266-1f0d-997a-fe43-6741bc96eda6/081227963637.jpg/400x400bb.jpg
itunes_1453878233,John Denver's Greatest Hits,John Denver,1973,1970s,Country,https://is1-ssl.mzstatic.com/image/thumb/Music124/v4/8e/84/65/8e84659d-617e-6816-1680-6c0fbda48d9d/886447563786.jpg/400x400bb.jpg
itunes_201281514,Highway 61 Revisited,Bob Dylan,1965,1960s,Rock,https://is1-ssl.mzstatic.com/image/thumb/Music115/v4/f8/ff/c0/f8ffc056-55b4-2033-657d-32492d1eea25/827969239926.jpg/400x400bb.jpg
itunes_1440952818,Green River,Creedence Clearwater Revival,1969,1960s,Rock,https://is1-ssl.mzstatic.com/image/thumb/Music115/v4/88/16/20/881620df-9161-61e8-2295-99c6740871b8/00888072355972.rgb.jpg/400x400bb.jpg
itunes_1441165005,Beatles For Sale,The Beatles,1964,1960s,Rock,https://is1-ssl.mzstatic.com/image/thumb/Music124/v4/79/2c/10/792c1019-387f-e819-ac8f-bc989f20a970/00602567725190.rgb.jpg/400x400bb.jpg
itunes_663696329,Workingman's Dead,Grateful Dead,1970,1970s,Rock,https://is1-ssl.mzstatic.com/image/thumb/Music124/v4/79/cc/eb/79ccebad-c071-ad53-2aa7-aeef95f8f4bf/603497920983.jpg/400x400bb.jpg
itunes_1440950503,Willy and the Poor Boys,Creedence Clearwater Revival,1969,1960s,Rock,https://is1-ssl.mzstatic.com/image/thumb/Music221/v4/29/1b/da/291bda3c-1743-c65c-41a6-f22a88936136/14CMGIM00939.rgb.jpg/400x400bb.jpg
itunes_178049863,Blonde On Blonde,Bob Dylan,1966,1960s,Rock,https://is1-ssl.mzstatic.com/image/thumb/Music125/v4/20/9d/bf/209dbf58-f698-7181-33de-0c29480beba0/074640084126.jpg/400x400bb.jpg
itunes_1463651590,The Best of Simon & Garfunkel,Simon & Garfunkel,1999,1990s,Folk,https://is1-ssl.mzstatic.com/image/thumb/Music114/v4/03/30/2f/03302f7a-3bba-084a-3ed9-c9ac018fadfd/886447698341.jpg/400x400bb.jpg
itunes_192688369,Bob Dylan's Greatest Hits,Bob Dylan,1967,1960s,Rock,https://is1-ssl.mzstatic.com/image/thumb/Features124/v4/dc/e7/e3/dce7e385-5b40-bcda-4d09-ae4faab692ed/dj.fvugskmg.jpg/400x400bb.jpg
itunes_295535258,The Definitive Rod Stewart,Rod Stewart,2008,2000s,Rock,https://is1-ssl.mzstatic.com/image/thumb/Music114/v4/ea/89/8d/ea898dc7-79a3-f8c7-fdcd-8fed21bf9973/mzi.fyjtoqdz.jpg/400x400bb.jpg
itunes_1441133181,"Past Masters, Vols. 1 & 2",The Beatles,1988,1980s,Rock,https://is1-ssl.mzstatic.com/image/thumb/Music114/v4/01/69/02/01690216-48fc-1c54-b1de-48170d16b1c3/00602567725268.rgb.jpg/400x400bb.jpg
itunes_1565224350,"I'm Wide Awake, It's Morning",Bright Eyes,2005,2000s,Alternative,https://is1-ssl.mzstatic.com/image/thumb/Music125/v4/0d/83/fd/0d83fd2e-1cb5-7965-b392-f91f80188290/508.jpg/400x400bb.jpg
itunes_177964575,Bringing It All Back Home,Bob Dylan,1965,1960s,Folk,https://is1-ssl.mzstatic.com/image/thumb/Music125/v4/61/ad/46/61ad469e-1e2d-da3c-6847-b939c07924f9/074640912825.jpg/400x400bb.jpg
itunes_1441132965,The Beatles 1962-1966 (The Red Album),The Beatles,1973,1970s,Rock,https://is1-ssl.mzstatic.com/image/thumb/Music122/v4/2a/4a/e6/2a4ae63d-ada7-fa57-6f16-02eebcf72f95/18UMGIM29770.rgb.jpg/400x400bb.jpg
itunes_338038410,Tigerlily,Natalie Merchant,1995,1990s,Rock,https://is1-ssl.mzstatic.com/image/thumb/Music115/v4/a6/5a/9c/a65a9cd5-e57f-9f13-7bb0-0a51896f4d6e/mzi.jbgklozb.jpg/400x400bb.jpg
itunes_1480026454,Sweet Baby James (Remastered),James Taylor,1970,1970s,Folk,https://is1-ssl.mzstatic.com/image/thumb/Music124/v4/ed/c3/5a/edc35aac-57d0-44aa-4969-8bb4c13aed52/603497849154.jpg/400x400bb.jpg
itunes_192677178,The Essential Leonard Cohen,Leonard Cohen,2002,2000s,Folk,https://is1-ssl.mzstatic.com/image/thumb/Music125/v4/b6/d8/5d/b6d85d2e-537e-5a8f-793f-78763de08dab/mzi.ppysthnn.jpg/400x400bb.jpg
itunes_1058077856,The Essential Kenny Loggins,Kenny Loggins,2002,2000s,Pop,https://is1-ssl.mzstatic.com/image/thumb/Music124/v4/cf/ea/1e/cfea1eda-337a-098b-060d-7d55bad1ff57/mzm.wnowqorp.jpg/400x400bb.jpg
itunes_5644896,Our Endless Numbered Days,Iron & Wine,2004,2000s,Alternative,https://is1-ssl.mzstatic.com/image/thumb/Music124/v4/8c/89/fb/8c89fbb6-8822-1490-0e70-a90e5ddc97e2/s05.jgqayucj.jpg/400x400bb.jpg
itunes_705585893,The Last Waltz (Deluxe Version),The Band,1978,1970s,Rock,https://is1-ssl.mzstatic.com/image/thumb/Music71/v4/4f/1e/43/4f1e4389-8ae4-264d-8b95-1c7f1c8f4032/603497908400.jpg/400x400bb.jpg
itunes_1415197628,Mama's Big Ones,Cass Elliot,1971,1970s,Pop,https://is1-ssl.mzstatic.com/image/thumb/Music114/v4/d0/f1/38/d0f138d4-d1c7-3bef-2230-d7ffdaff842d/00602567823995.rgb.jpg/400x400bb.jpg
itunes_258602681,Greatest Hits,The Guess Who,1999,1990s,Rock,https://is1-ssl.mzstatic.com/image/thumb/Music221/v4/d3/44/c3/d344c3ab-14ee-5421-a221-45210a741256/078636777429.jpg/400x400bb.jpg
itunes_6811140317,Por tú Sangre Soy Libre,"Avivamiento Espiritual, Canciones de Vida & Roberto Orellana",2026,2020s,Latin,https://is1-ssl.mzstatic.com/image/thumb/Music221/v4/34/41/e6/3441e61b-594c-a1d6-41e6-e3e2837202f8/122470.jpg/400x400bb.jpg
itunes_1015769589,Everybody Knows This Is Nowhere,Neil Young & Crazy Horse,1969,1960s,Rock,https://is1-ssl.mzstatic.com/image/thumb/Music125/v4/86/05/0d/86050dc2-b99f-9e0e-1af5-549d279b7638/093624924739.jpg/400x400bb.jpg
itunes_192480256,Sounds of Silence,Simon & Garfunkel,1966,1960s,Folk,https://is1-ssl.mzstatic.com/image/thumb/Music115/v4/f9/8c/fa/f98cfa9e-282b-8a4f-33bd-ff3de9269963/074640926921.jpg/400x400bb.jpg
itunes_177980677,Nashville Skyline,Bob Dylan,1969,1960s,Rock,https://is1-ssl.mzstatic.com/image/thumb/Features124/v4/3f/1a/ad/3f1aad23-1f92-4d66-0ca7-d835c3f79b6b/dj.mtxlnrdd.jpg/400x400bb.jpg
itunes_895611637,It's About Us,Alex & Sierra,2014,2010s,Pop,https://is1-ssl.mzstatic.com/image/thumb/Music115/v4/0b/d2/a8/0bd2a89c-0a75-bd3d-057a-12e7ab2fbbeb/886444667234.jpg/400x400bb.jpg
itunes_203303421,Bookends,Simon & Garfunkel,1968,1960s,Folk,https://is1-ssl.mzstatic.com/image/thumb/Music113/v4/1c/3c/09/1c3c0934-8ae5-fc87-2647-e104057d41f4/074640952920.jpg/400x400bb.jpg
itunes_322842571,So Far,"Crosby, Stills, Nash & Young",1974,1970s,Rock,https://is1-ssl.mzstatic.com/image/thumb/Music125/v4/cb/04/75/cb047551-f53d-bcde-a22a-4659ba29f40c/mzi.nppsutdt.jpg/400x400bb.jpg
itunes_202585944,"Greatest Hits, Vol. 2",James Taylor,2000,2000s,Pop,https://is1-ssl.mzstatic.com/image/thumb/Music/0f/07/5a/mzi.hlzgbgti.jpg/400x400bb.jpg
itunes_1467438660,"Parsley, Sage, Rosemary and Thyme",Simon & Garfunkel,1966,1960s,Pop,https://is1-ssl.mzstatic.com/image/thumb/Music113/v4/06/f4/d2/06f4d208-642e-75c0-d905-1ac98e7d441c/886447797075.jpg/400x400bb.jpg
itunes_724509147,Amos Lee,Amos Lee,2005,2000s,Folk,https://is1-ssl.mzstatic.com/image/thumb/Music128/v4/b8/fb/19/b8fb1989-95bf-a2e4-908f-ab31a8496c99/00724359735054.rgb.jpg/400x400bb.jpg
itunes_1028814908,Greatest Hits (2015) [Remastered],Linda Ronstadt,2015,2010s,Rock,https://is1-ssl.mzstatic.com/image/thumb/Music124/v4/cc/ca/be/cccabea8-4628-6038-7e85-7c7abb0d614b/603497885176.jpg/400x400bb.jpg
itunes_1608199109,Indie Folk,Various Artists,2022,2020s,Pop,https://is1-ssl.mzstatic.com/image/thumb/Music116/v4/25/4f/e5/254fe5c9-b494-5500-cfe1-72ea751086ba/5059460121928.jpg/400x400bb.jpg
itunes_1538082320,Indie Folk,5 Alarm,2017,2010s,Folk,https://is1-ssl.mzstatic.com/image/thumb/Music114/v4/86/c8/fa/86c8fa49-24c5-bcd0-7dbc-a7e18fdc20a3/024543108504_cover.jpg/400x400bb.jpg
itunes_1162029925,Indie Folk,Charlie Taylor & Jake Jarvis,2011,2010s,Folk,https://is1-ssl.mzstatic.com/image/thumb/Music221/v4/12/43/15/124315bb-96a5-9199-6725-7e90ea1e326e/5060189082681.png/400x400bb.jpg
itunes_1611029879,Indie Folk,Bigger Story Music,2022,2020s,Indie,https://is1-ssl.mzstatic.com/image/thumb/Music116/v4/f5/7d/db/f57ddbc2-c09c-9d3c-a30d-b45f3167bedd/735816510947_cover.jpg/400x400bb.jpg
itunes_1271455090,Indie Folk,Amphibious Zoo Music,2017,2010s,Alternative,https://is1-ssl.mzstatic.com/image/thumb/Music116/v4/95/2b/17/952b171b-5be6-b070-686c-17bc098c1b68/018736197826_cover.jpg/400x400bb.jpg
itunes_1509392463,Indie Folk,Tele Music,2016,2010s,Folk,https://is1-ssl.mzstatic.com/image/thumb/Music123/v4/ed/2d/22/ed2d22e3-abde-4e01-41aa-a3c37c78ebfa/018736995118_cover.jpg/400x400bb.jpg
itunes_1324178764,Indie Folk,Podington Bear,2017,2010s,Indie,https://is1-ssl.mzstatic.com/image/thumb/Music118/v4/19/6e/53/196e53aa-b76e-fa97-dd70-0ed5b5ff25ac/634457489349.jpg/400x400bb.jpg
itunes_1667084257,Indie Folk,11 One/Music,2023,2020s,Folk,https://is1-ssl.mzstatic.com/image/thumb/Music113/v4/96/4d/70/964d70ba-380b-7a83-1564-3b3a132da644/1963621140601_cover.jpg/400x400bb.jpg
itunes_1746069339,Indie Folk,Bamwaves,2024,2020s,Folk,https://is1-ssl.mzstatic.com/image/thumb/Music211/v4/37/85/52/37855221-1e44-5a96-a742-c01d88e25e67/S_A8720357898533.jpg/400x400bb.jpg
itunes_1450990861,Indie Folk,Music Beyond,2018,2010s,Folk,https://is1-ssl.mzstatic.com/image/thumb/Music124/v4/f9/03/cb/f903cbaa-6f40-7610-aaeb-40acbdb31a9f/018736072000_cover.jpg/400x400bb.jpg
itunes_1789899830,Indie Folk (Vol.2),Instrumental Mile,2025,2020s,Folk,https://is1-ssl.mzstatic.com/image/thumb/Music211/v4/f1/5c/55/f15c5549-cfbe-bdc4-12fa-672d1198926f/artwork.jpg/400x400bb.jpg
itunes_1755503752,Indie Folk,JW Media Music,2011,2010s,Folk,https://is1-ssl.mzstatic.com/image/thumb/Music211/v4/6d/86/0c/6d860c62-e868-a926-a93f-cb30df6abd04/018736318498_cover.jpg/400x400bb.jpg
itunes_1755547200,Indie Folk - EP,Dan Foster,2024,2020s,Folk,https://is1-ssl.mzstatic.com/image/thumb/Music211/v4/f3/fe/b9/f3feb957-b7b9-c70e-b406-1d96b05b7f62/cover_4260179146169.jpg/400x400bb.jpg
itunes_1733387590,"Instrumental Indie-Folk, Vol. 3 (Alexrainbirdmusic)",Various Artists,2024,2020s,Folk,https://is1-ssl.mzstatic.com/image/thumb/Music122/v4/79/16/bf/7916bfe0-c8c3-e33c-d132-b346afe05099/0.jpg/400x400bb.jpg
itunes_1440918116,Golden Hour,Kacey Musgraves,2018,2010s,Country,https://is1-ssl.mzstatic.com/image/thumb/Music125/v4/61/45/e8/6145e88a-6a79-fab1-ad8f-5ffdcbf44a28/18UMGIM03879.rgb.jpg/400x400bb.jpg
itunes_1765159588,Indie Folk,Banele Emmanuel Mtwa,2024,2020s,Folk,https://is1-ssl.mzstatic.com/image/thumb/Music221/v4/8c/5f/20/8c5f2024-fa9d-c9de-a98d-220b91271e61/198846135656.jpg/400x400bb.jpg
itunes_1781363047,Indie Folk,Austin Filingo,2018,2010s,Folk,https://is1-ssl.mzstatic.com/image/thumb/Music211/v4/58/c1/da/58c1da3c-6732-cdea-4631-b0ea8008bb17/5021732245779.jpg/400x400bb.jpg
itunes_1786845961,Indie Folk (Vol.1),Instrumental Mile,2024,2020s,Folk,https://is1-ssl.mzstatic.com/image/thumb/Music211/v4/48/c9/38/48c938a6-d073-65d2-0f5d-da164cd84324/artwork.jpg/400x400bb.jpg
itunes_1808760305,Indie Folk (Vol.3),Instrumental Mile,2025,2020s,Folk,https://is1-ssl.mzstatic.com/image/thumb/Music211/v4/a1/f1/3a/a1f13a82-a0d8-48c5-1969-af6f22ea0a2f/artwork.jpg/400x400bb.jpg
itunes_1825905434,Indie Folk - EP,Olivier Bibeau,2025,2020s,Folk,https://is1-ssl.mzstatic.com/image/thumb/Music221/v4/80/1d/cc/801dcc90-9ea4-8346-3293-e5ef32178758/cover.jpg/400x400bb.jpg
itunes_6793433463,INDIE FOLK,TheRealSal,2026,2020s,Folk,https://is1-ssl.mzstatic.com/image/thumb/Music211/v4/e9/e4/75/e9e475b6-f5da-e49b-2a51-b30bf64cd8c5/artwork.jpg/400x400bb.jpg
itunes_6799512580,Indie / Folk - EP,aHeroDJ,2026,2020s,Folk,https://is1-ssl.mzstatic.com/image/thumb/Music211/v4/79/fd/b7/79fdb7c0-402b-ad9c-fa63-9fa90a8f08c1/artwork.jpg/400x400bb.jpg
itunes_1715365923,Christian Indie Folk,Various Artists,2023,2020s,Gospel,https://is1-ssl.mzstatic.com/image/thumb/Music126/v4/d6/5c/4e/d65c4e53-0ed5-8e1a-a779-98a96d2ff405/0.jpg/400x400bb.jpg
itunes_900672435,Hozier (Expanded Edition),Hozier,2014,2010s,Alternative,https://is1-ssl.mzstatic.com/image/thumb/Music115/v4/5e/1b/f1/5e1bf1de-e5f1-e73e-0752-e7882b4f2d57/886444718820.jpg/400x400bb.jpg
itunes_1524793738,folklore,Taylor Swift,2020,2020s,Alternative,https://is1-ssl.mzstatic.com/image/thumb/Music125/v4/7c/04/ba/7c04ba17-2ff8-21b3-0ac0-7d141f86e924/20UMGIM64216.rgb.jpg/400x400bb.jpg
itunes_1079234232,Coming Home (Deluxe),Leon Bridges,2015,2010s,R&B,https://is1-ssl.mzstatic.com/image/thumb/Music114/v4/27/37/70/273770eb-92ac-1d00-87e6-e0f5ec0e97ab/886445452204.jpg/400x400bb.jpg
itunes_424129652,Classical Symphony,Various Artists,2011,2010s,Classical,https://is1-ssl.mzstatic.com/image/thumb/Music/54/59/c6/mzi.qtokvsub.tif/400x400bb.jpg
itunes_288461963,Beethoven: The Complete Symphony Collection,London Symphony Orchestra & Josef Krips,1960,1960s,Classical,https://is1-ssl.mzstatic.com/image/thumb/Music124/v4/3c/3a/21/3c3a21ad-fcc6-4025-9da3-9974fee79f44/mzi.mijkpksx.jpg/400x400bb.jpg
itunes_459069525,Prokofiev: Classical Symphony (No. 1) in D major - Symphony No. 5 in B-flat major,Leonard Bernstein & New York Philharmonic,2011,2010s,Classical,https://is1-ssl.mzstatic.com/image/thumb/Features114/v4/a7/cc/e1/a7cce18d-b729-6a22-2259-81f12fa95163/contsched.xwchtqen.jpg/400x400bb.jpg
itunes_1717154726,Classical Symphony - EP,Mellorine Maestro,2023,2020s,Classical,https://is1-ssl.mzstatic.com/image/thumb/Music126/v4/3e/87/25/3e8725a3-cbb7-b89e-0ee7-17e3e338269f/196023571754.jpg/400x400bb.jpg
itunes_1452341842,Prokofiev: Piano Concertos Nos. 1-5; Classical Symphony; Autumnal; Overture on Hebrew Themes,"Vladimir Ashkenazy, London Symphony Orchestra & André Previn",2017,2010s,Classical,https://is1-ssl.mzstatic.com/image/thumb/Music114/v4/6d/75/bf/6d75bfb0-e510-82a0-89ec-ac6986c5fbff/00028948325993.rgb.jpg/400x400bb.jpg
itunes_1573886602,"Prokofiev: Symphony No. 1, Op. 25 ""Classical Symphony""; Britten: Simple Symphony, Op. 4; Bizet: Symphony in C Major; Elgar: Salut d'amour, Op. 12",Orpheus Chamber Orchestra,2021,2020s,Classical,https://is1-ssl.mzstatic.com/image/thumb/Music115/v4/ed/bb/c7/edbbc792-eb83-92b3-3322-5f6def434230/21UMGIM36019.rgb.jpg/400x400bb.jpg
itunes_1452220951,"Prokofiev: Peter and the Wolf, Classical Symphony, Op. 25, March, Op. 99 & Overture, Op. 34","Sting, Chamber Orchestra of Europe & Claudio Abbado",1990,1990s,Classical,https://is1-ssl.mzstatic.com/image/thumb/Music124/v4/a5/71/e8/a571e835-54d1-8381-8d4d-a0a8929e54c1/00028942939622.rgb.jpg/400x400bb.jpg
itunes_1452362718,"Prokofiev: Piano Concerto No. 3, Classical Symphony, Autumnal",Vladimir Ashkenazy & London Symphony Orchestra,1975,1970s,Classical,https://is1-ssl.mzstatic.com/image/thumb/Music114/v4/90/fa/bc/90fabcd2-a699-4ff6-f316-b5ac6bb97c31/00028948325979.rgb.jpg/400x400bb.jpg
itunes_1440743071,Beethoven: Symphony No. 9,Berlin Philharmonic & Herbert von Karajan,1984,1980s,Classical,https://is1-ssl.mzstatic.com/image/thumb/Music128/v4/ce/c6/9e/cec69efe-daa4-b308-905d-ec43844202e4/00028943900621.rgb.jpg/400x400bb.jpg
itunes_1800517882,Prokofiev: Classical Symphony & Lieutenant Kijé & The Love for Three Oranges,"Eugene Ormandy, Sergei Prokofiev & The Philadelphia Orchestra",2025,2020s,Classical,https://is1-ssl.mzstatic.com/image/thumb/Music221/v4/63/1f/31/631f3115-6658-a571-d5bf-726ff5a5c6ee/196872463699.jpg/400x400bb.jpg
itunes_1440758789,"Dvořák: Symphony No. 9 ""From the New World"" - Smetana: The Moldau",Vienna Philharmonic & Herbert von Karajan,1985,1980s,Classical,https://is1-ssl.mzstatic.com/image/thumb/Music116/v4/13/05/ff/1305ff05-755a-7139-3017-52b260b7b6dc/06UMGIM49333.rgb.jpg/400x400bb.jpg
itunes_309569382,"Dvořák: ""New World"" Symphony - Prokofiev: ""Classical"" Symphony",Alexander Titov & Orchestra New Philharmony St. Petersburg,1994,1990s,Classical,https://is1-ssl.mzstatic.com/image/thumb/Music/49/c8/3a/mzi.yqomuvfj.jpg/400x400bb.jpg
itunes_349442304,"Beethoven: Classical Symphony No. 5, Concerto No. 4, Musically Speaking",Gerard Schwarz & London Symphony Orchestra,2010,2010s,Classical,https://is1-ssl.mzstatic.com/image/thumb/Music/6c/b5/4b/mzi.ryedtwwi.jpg/400x400bb.jpg
itunes_1440608486,"Mendelssohn: Symphony No. 4 in A Major, Op. 90 ""Italian"" & Prokoviev: ""Classical"" Symphony No. 1 in D Major, Op. 25",André Previn & London Symphony Orchestra,1971,1970s,Classical,https://is1-ssl.mzstatic.com/image/thumb/Music118/v4/58/44/5f/58445fc6-81de-9249-67da-a5409315594a/886447389423.jpg/400x400bb.jpg
itunes_968865092,"Beethoven: Symphony No. 6, Op. 68 ""Pastoral"" - Schubert: Symphony No. 5, D. 485",Vienna Philharmonic & Karl Böhm,1995,1990s,Classical,https://is1-ssl.mzstatic.com/image/thumb/Music126/v4/88/dc/2c/88dc2cdd-8e0c-2503-e5b6-ee7d9da82d76/15UMGIM06356.rgb.jpg/400x400bb.jpg
itunes_1615275628,Classical Symphony (2022),Various Artist,2022,2020s,Classical,https://is1-ssl.mzstatic.com/image/thumb/Music122/v4/52/c5/9f/52c59fe8-945d-e3a5-ddd2-97e0f4bdddba/cover_10219947.jpg/400x400bb.jpg
itunes_1375814280,Star Wars: A New Hope (Original Motion Picture Score),John Williams & London Symphony Orchestra,1977,1970s,Soundtracks,https://is1-ssl.mzstatic.com/image/thumb/Music116/v4/29/1c/17/291c1798-5d54-9b64-4b89-a19805cec0f8/18UMGIM22119.rgb.jpg/400x400bb.jpg
itunes_494863852,Mozart,Various Artists,2012,2010s,Classical,https://is1-ssl.mzstatic.com/image/thumb/Music116/v4/e3/70/9a/e3709a08-345f-f1d3-71d6-24286d24c7cf/7340070442397.jpg/400x400bb.jpg
itunes_445272543,40 Most Beautiful Violin Classics,Various Artists,2011,2010s,Classical,https://is1-ssl.mzstatic.com/image/thumb/Features114/v4/fe/56/25/fe5625bc-1928-3409-e831-31bfef5cbee3/dj.shbmtrfl.jpg/400x400bb.jpg
itunes_769180950,Tchaikovsky: Swan Lake,London Symphony Orchestra & André Previn,1976,1970s,Classical,https://is1-ssl.mzstatic.com/image/thumb/Music115/v4/0e/d3/89/0ed389c1-9aa3-0090-b30f-0962418e01c6/dj.sraipzdt.jpg/400x400bb.jpg
itunes_1440773535,Braveheart (Soundtrack from the Motion Picture),James Horner,1995,1990s,Soundtracks,https://is1-ssl.mzstatic.com/image/thumb/Music112/v4/d2/72/2d/d2722d51-d897-bd3a-26a5-be635c1424c9/06UMGIM58979.rgb.jpg/400x400bb.jpg
itunes_1586660668,Chinese Classical (Traditional and Contemporary Sounds of Chinese Instrumental Music),Classical Symphony Orchestra,2021,2020s,Classical,https://is1-ssl.mzstatic.com/image/thumb/Music125/v4/75/57/b8/7557b8b5-e566-ab32-fc2a-33245d82bdf3/cover_2634910.jpg/400x400bb.jpg
itunes_1089909560,Relaxing Piano Lullabies for Sleeping Babies,Brian Crain,2015,2010s,Classical,https://is1-ssl.mzstatic.com/image/thumb/Music125/v4/d1/12/fd/d112fd2e-00df-d7e3-b0ba-28fcc6b7b80f/artwork.jpg/400x400bb.jpg
itunes_1387028718,"Holst: The Planets, Op. 32",London Symphony Orchestra & Sir Colin Davis,2003,2000s,Classical,https://is1-ssl.mzstatic.com/image/thumb/Music114/v4/e2/82/f4/e282f4b6-d582-59d8-0809-5dc57ca4519c/0822231102960.png/400x400bb.jpg
itunes_1533983552,Interstellar (Original Motion Picture Soundtrack) [Expanded Edition],Hans Zimmer,2014,2010s,Soundtracks,https://is1-ssl.mzstatic.com/image/thumb/Music125/v4/f4/5b/73/f45b735a-8d7a-9713-b217-0f8e1593c28b/794043201943.jpg/400x400bb.jpg
itunes_89286124,Harry Potter and the Sorcerer's Stone (Original Motion Picture Soundtrack),John Williams,2001,2000s,Soundtracks,https://is1-ssl.mzstatic.com/image/thumb/Music114/v4/02/0c/90/020c90c5-abe9-e441-e3b6-110c51d9d0f3/mzi.odxaqexu.jpg/400x400bb.jpg
itunes_1544579825,Bridgerton (Covers from the Netflix Original Series) - EP,"Vitamin String Quartet, Kris Bowers & Duomo",2020,2020s,Soundtracks,https://is1-ssl.mzstatic.com/image/thumb/Music125/v4/78/ee/32/78ee3255-38c7-2b60-69dd-805eea718c10/780163583823.jpg/400x400bb.jpg
itunes_1387816964,Handel: Messiah,London Symphony Orchestra & Sir Colin Davis,2007,2000s,Classical,https://is1-ssl.mzstatic.com/image/thumb/Music125/v4/c9/39/b2/c939b2da-1470-f9a2-e35f-e5cd2d3da1a4/0822231110750.png/400x400bb.jpg
itunes_1644892939,Beethoven: Symphonies Nos. 5 & 7,Vienna Philharmonic & Carlos Kleiber,1995,1990s,Classical,https://is1-ssl.mzstatic.com/image/thumb/Music122/v4/b7/b0/a5/b7b0a5d5-e487-4dcb-f0b5-04d16c78f693/22UMGIM89320.rgb.jpg/400x400bb.jpg
itunes_1550697816,Promises (feat. London Symphony Orchestra),"Floating Points, Pharoah Sanders, London Symphony Orchestra & Sam Shepherd",2021,2020s,Electronic,https://is1-ssl.mzstatic.com/image/thumb/Music126/v4/af/dc/6b/afdc6b88-b275-de4e-3098-63dff171dffb/680899009720.jpg/400x400bb.jpg
itunes_159368810,Essential Yo-Yo Ma,Yo-Yo Ma,2004,2000s,Classical,https://is1-ssl.mzstatic.com/image/thumb/Music115/v4/a3/80/08/a380082e-5b5b-84aa-5088-5dc1dc99cec1/dj.zyfatyiu.jpg/400x400bb.jpg
itunes_693711974,Vivaldi: The Four Seasons,"Itzhak Perlman, London Philharmonic Orchestra & Israel Philharmonic Orchestra",1990,1990s,Classical,https://is1-ssl.mzstatic.com/image/thumb/Music125/v4/13/5c/00/135c005f-1913-2471-6930-389de64e0bde/dj.hmhugpix.jpg/400x400bb.jpg
itunes_419010326,Good Night's Sleep: Classical Music to Soothe the Soul,London Philharmonic Orchestra,2011,2010s,Classical,https://is1-ssl.mzstatic.com/image/thumb/Music/36/65/8d/mzi.fmxydaox.tif/400x400bb.jpg
itunes_1875798593,Stravinsky: The Soldier's Tale - Prokofiev: Classical Symphony - Shostakovich: Piano Concerto No. 1,"Gerard Schwarz, Carol Rosenberger & Los Angeles Chamber Orchestra",1984,1980s,Classical,https://is1-ssl.mzstatic.com/image/thumb/Music211/v4/e3/58/db/e358dbcc-1224-0ba6-7106-9209f5154757/013491302126.png/400x400bb.jpg
itunes_381515547,"Bach: Cello Suites Nos. 1-6, BWV 1007-1012 (2009 Remaster)",Yo-Yo Ma,1983,1980s,Classical,https://is1-ssl.mzstatic.com/image/thumb/Music116/v4/0c/f5/ed/0cf5ed24-02ba-03f4-8c83-ff41dcba5be3/884977621860.jpg/400x400bb.jpg
itunes_720861443,Wrapped In Red,Kelly Clarkson,2013,2010s,Classical,https://is1-ssl.mzstatic.com/image/thumb/Music/v4/ee/40/2d/ee402d50-4a55-bcbe-b71c-6690784d4d37/886444201209.jpg/400x400bb.jpg
itunes_159205943,Classics for the Heart,Steve Anderson,1999,1990s,Classical,https://is1-ssl.mzstatic.com/image/thumb/Music126/v4/b7/20/30/b7203065-5a8b-c669-a0d1-31466d8c291f/724384696122.jpg/400x400bb.jpg
itunes_1452193065,Smetana: Die Moldau - Dvořák: Slavonic Dances,"Boston Symphony Orchestra, Rafael Kubelik & Bavarian Radio Symphony Orchestra",1987,1980s,Classical,https://is1-ssl.mzstatic.com/image/thumb/Music114/v4/57/36/e1/5736e10f-a2e5-a7cd-ad06-5c5277c427dc/00028942376922.rgb.jpg/400x400bb.jpg
itunes_1697599270,Oppenheimer (Original Motion Picture Soundtrack),Ludwig Göransson,2023,2020s,Soundtracks,https://is1-ssl.mzstatic.com/image/thumb/Music116/v4/27/fa/ca/27faca2e-7f7a-cf17-ae3e-647294d52713/697.jpg/400x400bb.jpg
itunes_427712758,Lamb of God,"Rob Gardner, London Symphony Orchestra & Spire Chorus",2011,2010s,Gospel,https://is1-ssl.mzstatic.com/image/thumb/Music/77/86/23/mzi.cdcdlcak.jpg/400x400bb.jpg
itunes_1452508141,Beethoven at Bedtime: A Gentle Prelude to Sleep,Various Artists,1995,1990s,Classical,https://is1-ssl.mzstatic.com/image/thumb/Music124/v4/12/bc/1b/12bc1b48-c6e4-1523-f2f8-84e8dcea51ff/00028944648522.rgb.jpg/400x400bb.jpg
itunes_158599719,Legends of the Fall (Original Motion Picture Soundtrack),James Horner & London Symphony Orchestra,1995,1990s,Soundtracks,https://is1-ssl.mzstatic.com/image/thumb/Music124/v4/10/9f/22/109f2277-09a0-fc55-3d60-1b3ca205d83a/mzi.slmfckvm.jpg/400x400bb.jpg
itunes_50235853,Superman: The Movie (Soundtrack from the Motion Picture) [Deluxe],John Williams & London Symphony Orchestra,1978,1970s,Soundtracks,https://is1-ssl.mzstatic.com/image/thumb/Music/y2005/m03/d14/h21/s06.dvzlmtvq.jpg/400x400bb.jpg
itunes_1049526462,Home Alone (Original Motion Picture Soundtrack) [Anniversary Edition],John Williams,1990,1990s,Soundtracks,https://is1-ssl.mzstatic.com/image/thumb/Music221/v4/9c/01/3b/9c013b6d-a316-3119-a94a-c2ef2fbfbefa/886445465518.jpg/400x400bb.jpg
itunes_1583651332,Dune (Original Motion Picture Soundtrack),Hans Zimmer,2021,2020s,Soundtracks,https://is1-ssl.mzstatic.com/image/thumb/Music115/v4/6a/c4/e6/6ac4e60d-5e29-da16-d312-d4cb486e68f3/794043205743.jpg/400x400bb.jpg
itunes_695462669,Prokofiev: Cinderella - 'Classical' Symphony,André Previn,1995,1990s,Classical,https://is1-ssl.mzstatic.com/image/thumb/Features6/v4/eb/43/f5/eb43f56c-8418-2ec9-c16e-19b10dd97b8a/dj.otfrbbiw.jpg/400x400bb.jpg
itunes_83365439,The Very Best of Tchaikovsky,National Symphony Orchestra of Ukraine,2005,2000s,Classical,https://is1-ssl.mzstatic.com/image/thumb/Features114/v4/ef/df/b7/efdfb713-2935-0dfc-05e0-bbbe3a2daf8d/dj.aomjdzqh.jpg/400x400bb.jpg
itunes_1440565818,Mozart at Midnight: A Soothing Little Night Music,Various Artists,1994,1990s,Classical,https://is1-ssl.mzstatic.com/image/thumb/Music221/v4/af/d8/64/afd864f2-33ec-1c78-924b-db6eafd0fee1/06UMGIM30239.rgb.jpg/400x400bb.jpg
itunes_1615473504,Bridgerton Season Two (Covers from the Netflix Series),Various Artists,2022,2020s,Soundtracks,https://is1-ssl.mzstatic.com/image/thumb/Music112/v4/93/e0/d0/93e0d054-ea96-925e-12f5-5f29732961a7/22UMGIM26019.rgb.jpg/400x400bb.jpg
itunes_1452145547,Verdi: La Traviata,"Dame Joan Sutherland, Luciano Pavarotti, Matteo Manuguerra, National Philharmonic Orchestra & Richard Bonynge",1981,1980s,Classical,https://is1-ssl.mzstatic.com/image/thumb/Music114/v4/b0/be/a2/b0bea2ca-f771-d6c8-cfd4-0a06e042466a/00028943049122.rgb.jpg/400x400bb.jpg
itunes_165845849,Classic Christmas,London Symphony Orchestra,2001,2000s,Classical,https://is1-ssl.mzstatic.com/image/thumb/Music/8f/a1/5d/mzi.vijwskoj.jpg/400x400bb.jpg
itunes_79992843,Corpse Bride (Original Motion Picture Soundtrack),Danny Elfman,2005,2000s,Soundtracks,https://is1-ssl.mzstatic.com/image/thumb/Music124/v4/04/38/f8/0438f8f8-9e7c-cad7-09ec-a62a11284512/mzi.wufbfvkh.jpg/400x400bb.jpg
itunes_310921801,David Bowie Narrates Prokofiev's Peter and the Wolf,"David Bowie, The Philadelphia Orchestra & Eugene Ormandy",1978,1970s,Classical,https://is1-ssl.mzstatic.com/image/thumb/Music125/v4/c9/7e/94/c97e9425-dd7f-1994-4e3b-dbfcadcc8873/mzi.rozdwzeg.jpg/400x400bb.jpg
itunes_1440743651,"Beethoven: Piano Sonatas (Moonlight, Pathétique & Appassionata)",Daniel Barenboim,1987,1980s,Classical,https://is1-ssl.mzstatic.com/image/thumb/Music116/v4/7a/ef/a4/7aefa4f7-a55a-b813-cbfc-e4b45ddc59de/06UMGIM56343.rgb.jpg/400x400bb.jpg
itunes_309746774,Mozart: The Complete Piano Sonatas,Carmen Piazzini,2009,2000s,Classical,https://is1-ssl.mzstatic.com/image/thumb/Music/03/49/1a/mzi.oeekqoef.jpg/400x400bb.jpg
itunes_1440750890,Beethoven: Complete Piano Sonatas & Concertos,Alfred Brendel,2010,2010s,Classical,https://is1-ssl.mzstatic.com/image/thumb/Music116/v4/04/12/9f/04129f83-81ff-d031-2355-1f9134ab2d46/10UMGIM26619.rgb.jpg/400x400bb.jpg
itunes_433155228,"Liszt: Sonata in B minor, Liebestraum",Khatia Buniatishvili,2011,2010s,Classical,https://is1-ssl.mzstatic.com/image/thumb/Music/ce/46/3f/mzi.cfvkhmyu.jpg/400x400bb.jpg
itunes_1825381287,"Tchaikovsky: The Sleeping Beauty; Children's Album; Piano Sonata, Op. 80; Theme and Variations, Op. 19/6",Daniil Trifonov,2025,2020s,Classical,https://is1-ssl.mzstatic.com/image/thumb/Music221/v4/17/34/88/173488f2-871c-eb61-1712-990de4ffc710/25UMGIM74493.rgb.jpg/400x400bb.jpg
itunes_1452350618,Sonatas & Etudes,Yuja Wang,2009,2000s,Classical,https://is1-ssl.mzstatic.com/image/thumb/Music114/v4/b5/44/e9/b544e99c-9bfe-1544-90d6-34efc5db4bb2/00028947782643.rgb.jpg/400x400bb.jpg
itunes_460788967,Piano Sonata,André Watts & Charles Rosen,1996,1990s,Classical,https://is1-ssl.mzstatic.com/image/thumb/Music/51/ee/7a/mzi.uxvcbzsz.jpg/400x400bb.jpg
itunes_1452343853,"Liszt: Sonata in B Minor and Hungarian Rhapsody, Schumann: Sonata No. 2 & Brahms: Rhapsodies, Op. 79",Martha Argerich,1992,1990s,Classical,https://is1-ssl.mzstatic.com/image/thumb/Music114/v4/6c/38/0a/6c380ae7-b8de-d5fe-8656-a4d6a78567ee/00028943725224.rgb.jpg/400x400bb.jpg
itunes_1452240904,Mozart: Piano Sonatas,Vladimir Horowitz,1994,1990s,Classical,https://is1-ssl.mzstatic.com/image/thumb/Music114/v4/15/b5/21/15b52115-06ff-c0de-11a8-fae742e8b41f/00028944551723.rgb.jpg/400x400bb.jpg
itunes_1587671051,Piano Sonatas,Various Artists,2021,2020s,Classical,https://is1-ssl.mzstatic.com/image/thumb/Music125/v4/a3/ea/ec/a3eaec8f-b98a-bf4a-d540-45a291d02064/7325870167435.jpg/400x400bb.jpg
itunes_1452833234,"Haydn: The Piano Sonatas, Variations, & The Seven Last Words",John McCabe,1995,1990s,Classical,https://is1-ssl.mzstatic.com/image/thumb/Music124/v4/c3/23/60/c3236020-3a66-5c06-d55f-47fbcb9d2715/00028944378528.rgb.jpg/400x400bb.jpg
itunes_1452176730,Liszt: Piano Sonata in B Minor - Nuages Gris - la Notte - la Lugubre Gondola II - Funérailles,Krystian Zimerman,1991,1990s,Classical,https://is1-ssl.mzstatic.com/image/thumb/Music124/v4/4e/b9/4f/4eb94fa5-40f9-7020-67b6-5542dd040fe6/00028943178020.rgb.jpg/400x400bb.jpg
itunes_29832854,Sonata - Classical Favourites for Relaxing and Dreaming,Various Artists,1998,1990s,Classical,https://is1-ssl.mzstatic.com/image/thumb/Features/7e/72/86/dj.mzspwdls.jpg/400x400bb.jpg
itunes_1790455480,Beethoven: Moonlight Sonata,Ludwig van Beethoven & Mats Widlund,2025,2020s,Classical,https://is1-ssl.mzstatic.com/image/thumb/Music211/v4/2b/b4/7d/2bb47d02-cf7c-4a69-8cec-4cc186e8ff6f/8721253543138.png/400x400bb.jpg
itunes_68360686,Tchaikovsky & Piano Concerto No. 1 & Liszt: Piano Sonata,"Fazil Say, St Petersburg Philharmonic Orchestra & Yuri Temirkanov",2001,2000s,Classical,https://is1-ssl.mzstatic.com/image/thumb/Music/y2005/m06/d02/h14/s05.gqeemcmh.jpg/400x400bb.jpg
itunes_1452371861,Mozart: The Piano Sonatas,Mitsuko Uchida,2001,2000s,Classical,https://is1-ssl.mzstatic.com/image/thumb/Music123/v4/3a/30/cb/3a30cb18-446e-a6a4-4356-7e911bd361cb/06UMGIM30768.rgb.jpg/400x400bb.jpg
itunes_1216131456,Classical Piano,Various Artists,2017,2010s,Classical,https://is1-ssl.mzstatic.com/image/thumb/Music124/v4/e7/9c/4a/e79c4a48-187e-2e67-6b26-8309cd963baa/084247962574.jpg/400x400bb.jpg
itunes_1175173067,Classical Music for Studying,Various Artists,2016,2010s,Classical,https://is1-ssl.mzstatic.com/image/thumb/Music125/v4/4d/a3/df/4da3df67-12e0-5f6d-d994-dd0349b67557/813543022510.jpg/400x400bb.jpg
itunes_1724214596,Piano - Classical Instrumental Music,Various Artists,2024,2020s,Classical,https://is1-ssl.mzstatic.com/image/thumb/Music116/v4/14/4c/1d/144c1df0-91ba-0d31-1376-f71808d7d84f/cover.jpg/400x400bb.jpg
itunes_1049046688,Piano,Vitalij Kuprij,2001,2000s,Classical,https://is1-ssl.mzstatic.com/image/thumb/Music6/v4/4f/4a/c7/4f4ac7ab-7657-71d2-add3-78f6094c1e41/889845592662.jpg/400x400bb.jpg
itunes_1510400533,Piano Sonata - EP,Sylvester Draggon Jr,2020,2020s,Classical,https://is1-ssl.mzstatic.com/image/thumb/Music113/v4/6b/76/a4/6b76a4a5-30a6-d191-32f4-1d98ffc21ddd/9008798332014_cover.jpg/400x400bb.jpg
itunes_6795344309,Patkop & Say,Patricia Kopatchinskaja & Fazil Say,2026,2020s,Classical,https://is1-ssl.mzstatic.com/image/thumb/Music211/v4/31/ff/cc/31ffcc4d-a33a-ea0b-d993-5834eef69303/3701624512784.png/400x400bb.jpg
itunes_1148598721,50 Masterworks - Glenn Gould,Glenn Gould,2016,2010s,Classical,https://is1-ssl.mzstatic.com/image/thumb/Music62/v4/f5/cd/69/f5cd694e-68e1-2884-f968-bfd8e0df2068/886445999976.jpg/400x400bb.jpg
itunes_1734499075,Four Hands,Alexandre Tharaud,2024,2020s,Classical,https://is1-ssl.mzstatic.com/image/thumb/Music122/v4/10/61/37/106137c7-db0e-2fb5-d6b3-e6a79b556014/5054197934001.jpg/400x400bb.jpg
itunes_1694557348,Fantasia,Igor Levit,2023,2020s,Classical,https://is1-ssl.mzstatic.com/image/thumb/Music116/v4/e1/37/1b/e1371bf6-9320-782b-a260-4f3a4e1bdaaf/196589934901.jpg/400x400bb.jpg
itunes_960538450,Classical Music 50,Various Artists,2015,2010s,Classical,https://is1-ssl.mzstatic.com/image/thumb/Music115/v4/33/f0/87/33f08730-6b77-b9c1-5490-3a5814281cf1/cover.jpg/400x400bb.jpg
itunes_1488447404,Classical Piano Music,Various Artists,2019,2010s,Classical,https://is1-ssl.mzstatic.com/image/thumb/Music114/v4/ac/62/42/ac624236-7897-4c29-043d-2a6cc7343d5f/cover.jpg/400x400bb.jpg
itunes_936874680,Mozart for Bedtime - Toddler Songs and Bedtime Songs to Help Your Baby Sleep,Mattew Matters,2014,2010s,Classical,https://is1-ssl.mzstatic.com/image/thumb/Music125/v4/98/ba/b1/98bab15d-fe8c-5294-0268-3f1070b73b71/mozart_for_bedtime_copia.jpg/400x400bb.jpg
itunes_1498746106,The Wanderer,Seong-Jin Cho,2020,2020s,Classical,https://is1-ssl.mzstatic.com/image/thumb/Music114/v4/bd/d9/9d/bdd99d81-2f92-ab70-e0a3-09a059cbe0bf/19UMGIM80654.rgb.jpg/400x400bb.jpg
itunes_968866036,Debut Recital,Martha Argerich,1998,1990s,Classical,https://is1-ssl.mzstatic.com/image/thumb/Music221/v4/f6/89/d6/f689d600-38cd-7557-b5bf-c433817ceb33/15UMGIM06363.rgb.jpg/400x400bb.jpg
itunes_1002240470,Los Grandes de la Musica Clasica - Franz Liszt Vol.  2,Josef Bulva & Imre Szabo,2015,2010s,Classical,https://is1-ssl.mzstatic.com/image/thumb/Music1/v4/e4/bf/d4/e4bfd482-f65b-511a-b5ad-d48efdfaf574/889845189886.jpg/400x400bb.jpg
itunes_1567252463,Summertime,Isata Kanneh-Mason,2021,2020s,Classical,https://is1-ssl.mzstatic.com/image/thumb/Music125/v4/d8/cf/c5/d8cfc598-675d-c9c3-4fb1-186b0917ccae/21UMGIM40198.rgb.jpg/400x400bb.jpg
itunes_1833192796,Opus 1,Anna Geniushene,2025,2020s,Classical,https://is1-ssl.mzstatic.com/image/thumb/Music211/v4/19/d6/34/19d63483-dfe2-a8fa-8308-31b6d0f9f8b5/8721215934523.png/400x400bb.jpg
itunes_1464356140,Mozart - The Complete Four-Hand Piano Sonatas,Anthony McLean & Ruifan Xuan,2019,2010s,Classical,https://is1-ssl.mzstatic.com/image/thumb/Music113/v4/43/88/2e/43882e7e-a403-b759-eb1b-6e7b848931ed/301652105335.jpg/400x400bb.jpg
itunes_1500404952,Epic Piano - Intense Classical Masterpieces,Various Artists,2020,2020s,Classical,https://is1-ssl.mzstatic.com/image/thumb/Music124/v4/3d/d6/b7/3dd6b7a6-edf2-0bd5-95c9-ccbc31494c77/0848033091776.jpg/400x400bb.jpg
itunes_1452609615,Liszt: Piano Works,YUNDI,2003,2000s,Classical,https://is1-ssl.mzstatic.com/image/thumb/Music114/v4/ca/ac/ce/caacceaf-b46d-e93f-b284-c96d5e4fa94d/00028947952893.rgb.jpg/400x400bb.jpg
itunes_1557667324,Calm Your Canine: Dog Calming Music,Through a Dog's Ear,2021,2020s,Classical,https://is1-ssl.mzstatic.com/image/thumb/Music115/v4/9b/7b/69/9b7b697c-5ab8-6d31-7829-8c19810cf149/015882075848.png/400x400bb.jpg
itunes_1452443763,The Collection 1: The Solo Recordings,Martha Argerich,2008,2000s,Classical,https://is1-ssl.mzstatic.com/image/thumb/Music221/v4/88/7c/61/887c61d3-868d-1363-c575-d4f8c0171aae/08UMGIM11038.rgb.jpg/400x400bb.jpg
itunes_1168785819,Classical Music for Kids: Mozart,Various Artists,2016,2010s,Classical,https://is1-ssl.mzstatic.com/image/thumb/Music71/v4/9f/40/1e/9f401e1c-ba33-622e-45fe-46e315d37005/813543022398.jpg/400x400bb.jpg
itunes_261662684,32 Short Films About Glenn Gould (Original Motion Picture Soundtrack),Glenn Gould,1994,1990s,Soundtracks,https://is1-ssl.mzstatic.com/image/thumb/Features/c8/56/dd/dj.jwdhspjk.jpg/400x400bb.jpg
itunes_478960886,50 of the Best: Beethoven,Various Artists,2011,2010s,Classical,https://is1-ssl.mzstatic.com/image/thumb/Music/1f/e4/14/mzi.nwwykwmh.jpg/400x400bb.jpg
itunes_1080336027,Tchaikovsky: Les Saisons,Jonas Vitaud,2016,2010s,Classical,https://is1-ssl.mzstatic.com/image/thumb/Music69/v4/60/82/3a/60823ae1-bbe8-c102-cf8a-641fb0cc16fc/3760127223085.png/400x400bb.jpg
itunes_328117849,Baby Think: Mozart,Various Artists,2009,2000s,Classical,https://is1-ssl.mzstatic.com/image/thumb/Music/c3/21/c5/mzi.gfqlrqck.jpg/400x400bb.jpg
itunes_429662830,Horowitz Plays Liszt,Vladimir Horowitz,1990,1990s,Classical,https://is1-ssl.mzstatic.com/image/thumb/Music113/v4/62/de/60/62de6067-9ff4-61be-a027-9216672e2e1b/884977868395.jpg/400x400bb.jpg
itunes_1452203557,Resonances,Hélène Grimaud,2010,2010s,Classical,https://is1-ssl.mzstatic.com/image/thumb/Music124/v4/79/47/d5/7947d590-1239-6f3e-5b9a-cc1058a6f5f0/00028947922681.rgb.jpg/400x400bb.jpg
itunes_19617764,"Mozart: Piano Duets, Vol. 1",Jenő Jandó & Zsuzsa Kollar,2000,2000s,Classical,https://is1-ssl.mzstatic.com/image/thumb/Music124/v4/d1/d8/b0/d1d8b0a0-0cb8-e67e-ef5f-c949fc56afb8/s05.vbtxdciu.jpg/400x400bb.jpg
itunes_1440718502,Peaceful Piano,Various Artists,2017,2010s,Classical,https://is1-ssl.mzstatic.com/image/thumb/Music115/v4/04/00/67/040067ef-a876-c3c5-a4f9-547a8ad1dfd3/17UMGIM88404.rgb.jpg/400x400bb.jpg
itunes_1442668747,Piano,Anastasia Maksiuta,2018,2010s,Classical,https://is1-ssl.mzstatic.com/image/thumb/Music118/v4/8a/af/1d/8aaf1ddd-4d39-747d-0d99-c3510a817f73/193428229747.jpg/400x400bb.jpg
itunes_1764844357,"Essentials, Vol. 1",Breve,2020,2020s,Classical,https://is1-ssl.mzstatic.com/image/thumb/Music211/v4/2b/97/bd/2b97bd44-3f0f-293a-1e98-45fe3009135e/44149.jpg/400x400bb.jpg
itunes_1452500855,Liszt: The Essentials,Various Artists,2017,2010s,Classical,https://is1-ssl.mzstatic.com/image/thumb/Music126/v4/1b/e5/a0/1be5a039-2dfd-1a8f-9115-9538da28b886/17UMGIM10475.rgb.jpg/400x400bb.jpg
itunes_1547588501,Liszt,Benjamin Grosvenor,2021,2020s,Classical,https://is1-ssl.mzstatic.com/image/thumb/Music114/v4/c0/bc/19/c0bc194d-22a4-f9e2-c854-50a1c3c0b9b6/20UM1IM15723.rgb.jpg/400x400bb.jpg
itunes_1460263794,Janáček: Piano Works,Jan Bartoš,2019,2010s,Classical,https://is1-ssl.mzstatic.com/image/thumb/Music125/v4/93/97/a3/9397a3d6-514a-638f-3f9c-e7d705a0cef3/cover.jpg/400x400bb.jpg
itunes_1452252399,The Carnegie Recital,Daniil Trifonov,2013,2010s,Classical,https://is1-ssl.mzstatic.com/image/thumb/Music126/v4/0d/4c/f7/0d4cf758-3ea9-8018-c2c5-01697e1eb9ad/13UMGIM43263.rgb.jpg/400x400bb.jpg
itunes_1188018133,Mozart: The Complete Violin Concertos,Mozart Anniversary Orchestra & James Ehnes,2017,2010s,Classical,https://is1-ssl.mzstatic.com/image/thumb/Music124/v4/30/47/6c/30476cf5-a696-7e82-9be1-39f69e5f7e75/880040416425.jpg/400x400bb.jpg
itunes_588855725,The Piano Guys,The Piano Guys,2012,2010s,Classical,https://is1-ssl.mzstatic.com/image/thumb/Music124/v4/03/73/e0/0373e014-c310-691a-455c-ed0ef0d67833/886443743748.jpg/400x400bb.jpg
itunes_1452206673,Das Weihnachtskonzert,Berlin Philharmonic & Herbert von Karajan,1988,1980s,Classical,https://is1-ssl.mzstatic.com/image/thumb/Music114/v4/1e/cf/62/1ecf62bf-a443-93c7-6a4a-97b6517bb1fa/00028942704923.rgb.jpg/400x400bb.jpg
itunes_292623901,"Tchaikovsky: The Nutcracker, Op. 71",Bonn Classical Philharmonic & Heribert Beissel,2008,2000s,Classical,https://is1-ssl.mzstatic.com/image/thumb/Music126/v4/08/f0/ab/08f0ab24-ecb5-89cd-cdb3-b99e4c54fc4a/7340027042687.jpg/400x400bb.jpg
itunes_1440764542,Mozart: Requiem,Academy of St Martin in the Fields & Neville Marriner,1991,1990s,Classical,https://is1-ssl.mzstatic.com/image/thumb/Music126/v4/13/eb/c1/13ebc16b-b5d4-f898-af41-04afcf29887a/06UMGIM59165.rgb.jpg/400x400bb.jpg
itunes_1452972792,Bach: Brandenburg Concertos - Orchestral Suites - Violin Concertos,Academy of St Martin in the Fields & Neville Marriner,2002,2000s,Classical,https://is1-ssl.mzstatic.com/image/thumb/Music124/v4/36/9d/0e/369d0e31-c43f-cbca-fe67-ec182d2a7aa2/00028947093428.rgb.jpg/400x400bb.jpg
itunes_752033492,Tchaikovsky: The Nutcracker,Berlin Philharmonic & Sir Simon Rattle,2010,2010s,Classical,https://is1-ssl.mzstatic.com/image/thumb/Music116/v4/b2/9f/75/b29f755e-8db3-f592-dba4-796a6be58814/825646348275.jpg/400x400bb.jpg
itunes_551478587,Orchestral,Hybrid,2012,2010s,Classical,https://is1-ssl.mzstatic.com/image/thumb/Music/v4/28/60/cf/2860cf27-49c4-932a-b69c-cef41eece386/Cover.jpg/400x400bb.jpg
itunes_883501721,Spirited Away (Original Soundtrack),Joe Hisaishi,2001,2000s,Soundtracks,https://is1-ssl.mzstatic.com/image/thumb/Music115/v4/12/dc/cf/12dccf7e-32ce-12e8-03fe-37574d6c2197/TKCA-72165.jpg/400x400bb.jpg
itunes_1686454298,Rachmaninoff: Piano Concerto No. 2,"Berlin Philharmonic, Kirill Gerstein & Kirill Petrenko",2023,2020s,Classical,https://is1-ssl.mzstatic.com/image/thumb/Music116/v4/9b/bb/98/9bbb98b7-86c5-f75d-a2af-06dd5c3ef431/4260716431123.png/400x400bb.jpg
itunes_1440765926,Saint-Saëns: Carnival of the Animals,"Pascal Rogé, Charles Dutoit, London Sinfonietta & Philharmonia Orchestra",1980,1980s,Classical,https://is1-ssl.mzstatic.com/image/thumb/Music128/v4/69/2f/7b/692f7bd5-aef3-cca1-4b7e-a91ee475894a/00028941446022.rgb.jpg/400x400bb.jpg
itunes_1492002990,Classic,HAUSER,2020,2020s,Classical,https://is1-ssl.mzstatic.com/image/thumb/Music115/v4/fe/88/05/fe8805a5-33fc-d397-56bd-253c8b33ce3a/886447884034.jpg/400x400bb.jpg
itunes_1440758223,Handel: Water Music,The English Concert & Trevor Pinnock,1983,1980s,Classical,https://is1-ssl.mzstatic.com/image/thumb/Music125/v4/51/03/ec/5103ecff-be8b-1699-4441-b04337a57d6b/00028941052520.rgb.jpg/400x400bb.jpg
itunes_305883843,Consider the Lilies,"The Tabernacle Choir at Temple Square, Orchestra at Temple Square & Craig Jessop",2003,2000s,Classical,https://is1-ssl.mzstatic.com/image/thumb/Music/14/0f/a0/mzi.fovcugat.tif/400x400bb.jpg
itunes_769116904,Holst: The Planets,"Berlin Philharmonic, Rundfunkchor, Berlin & Sir Simon Rattle",2006,2000s,Classical,https://is1-ssl.mzstatic.com/image/thumb/Music114/v4/cd/e2/89/cde2890d-fe59-b11a-bfe3-a47d06b0116c/dj.fqmgpnei.jpg/400x400bb.jpg
itunes_1467953807,Rachmaninov: Piano Concerto No. 2; Paganini Rhapsody,"Lang Lang, Valery Gergiev & Mariinsky Orchestra",2005,2000s,Classical,https://is1-ssl.mzstatic.com/image/thumb/Music124/v4/38/f4/4d/38f44d38-7c25-946d-242c-d8c9d55a6715/15UMGIM27978.rgb.jpg/400x400bb.jpg
itunes_891755766,Mozart: Piano Concertos Nos. 20 & 21,"Friedrich Gulda, Vienna Philharmonic & Claudio Abbado",1975,1970s,Classical,https://is1-ssl.mzstatic.com/image/thumb/Music116/v4/bc/ba/df/bcbadf29-f467-a4e5-f948-b9c4413b7754/12UMGIM57300.rgb.jpg/400x400bb.jpg
itunes_1440752253,Live In Berlin,Sting,2010,2010s,Pop,https://is1-ssl.mzstatic.com/image/thumb/Music124/v4/72/f7/45/72f7452e-a0b3-ef02-031f-f210a25fa4d1/00602527573120.rgb.jpg/400x400bb.jpg
itunes_322567973,Classical Piano Chillout,Richard Canavan,2009,2000s,Classical,https://is1-ssl.mzstatic.com/image/thumb/Music125/v4/60/f4/9b/60f49b4a-451c-0140-f9d5-49698ba05b79/mzi.ngdnkyby.jpg/400x400bb.jpg
itunes_1440737329,"Vaughan Williams: Tallis Fantasia, Fantasia on Greensleeves & The Lark Ascending",Academy of St Martin in the Fields & Neville Marriner,1972,1970s,Classical,https://is1-ssl.mzstatic.com/image/thumb/Music122/v4/8c/d6/29/8cd629ac-615d-e46d-24de-45a0a759a278/06UMGIM67247.rgb.jpg/400x400bb.jpg
itunes_1199073413,Rachmaninoff: Piano Concertos Nos. 2 & 3,"Khatia Buniatishvili, Czech Philharmonic & Paavo Järvi",2017,2010s,Classical,https://is1-ssl.mzstatic.com/image/thumb/Music115/v4/67/d3/7e/67d37e5a-804c-1a01-7ca8-496387e40156/886446227511.jpg/400x400bb.jpg
itunes_1452225107,"Mahler: Symphony No. 2 ""Resurrection""",New York Philharmonic & Leonard Bernstein,1987,1980s,Classical,https://is1-ssl.mzstatic.com/image/thumb/Music124/v4/2f/37/37/2f3737e0-159f-a0a5-655c-59608ded3ebc/00028942339521.rgb.jpg/400x400bb.jpg
itunes_206345419,Christmas Eve and Other Stories,Trans-Siberian Orchestra,1996,1990s,Classical,https://is1-ssl.mzstatic.com/image/thumb/Music125/v4/e0/7c/f4/e07cf4d8-8fbf-96df-ae7a-6a25c8583256/mzi.sxqwkjew.jpg/400x400bb.jpg
itunes_1423671462,Mussorgsky: Pictures at an Exhibition,Vienna Philharmonic & Gustavo Dudamel,2016,2010s,Classical,https://is1-ssl.mzstatic.com/image/thumb/Music118/v4/c2/9c/49/c29c494a-dab4-1661-7ef1-b84334ee7ec8/00028947962991.rgb.jpg/400x400bb.jpg
itunes_1054525002,Out of the Blue,Electric Light Orchestra,1977,1970s,Rock,https://is1-ssl.mzstatic.com/image/thumb/Music221/v4/2c/0f/f9/2c0ff9b3-693b-5690-a17d-641076ae3140/886445593945.jpg/400x400bb.jpg
itunes_1595622567,"Dvořák: Symphony No. 9 ""From the New World"" (Live)",London Symphony Orchestra & Sir Colin Davis,2000,2000s,Classical,https://is1-ssl.mzstatic.com/image/thumb/Music126/v4/04/5f/b1/045fb165-c92e-7015-f904-2d711c98d756/0822231100164_cover.jpg/400x400bb.jpg
itunes_1439319297,"Tchaikovsky: The Nutcracker, Op. 71, TH 14 (Live at Walt Disney Concert Hall, Los Angeles 2013)",Los Angeles Philharmonic & Gustavo Dudamel,2018,2010s,Classical,https://is1-ssl.mzstatic.com/image/thumb/Music125/v4/d4/64/bb/d464bb94-3b12-cde1-e004-023894920dc1/18UMGIM52547.rgb.jpg/400x400bb.jpg
itunes_1452184807,Mahler: Symphony No. 5,Berlin Philharmonic & Claudio Abbado,1993,1990s,Classical,https://is1-ssl.mzstatic.com/image/thumb/Music124/v4/3a/fe/d0/3afed08a-0fa6-56d6-0684-2c8729cca8d8/00028943778923.rgb.jpg/400x400bb.jpg
itunes_173555340,Rachmaninoff: Piano Concertos Nos. 2 & 3,"Philippe Entremont, André Watts & New York Philharmonic",2003,2000s,Classical,https://is1-ssl.mzstatic.com/image/thumb/Features115/v4/e9/4a/f1/e94af1ec-b98c-b545-5046-e9c7d5d7572a/dj.zizusgqu.jpg/400x400bb.jpg
itunes_394314313,Mozart: The Piano Concertos,"Murray Perahia, English Chamber Orchestra & Radu Lupu",2006,2000s,Classical,https://is1-ssl.mzstatic.com/image/thumb/Music/c3/db/a5/mzi.mdgplcno.jpg/400x400bb.jpg
itunes_881698846,"Dvořák: Symphonien Nos. 8 & 9 ""From the New World""",Berlin Philharmonic & Rafael Kubelik,1996,1990s,Classical,https://is1-ssl.mzstatic.com/image/thumb/Music114/v4/6e/6f/41/6e6f4101-9868-ad13-1916-c4be4534ac8a/UMG_cvrart_00028947911616_01_RGB72_1500x1500_12UMGIM57306.jpg/400x400bb.jpg
itunes_1276303626,Stravinsky: Firebird Suite - Tchaikovsky: Romeo and Juliet (Remastered),Leonard Bernstein & New York Philharmonic,1957,1950s,Classical,https://is1-ssl.mzstatic.com/image/thumb/Music128/v4/ce/40/5d/ce405d2a-62de-24ca-75d2-53f36c6f3a8d/886446440644.jpg/400x400bb.jpg
itunes_594512997,Gershwin: Rhapsody in Blue - An American in Paris,"Leonard Bernstein, New York Philharmonic & Columbia Symphony Orchestra",1958,1950s,Classical,https://is1-ssl.mzstatic.com/image/thumb/Music125/v4/ff/c7/25/ffc725e2-9e02-1455-7c19-39af2665c9d1/886443706699.jpg/400x400bb.jpg
itunes_1536479817,HAUSER Plays Morricone,"HAUSER, Czech Studio Orchestra & Robert Ziegler",2020,2020s,Classical,https://is1-ssl.mzstatic.com/image/thumb/Music125/v4/b4/b2/db/b4b2db1c-f17a-1b06-9de1-4ae4f1818c37/886448778134.jpg/400x400bb.jpg
itunes_1681138182,Beethoven: Symphony No. 7,Berlin Philharmonic & Kirill Petrenko,2020,2020s,Classical,https://is1-ssl.mzstatic.com/image/thumb/Music116/v4/94/1f/04/941f045b-9e46-0670-d802-27afc604d81d/4260716430935_cover.jpg/400x400bb.jpg
itunes_1691120087,Rachmaninoff: The Piano Concertos & Paganini Rhapsody,"Yuja Wang, Los Angeles Philharmonic & Gustavo Dudamel",2023,2020s,Classical,https://is1-ssl.mzstatic.com/image/thumb/Music116/v4/0c/65/c4/0c65c4d7-a40a-5ad4-7068-ce5a808255c0/23UMGIM23170.rgb.jpg/400x400bb.jpg
itunes_1440563055,Bach for Breakfast - The Leisurely Way to Start Your Day,Various Artists,1995,1990s,Classical,https://is1-ssl.mzstatic.com/image/thumb/Music126/v4/a2/5c/5b/a25c5b6e-7711-d184-5b0a-a92c1c6c73ff/06UMGIM35689.rgb.jpg/400x400bb.jpg
itunes_1527347771,Labyrinth,Khatia Buniatishvili,2020,2020s,Classical,https://is1-ssl.mzstatic.com/image/thumb/Music125/v4/f3/3b/99/f33b9926-b31a-34f7-1f2f-805f688b5bf8/886448587316.jpg/400x400bb.jpg
itunes_1672125070,"Elgar: Enigma Variations, Introduction & Allegro (Live)",Sir Colin Davis & London Symphony Orchestra,2007,2000s,Classical,https://is1-ssl.mzstatic.com/image/thumb/Music116/v4/9d/5e/c0/9d5ec087-1f37-cb56-8010-00a7c017e962/0822231110965_cover.jpg/400x400bb.jpg
itunes_1258232804,Rimsky-Korsakov: Scheherazade (Live),New York Philharmonic & Alan Gilbert,2017,2010s,Classical,https://is1-ssl.mzstatic.com/image/thumb/Music128/v4/c3/81/84/c38184bb-039a-89c8-34a0-9f26b6a57e86/191773467210.jpg/400x400bb.jpg
itunes_1223538364,"Dvořák: Symphony No. 9 ""From the New World""",New York Philharmonic & Alan Gilbert,2017,2010s,Classical,https://is1-ssl.mzstatic.com/image/thumb/Music122/v4/65/b1/be/65b1bef3-309c-e3e0-332b-79b6d3266a71/191773014100.jpg/400x400bb.jpg
itunes_1884255600,Roots Reggae,Mista Irie,2026,2020s,Reggae,https://is1-ssl.mzstatic.com/image/thumb/Music221/v4/23/57/76/23577642-2a96-8236-dec8-7318ed022b24/artwork.jpg/400x400bb.jpg
itunes_1422653660,'Til Shiloh,Buju Banton,1995,1990s,Reggae,https://is1-ssl.mzstatic.com/image/thumb/Music124/v4/c0/c7/d4/c0c7d4a2-af80-aa7f-ea88-b07dd75ce0e9/00602547748638.rgb.jpg/400x400bb.jpg
itunes_1440813900,Survival (2013 Remaster),Bob Marley & The Wailers,1979,1970s,Reggae,https://is1-ssl.mzstatic.com/image/thumb/Music116/v4/bc/5c/8b/bc5c8b70-763f-e992-4ebe-6e702d74f365/06UMGIM04446.rgb.jpg/400x400bb.jpg
itunes_1740845714,Uprising,Bob Marley & The Wailers,1980,1980s,Reggae,https://is1-ssl.mzstatic.com/image/thumb/Music211/v4/80/61/a5/8061a5cc-3372-7679-7396-e42e86041d21/15UMGIM05274.rgb.jpg/400x400bb.jpg
itunes_1625213430,Exodus (2013 Remaster),Bob Marley & The Wailers,1977,1970s,Reggae,https://is1-ssl.mzstatic.com/image/thumb/Music116/v4/23/fa/f8/23faf820-c4fa-2bf1-d672-846971f5cf5c/06UMGIM31355.rgb.jpg/400x400bb.jpg
itunes_1469576104,Night Nurse (Bonus Tracks Edition),Gregory Isaacs,1982,1980s,Reggae,https://is1-ssl.mzstatic.com/image/thumb/Music114/v4/78/ea/40/78ea405a-0fc8-5564-6d06-f5de8c027172/06UMGIM13272.rgb.jpg/400x400bb.jpg
itunes_1048474893,True Democracy,Steel Pulse,1982,1980s,Reggae,https://is1-ssl.mzstatic.com/image/thumb/Music125/v4/21/a3/ea/21a3eae8-4403-ceda-6ecc-e22e5b1e65e8/mzm.fzhskzda.jpg/400x400bb.jpg
itunes_1446928765,Gold: Bob Marley and the Wailers,Bob Marley & The Wailers,2005,2000s,Reggae,https://is1-ssl.mzstatic.com/image/thumb/Music211/v4/dd/47/b0/dd47b039-fc98-0e0b-bbfd-4071807372d9/06UMGIM11770.rgb.jpg/400x400bb.jpg
itunes_1124262519,Earth Crisis,Steel Pulse,1984,1980s,Reggae,https://is1-ssl.mzstatic.com/image/thumb/Music124/v4/95/be/88/95be8888-2c6e-35f0-67cc-43ab8ef61c75/603497872817.jpg/400x400bb.jpg
itunes_1423269033,Catch A Fire (Remastered 2013),Bob Marley & The Wailers,1973,1970s,Reggae,https://is1-ssl.mzstatic.com/image/thumb/Music113/v4/25/b3/cd/25b3cd5f-2e29-8c3f-68ed-677786a7d55a/06UMGIM06492.rgb.jpg/400x400bb.jpg
itunes_1440861483,Natty Dread (2013 Remaster),Bob Marley & The Wailers,1974,1970s,Reggae,https://is1-ssl.mzstatic.com/image/thumb/Music123/v4/b9/ec/9f/b9ec9f4a-c4f1-5136-7587-86826e28d67b/06UMGIM34964.rgb.jpg/400x400bb.jpg
itunes_1496696597,Legend: The Best of Bob Marley and the Wailers (Deluxe Edition),Bob Marley & The Wailers,1984,1980s,Reggae,https://is1-ssl.mzstatic.com/image/thumb/Music116/v4/15/0b/db/150bdba3-8dbb-8e66-79b3-c8e1dead908b/20UMGIM03868.rgb.jpg/400x400bb.jpg
itunes_1440858988,Rastaman Vibration (2013 Remaster),Bob Marley & The Wailers,1976,1970s,Reggae,https://is1-ssl.mzstatic.com/image/thumb/Music116/v4/eb/62/b5/eb62b5e3-2c34-bd7f-dc88-c509c3914068/06UMGIM07210.rgb.jpg/400x400bb.jpg
itunes_1440861469,Confrontation (2013 Remaster),Bob Marley & The Wailers,1983,1980s,Reggae,https://is1-ssl.mzstatic.com/image/thumb/Music126/v4/7c/d4/03/7cd403cb-802c-b10e-9e11-10a8ca1d67fc/06UMGIM02205.rgb.jpg/400x400bb.jpg
itunes_1440811498,Kaya (Deluxe Edition),Bob Marley & The Wailers,1978,1970s,Reggae,https://is1-ssl.mzstatic.com/image/thumb/Music221/v4/31/a0/ca/31a0ca90-d028-3ceb-6cbc-115cfcca78e7/13UMGIM26168.rgb.jpg/400x400bb.jpg
itunes_1440811176,Natural Mystic: The Legend Lives On (The Definitive Remastered Edition),Bob Marley & The Wailers,1995,1990s,Reggae,https://is1-ssl.mzstatic.com/image/thumb/Music211/v4/f3/5a/67/f35a67ae-de94-1e98-8f3e-ab73358f9092/06UMGIM10554.rgb.jpg/400x400bb.jpg
itunes_1257233262,Chronology,Chronixx,2017,2010s,Reggae,https://is1-ssl.mzstatic.com/image/thumb/Music125/v4/38/cd/8e/38cd8e4f-3cfb-b805-a21e-75926417a7be/816216027935.jpg/400x400bb.jpg
itunes_1440925199,Chant Down Babylon (Remixes) [feat. Bob Marley],Various Artists,1999,1990s,Reggae,https://is1-ssl.mzstatic.com/image/thumb/Music115/v4/c3/21/50/c321508d-b693-25d9-6a22-3d03fcbdabba/00731454640428.rgb.jpg/400x400bb.jpg
itunes_1440814289,Babylon By Bus (Live) [2013 Remaster],Bob Marley & The Wailers,1978,1970s,Reggae,https://is1-ssl.mzstatic.com/image/thumb/Music116/v4/99/f6/10/99f6109c-c83b-4f6f-c0e6-61fba06be945/06UMGIM11276.rgb.jpg/400x400bb.jpg
itunes_309138677,Inna Heights,Buju Banton,1997,1990s,Reggae,https://is1-ssl.mzstatic.com/image/thumb/Music221/v4/76/b6/5e/76b65e01-e2a1-3e6b-0a8e-4cadc073d58a/737748206868.jpg/400x400bb.jpg
itunes_1452860107,Rastaman Vibration (Deluxe Edition),Bob Marley & The Wailers,1976,1970s,Reggae,https://is1-ssl.mzstatic.com/image/thumb/Music126/v4/42/90/a2/4290a2f1-e04e-334b-3cad-c7e1778f388b/06UMGIM23644.rgb.jpg/400x400bb.jpg
itunes_597696883,Buju Banton - The Early Years (90-95),Buju Banton,2000,2000s,Reggae,https://is1-ssl.mzstatic.com/image/thumb/Music114/v4/11/3c/90/113c90a7-6c5b-6322-8e39-b42a3d98f159/M114540W595.jpg/400x400bb.jpg
itunes_1442853033,Funky Kingston,Toots & The Maytals,1973,1970s,Reggae,https://is1-ssl.mzstatic.com/image/thumb/Music125/v4/af/93/2e/af932e55-0e47-035f-bdf5-27103e623404/00602547748959.rgb.jpg/400x400bb.jpg
itunes_906752625,Amid the Noise and Haste,SOJA,2014,2010s,Reggae,https://is1-ssl.mzstatic.com/image/thumb/Music115/v4/4c/3b/e3/4c3be31e-e671-12de-b6dd-6edced88f9f2/soja_final_cover_art_1500x1500.jpg/400x400bb.jpg
itunes_498029106,Strength to Survive,SOJA,2012,2010s,Reggae,https://is1-ssl.mzstatic.com/image/thumb/Music/48/05/3b/mzi.zxyvuust.jpg/400x400bb.jpg
itunes_341410880,The Best of Luciano,Luciano,2002,2000s,Reggae,https://is1-ssl.mzstatic.com/image/thumb/Music/ff/87/c6/mzi.tznpijxl.jpg/400x400bb.jpg
itunes_993820645,Legalize It,Peter Tosh,1976,1970s,Reggae,https://is1-ssl.mzstatic.com/image/thumb/Music211/v4/2b/29/60/2b2960f7-ca5b-ab5b-9619-85d39746d8f7/dj.awruiyqo.jpg/400x400bb.jpg
itunes_355288978,Buju & Friends,Buju Banton,2004,2000s,Reggae,https://is1-ssl.mzstatic.com/image/thumb/Music211/v4/95/87/51/95875176-ab7a-3834-6ebb-bda8d53abcd1/054645226462.jpg/400x400bb.jpg
itunes_21357099,Dub Side of the Moon (A Reggae Version of Pink Floyd's Dark Side of the Moon),Easy Star All-Stars,2003,2000s,Reggae,https://is1-ssl.mzstatic.com/image/thumb/Music114/v4/58/5a/92/585a92ca-1b65-4f35-dbae-1b5ae3af1ff5/s05.xaxehjkt.jpg/400x400bb.jpg
itunes_309108287,Black Woman & Child,Sizzla,1997,1990s,Reggae,https://is1-ssl.mzstatic.com/image/thumb/Music221/v4/be/4d/b0/be4db06a-07e4-e130-84eb-75e4ede22975/054645163767.jpg/400x400bb.jpg
itunes_1629115571,Exodus (Deluxe Edition),Bob Marley & The Wailers,1977,1970s,Reggae,https://is1-ssl.mzstatic.com/image/thumb/Music112/v4/49/21/30/4921309f-161b-d401-0488-2dc039bcc4b5/22UMGIM46736.rgb.jpg/400x400bb.jpg
itunes_1440822588,Live! (Bonus Track Version),Bob Marley & The Wailers,1975,1970s,Reggae,https://is1-ssl.mzstatic.com/image/thumb/Music221/v4/04/d2/c3/04d2c304-5a8f-a82f-eded-7d3b1d01f5c6/06UMGIM04340.rgb.jpg/400x400bb.jpg
itunes_324599264,Contagious,Tarrus Riley,2009,2000s,Reggae,https://is1-ssl.mzstatic.com/image/thumb/Music211/v4/56/5f/91/565f9115-cfd7-65b4-3ae8-6bd97458102c/054645186469.jpg/400x400bb.jpg
itunes_309122317,Love & Hate: The Best of Dennis Brown,Dennis Brown,1996,1990s,Reggae,https://is1-ssl.mzstatic.com/image/thumb/Music115/v4/5c/2b/e3/5c2be37c-02d7-d68c-73db-4fbf1abf5dd0/mzi.vwwououi.jpg/400x400bb.jpg
itunes_1440838515,Easy Skanking in Boston '78 (Live),Bob Marley & The Wailers,2015,2010s,Reggae,https://is1-ssl.mzstatic.com/image/thumb/Music128/v4/4a/89/b4/4a89b407-84da-b695-130a-2d3d0035ce2b/00602547183446.rgb.jpg/400x400bb.jpg
itunes_1440629168,"Live Forever: September 23, 1980 • Stanley Theatre • Pittsburgh, PA (Bonus Track Version)",Bob Marley & The Wailers,2011,2010s,Reggae,https://is1-ssl.mzstatic.com/image/thumb/Music124/v4/3e/c3/25/3ec3253c-9ef6-457e-f14e-b2fa33ae3aa4/00602527536910.rgb.jpg/400x400bb.jpg
itunes_413042517,The Very Best of Garnet Silk,Garnett Silk,2002,2000s,Reggae,https://is1-ssl.mzstatic.com/image/thumb/Music115/v4/1b/49/ec/1b49ec46-f9d3-b0fd-f906-a892265d5ee6/mzi.gvqgguoz.tif/400x400bb.jpg
itunes_696818834,Wanted Dread and Alive (Bonus Tracks Edition) [2002 Remaster],Peter Tosh,1981,1980s,Reggae,https://is1-ssl.mzstatic.com/image/thumb/Music/v4/47/a9/ab/47a9ab8f-554c-4588-a4c0-4d5d8f279ddc/0724353769352_1417x1417_300dpi.jpg/400x400bb.jpg
itunes_383417721,Fire House Rock,Wailing Souls,1980,1980s,Reggae,https://is1-ssl.mzstatic.com/image/thumb/Music122/v4/15/f7/91/15f791ad-8c25-d4f6-2fa5-e8155791bc9e/601811002162.jpg/400x400bb.jpg
itunes_309110759,Da Real Thing,Sizzla,2003,2000s,Reggae,https://is1-ssl.mzstatic.com/image/thumb/Music114/v4/2a/fe/d6/2afed68b-b75b-3311-36d4-2c428869dca1/mzi.srjnovvv.jpg/400x400bb.jpg
itunes_1440821911,Burnin' (Remastered 2001),The Wailers,1973,1970s,Reggae,https://is1-ssl.mzstatic.com/image/thumb/Music113/v4/30/24/ec/3024ec9b-fbf5-f7dd-60c5-5a5b697b4546/06UMGIM41501.rgb.jpg/400x400bb.jpg
itunes_1402329600,Kaya 40,Bob Marley & The Wailers,1978,1970s,Reggae,https://is1-ssl.mzstatic.com/image/thumb/Music211/v4/23/f0/bb/23f0bb31-9d1a-a110-3747-b5df0067f5f4/18UMGIM38871.rgb.jpg/400x400bb.jpg
itunes_1440890290,Exodus 40: The Movement Continues…,Bob Marley & The Wailers,1977,1970s,Reggae,https://is1-ssl.mzstatic.com/image/thumb/Music122/v4/f6/11/44/f61144b6-806c-3c9d-93d1-2dc611662336/17UMGIM95823.rgb.jpg/400x400bb.jpg
itunes_1501917217,Equal Rights,Peter Tosh,1977,1970s,Reggae,https://is1-ssl.mzstatic.com/image/thumb/Music115/v4/cf/31/9a/cf319a45-3025-e8ec-4a62-c9545038aaf0/886445304053.jpg/400x400bb.jpg
itunes_1440799812,Live at The Roxy (The Complete Concert),Bob Marley & The Wailers,2003,2000s,Reggae,https://is1-ssl.mzstatic.com/image/thumb/Music124/v4/31/e0/aa/31e0aae7-f1af-6c9f-e1ff-6b4ae2caa9fa/00602498010419.rgb.jpg/400x400bb.jpg
itunes_1515772254,"Live at The Rainbow, 4th June 1977 (2020 Remaster)",Bob Marley & The Wailers,2020,2020s,Reggae,https://is1-ssl.mzstatic.com/image/thumb/Music123/v4/ec/19/1e/ec191e53-351b-f28c-0c8d-ed974e60880a/20UMGIM41161.rgb.jpg/400x400bb.jpg
itunes_1436091420,Marcus Garvey,Burning Spear,1975,1970s,Reggae,https://is1-ssl.mzstatic.com/image/thumb/Music124/v4/ae/70/c7/ae70c72d-6ec0-ae67-9eeb-efabdb3a46bd/00602577085888.rgb.jpg/400x400bb.jpg
itunes_1468067030,Dread & Terrible Project - 5th Anniversary (Deluxe Edition),Chronixx,2019,2010s,Reggae,https://is1-ssl.mzstatic.com/image/thumb/Music124/v4/f9/99/94/f99994ff-bbd4-7ba7-1454-032011389a59/810025341015_cover.jpg/400x400bb.jpg
itunes_1443089159,Red,Black Uhuru,1981,1980s,Reggae,https://is1-ssl.mzstatic.com/image/thumb/Music124/v4/66/aa/95/66aa95a7-f047-68af-ce94-444b0b4fef8b/00044006362922.rgb.jpg/400x400bb.jpg
itunes_1442830055,Legend Remixed,Bob Marley & The Wailers,2013,2010s,Reggae,https://is1-ssl.mzstatic.com/image/thumb/Music124/v4/19/5d/b9/195db9cc-fec8-e022-f573-66b0e36cec2f/00600753442159.rgb.jpg/400x400bb.jpg
itunes_348941050,Full Circle,Morgan Heritage,2005,2000s,Reggae,https://is1-ssl.mzstatic.com/image/thumb/Music211/v4/64/63/61/64636124-9a76-08a6-e7ef-ff0c9cf3750a/054645168564.jpg/400x400bb.jpg
itunes_131627719,Hebron Gate (feat. Don Carlos & The Congos),Groundation,2002,2000s,Reggae,https://is1-ssl.mzstatic.com/image/thumb/Music115/v4/07/70/75/07707555-7cf4-b70d-5544-8dccaede8811/751937193227.jpg/400x400bb.jpg
itunes_1440734915,Halfway Tree,"Damian ""Jr. Gong"" Marley",2001,2000s,Reggae,https://is1-ssl.mzstatic.com/image/thumb/Music124/v4/ec/9d/72/ec9d7249-6d71-6ade-201e-cc2a85f09f86/06UMGIM09156.rgb.jpg/400x400bb.jpg
itunes_1531425302,Dub Reggae,Dub Foundation,2020,2020s,Reggae,https://is1-ssl.mzstatic.com/image/thumb/Music114/v4/6e/83/a8/6e83a8a7-0ef7-fb6f-5d2a-2892595b04c4/796258383612_cover.jpg/400x400bb.jpg
itunes_1765878771,Dub Reggae (Disk 1),60 to 90 Beats Per Minute,2024,2020s,Reggae,https://is1-ssl.mzstatic.com/image/thumb/Music211/v4/77/7e/34/777e343f-22c0-9a98-f3df-f54d7430db48/artwork.jpg/400x400bb.jpg
itunes_1866488191,DUB Reggae (Frequency),JahBeard,2026,2020s,Reggae,https://is1-ssl.mzstatic.com/image/thumb/Music221/v4/9c/8c/b7/9c8cb7f9-74d5-12a4-a8d0-6e0bd50280ed/artwork.jpg/400x400bb.jpg
itunes_485690398,Dub Reggae,King Tubby,2011,2010s,Reggae,https://is1-ssl.mzstatic.com/image/thumb/Music/6d/9b/35/mzi.xmkvmdgu.jpg/400x400bb.jpg
itunes_1052985757,Dub,Dub Specialist,2008,2000s,Reggae,https://is1-ssl.mzstatic.com/image/thumb/Music124/v4/fc/37/b0/fc37b0a9-eb17-fe3a-a520-aad72a5ad509/mzm.jtaamfwb.jpg/400x400bb.jpg
itunes_387065851,Reggae,Various Artists,2010,2010s,Reggae,https://is1-ssl.mzstatic.com/image/thumb/Music/19/f8/5e/mzi.cibjnhmq.tif/400x400bb.jpg
itunes_1788448908,Dub Reggae (Disk 2),60 to 90 Beats Per Minute,2024,2020s,Reggae,https://is1-ssl.mzstatic.com/image/thumb/Music221/v4/cf/e3/87/cfe387c2-49bd-5ee1-3635-19b031d3ea39/artwork.jpg/400x400bb.jpg
itunes_1559137335,In the Moment,Rebelution,2021,2020s,Reggae,https://is1-ssl.mzstatic.com/image/thumb/Music124/v4/6d/c9/32/6dc932fb-bee7-abfb-ebb1-ec3fb7bfe480/657481109182.jpg/400x400bb.jpg
itunes_1573495869,Beauty In the Silence,SOJA,2021,2020s,Reggae,https://is1-ssl.mzstatic.com/image/thumb/Music116/v4/6d/01/c7/6d01c7ca-714a-933e-c56c-8dd67ce5d6c5/800.jpg/400x400bb.jpg
itunes_1620934377,On & On - EP,The Movement & Iration,2022,2020s,Reggae,https://is1-ssl.mzstatic.com/image/thumb/Music112/v4/92/15/6e/92156e67-4d2c-f25f-50ff-66238283ab15/195729674479_cover.jpg/400x400bb.jpg
itunes_1560344678,Fire & Stone (Prince Fatty Presents),Stick Figure,2021,2020s,Reggae,https://is1-ssl.mzstatic.com/image/thumb/Music124/v4/00/27/3e/00273e30-ae0a-caa8-d14c-b54519b4cc66/192650588783_cover.jpg/400x400bb.jpg
itunes_1573797063,Good Times (Roll On),Fortunate Youth,2021,2020s,Reggae,https://is1-ssl.mzstatic.com/image/thumb/Music115/v4/58/63/85/58638527-ea63-d4c8-892f-da85a0b6dc0b/196006925796.jpg/400x400bb.jpg
itunes_1615402531,No Worry - EP,The Movement,2022,2020s,Reggae,https://is1-ssl.mzstatic.com/image/thumb/Music116/v4/45/e0/d9/45e0d94a-4f67-0420-6a7b-83e50005c0b5/195729517660_cover.jpg/400x400bb.jpg
itunes_1443210297,Super Ape (Bonus Track Version),The Upsetters,2004,2000s,Reggae,https://is1-ssl.mzstatic.com/image/thumb/Music128/v4/32/75/0f/32750f44-3ee4-119e-ad0a-ca1d81119921/00602547748966.rgb.jpg/400x400bb.jpg
itunes_1631022073,Showdown - EP,Stick Figure & Collie Buddz,2022,2020s,Reggae,https://is1-ssl.mzstatic.com/image/thumb/Music122/v4/e9/88/a3/e988a37d-ecc6-d260-80aa-8086aa513a5c/195729921443_cover.jpg/400x400bb.jpg
itunes_1557308818,World on Fire (Instrumentals),Stick Figure,2021,2020s,Reggae,https://is1-ssl.mzstatic.com/image/thumb/Music124/v4/48/bd/04/48bd049d-8187-28d3-123e-7573988ad6b4/192650487437_cover.jpg/400x400bb.jpg
itunes_1338087858,Sleepwalker,Sammy Johnson,2018,2010s,Reggae,https://is1-ssl.mzstatic.com/image/thumb/Music125/v4/85/ff/0f/85ff0fe5-8763-37f2-fe28-4a37b3437da4/192641021046_Cover.jpg/400x400bb.jpg
itunes_383364321,Wa-Do-Dem,Eek-A-Mouse,1982,1980s,Reggae,https://is1-ssl.mzstatic.com/image/thumb/Music112/v4/e8/6e/11/e86e1190-5627-9648-c657-5c9ffbb1e35d/601811003169.jpg/400x400bb.jpg
itunes_1567907004,Let Love Lead,KBong,2021,2020s,Reggae,https://is1-ssl.mzstatic.com/image/thumb/Music115/v4/33/7b/6b/337b6b4b-5001-9aad-249a-d6e881f2abf9/192650873988_cover.jpg/400x400bb.jpg
itunes_1440673667,"In Dub, Vol. 1",Bob Marley & The Wailers,2010,2010s,Reggae,https://is1-ssl.mzstatic.com/image/thumb/Music118/v4/7b/b5/03/7bb503ec-d0c1-ff29-4220-0055b931e4cc/00600753249796.rgb.jpg/400x400bb.jpg
itunes_1073293491,Original Rockers,Augustus Pablo,1979,1970s,Reggae,https://is1-ssl.mzstatic.com/image/thumb/Music124/v4/ed/de/57/edde5716-8194-f883-7054-b1a688833c5c/054645703963.jpg/400x400bb.jpg
itunes_1873426043,DUB REGGAE,BOBBY STROP,2026,2020s,Reggae,https://is1-ssl.mzstatic.com/image/thumb/Music221/v4/53/e7/fa/53e7fae8-7aa4-340a-9426-4bffb1c88274/artwork.jpg/400x400bb.jpg
itunes_6773544289,Dub Reggae,Rasta Effstan Yardie Crew,2026,2020s,Reggae,https://is1-ssl.mzstatic.com/image/thumb/Music211/v4/cb/fc/c7/cbfcc7cc-d124-f720-56db-b505048f80c9/cover.jpg/400x400bb.jpg
itunes_1677034579,In Between Dub,Jack Johnson,2023,2020s,Reggae,https://is1-ssl.mzstatic.com/image/thumb/Music116/v4/8c/52/cb/8c52cb3d-a7cf-0248-5df4-d38939cbda8b/23UMGIM25138.rgb.jpg/400x400bb.jpg
itunes_311267770,Heart of the Congos,The Congos,1977,1970s,Reggae,https://is1-ssl.mzstatic.com/image/thumb/Music221/v4/b2/5f/d6/b25fd643-1ca2-c244-414d-7d978f6f0a7f/054645128766.jpg/400x400bb.jpg
itunes_1622041679,Effection - EP,"Mihali, SOJA & Jacob Hemphill",2022,2020s,Reggae,https://is1-ssl.mzstatic.com/image/thumb/Music112/v4/bf/e9/14/bfe914d8-a5b7-7fd4-64c9-e53c4f7c2f5c/195729699762_cover.jpg/400x400bb.jpg
itunes_261666549,Ticklah Vs. Axelrod,Ticklah & Victor Axelrod,2007,2000s,Reggae,https://is1-ssl.mzstatic.com/image/thumb/Music124/v4/cc/51/4c/cc514cef-e750-b1ba-e680-0adaeb3fa0bc/mzi.olkvtimq.jpg/400x400bb.jpg
itunes_383377477,Mundell,Hugh Mundell,1982,1980s,Reggae,https://is1-ssl.mzstatic.com/image/thumb/Music116/v4/cd/f2/bf/cdf2bf6b-5cc0-7a7e-dbe4-ec14b1a29a2e/601811006566.jpg/400x400bb.jpg
itunes_1565171632,The Return of…,Pachyman,2021,2020s,Reggae,https://is1-ssl.mzstatic.com/image/thumb/Music116/v4/0d/86/8f/0d868f90-cd35-4fca-d48f-22deae3dfceb/786.jpg/400x400bb.jpg
itunes_1751199406,Live In St. Augustine,Rebelution,2022,2020s,Reggae,https://is1-ssl.mzstatic.com/image/thumb/Music211/v4/e3/72/d2/e372d20d-c474-6263-3e2b-c6dcd757708a/24CRGIM42115.rgb.jpg/400x400bb.jpg
itunes_1874867265,The Cosmic Game,Thievery Corporation,2005,2000s,Reggae,https://is1-ssl.mzstatic.com/image/thumb/Music211/v4/0a/a1/53/0aa15399-8f0a-9dc1-4727-dce729542e0c/00792755854754_Cover.jpg/400x400bb.jpg
itunes_1469578268,Garvey’s Ghost,Burning Spear,2016,2010s,Reggae,https://is1-ssl.mzstatic.com/image/thumb/Music113/v4/39/2a/eb/392aeb29-9d91-2889-6814-b66eb427738c/15UMGIM77319.rgb.jpg/400x400bb.jpg
itunes_1878151754,Dub Collection,Rebelution,2020,2020s,Reggae,https://is1-ssl.mzstatic.com/image/thumb/Music211/v4/57/2f/7c/572f7c03-f6d8-829d-ce99-900141bd037e/24CRGIM42813.rgb.jpg/400x400bb.jpg
itunes_1533707240,King Tubbys Meets Rockers Uptown,Augustus Pablo,1976,1970s,Reggae,https://is1-ssl.mzstatic.com/image/thumb/Music124/v4/23/86/5f/23865ff8-4f99-c071-25ce-a0f950400cda/881626559765_cover.jpg/400x400bb.jpg
itunes_1469584606,War Ina Babylon (Expanded Edition),Max Romeo & The Upsetters,1976,1970s,Reggae,https://is1-ssl.mzstatic.com/image/thumb/Music124/v4/bc/5b/1e/bc5b1e9f-675c-cc43-ff3c-e4b30aa9c452/15UMGIM78300.rgb.jpg/400x400bb.jpg
itunes_44124291,Beyond the Realms of Dub,Mad Professor,1982,1980s,Reggae,https://is1-ssl.mzstatic.com/image/thumb/Music113/v4/91/01/b1/9101b1c7-e4ff-1432-b166-4400c56d510d/803680868607.jpg/400x400bb.jpg
itunes_1576511768,A Seafarer and the Infinite Dream,The Hip Abduction,2021,2020s,Reggae,https://is1-ssl.mzstatic.com/image/thumb/Music125/v4/40/cd/a0/40cda072-71f5-4291-0cdd-3d1226ebe954/193872755007_cover.jpg/400x400bb.jpg
itunes_680601190,Dancehall Reggae,Various Artists,2013,2010s,Reggae,https://is1-ssl.mzstatic.com/image/thumb/Music/v4/79/9b/5f/799b5f2c-e94b-10d0-2d5e-691b193ccea6/cover.jpg/400x400bb.jpg
itunes_1402586838,DANCEHALL,The Blaze,2018,2010s,Reggae,https://is1-ssl.mzstatic.com/image/thumb/Music115/v4/b2/c2/d3/b2c2d327-4dda-1801-0228-8c4583861408/886446877099.jpg/400x400bb.jpg
itunes_1368816332,Vibras,J Balvin,2018,2010s,Reggae,https://is1-ssl.mzstatic.com/image/thumb/Music115/v4/43/23/44/43234493-859a-53f6-e31c-805370dc33d7/18UMGIM19841.rgb.jpg/400x400bb.jpg
itunes_1189391673,Fénix,Nicky Jam,2017,2010s,Reggae,https://is1-ssl.mzstatic.com/image/thumb/Music124/v4/15/fb/cd/15fbcd9b-f5f1-c96b-3231-a4d12bffb4ee/886446312910.jpg/400x400bb.jpg
itunes_1483618279,MALA SANTA,Becky G,2019,2010s,Reggae,https://is1-ssl.mzstatic.com/image/thumb/Music125/v4/2b/65/69/2b6569c2-e825-cce3-f94a-c2cbe6e68c1f/886448075417.jpg/400x400bb.jpg
itunes_80429921,The Trinity,Sean Paul,2005,2000s,Reggae,https://is1-ssl.mzstatic.com/image/thumb/Features125/v4/6b/a9/89/6ba9895c-5aff-8be1-4ff9-9f88369077b1/dj.decwpjor.jpg/400x400bb.jpg
itunes_1433976640,Aura,Ozuna,2018,2010s,Reggae,https://is1-ssl.mzstatic.com/image/thumb/Music124/v4/47/02/de/4702de7f-d47e-b507-1227-b8534cbb9cd8/697691884080.jpg/400x400bb.jpg
itunes_1785999696,Barrio Fino (Deluxe Version),Daddy Yankee,2004,2000s,Reggae,https://is1-ssl.mzstatic.com/image/thumb/Music221/v4/2f/66/f0/2f66f0f1-c3c2-9dc0-8391-04804cabc8cf/24CRGIM46808.rgb.jpg/400x400bb.jpg
itunes_1460193253,OCEAN,KAROL G,2019,2010s,Reggae,https://is1-ssl.mzstatic.com/image/thumb/Music221/v4/42/3c/36/423c3606-2ea7-fe23-9d74-b29e8ddbef7f/19UMGIM28164.rgb.jpg/400x400bb.jpg
itunes_1440834941,Energía,J Balvin,2016,2010s,Reggae,https://is1-ssl.mzstatic.com/image/thumb/Music112/v4/b8/52/88/b85288bd-9be4-a69f-c3a9-8f333424d484/16UMGIM32608.rgb.jpg/400x400bb.jpg
itunes_862709999,Motivando a la Yal,Zion & Lennox,2004,2000s,Reggae,https://is1-ssl.mzstatic.com/image/thumb/Music115/v4/fd/42/82/fd428292-f6f2-d05b-2dc8-314fc6e10c89/zion_y_lennox-motivando_a_la_yal-interior_frontal-1397089432.jpg/400x400bb.jpg
itunes_1048181442,"Pretty Boy, Dirty Boy",Maluma,2015,2010s,Reggae,https://is1-ssl.mzstatic.com/image/thumb/Music114/v4/05/17/51/051751c2-d6cd-c466-9e0d-c185d8e22897/886445195026.jpg/400x400bb.jpg
itunes_1440766268,Welcome to Jamrock,"Damian ""Jr. Gong"" Marley",2005,2000s,Reggae,https://is1-ssl.mzstatic.com/image/thumb/Music221/v4/23/da/8c/23da8cf8-e935-3d74-69a3-d12979083046/06UMGIM25409.rgb.jpg/400x400bb.jpg
itunes_1489407209,Nibiru,Ozuna,2019,2010s,Reggae,https://is1-ssl.mzstatic.com/image/thumb/Music124/v4/98/f4/e3/98f4e35b-eedd-193d-2635-68615c791f67/697691883953.jpg/400x400bb.jpg
itunes_1712949939,Rapture - EP,Original Koffee,2019,2010s,Reggae,https://is1-ssl.mzstatic.com/image/thumb/Music211/v4/b7/0d/6b/b70d6b59-b509-eef7-0238-d7bafdcb7187/886447522134_Cover.jpg/400x400bb.jpg
itunes_1247228801,El Fenómeno,Arcángel,2008,2000s,Reggae,https://is1-ssl.mzstatic.com/image/thumb/Music115/v4/22/4e/72/224e725e-aa32-9332-626c-98ea931d984e/898717002017_art.jpg/400x400bb.jpg
itunes_1449315854,Hot Shot,Shaggy,2000,2000s,Reggae,https://is1-ssl.mzstatic.com/image/thumb/Music211/v4/5b/78/c0/5b78c053-c5d5-5414-6d95-2a9ab3d3c7a6/06UMGIM55575.rgb.jpg/400x400bb.jpg
itunes_355933929,Can't Stop a Man,Beres Hammond,2003,2000s,Reggae,https://is1-ssl.mzstatic.com/image/thumb/Music211/v4/92/8b/28/928b28c4-638b-3e81-d169-401737992117/054645166461.jpg/400x400bb.jpg
itunes_1447401519,VIDA,Luis Fonsi,2019,2010s,Reggae,https://is1-ssl.mzstatic.com/image/thumb/Music211/v4/e2/ef/f0/e2eff0bc-c51d-7de5-9280-6891ddcee71b/18UMGIM85289.rgb.jpg/400x400bb.jpg
itunes_1172991607,Masterpiece: Nuestra Obra Maestra,RKM & Ken-Y,2016,2010s,Reggae,https://is1-ssl.mzstatic.com/image/thumb/Music125/v4/a4/1b/01/a41b01ed-c6da-b135-9b6d-110593802834/654827031121_cover.jpg/400x400bb.jpg
itunes_192677147,Home,The Chicks,2002,2000s,Reggae,https://is1-ssl.mzstatic.com/image/thumb/Music/5e/03/63/mzi.vwdssxbk.jpg/400x400bb.jpg
itunes_1811232654,House Of Pleasure,Plan B,2010,2010s,Reggae,https://is1-ssl.mzstatic.com/image/thumb/Music221/v4/fa/6a/9c/fa6a9cfc-0f5d-fbcb-4bb1-f6aad1694dc1/884977628449_Cover.jpg/400x400bb.jpg
itunes_1442962802,SEX and LOVE (Deluxe Edition),Enrique Iglesias,2014,2010s,Reggae,https://is1-ssl.mzstatic.com/image/thumb/Music115/v4/d4/ec/f5/d4ecf56c-2fb8-d529-b6bd-27ffcd43bb17/00602547230461.rgb.jpg/400x400bb.jpg
itunes_1467968644,The Last Don,Don Omar,2003,2000s,Reggae,https://is1-ssl.mzstatic.com/image/thumb/Music112/v4/71/44/ab/7144ab43-17de-e8a2-fa09-21f333ec3485/06UMGIM15438.rgb.jpg/400x400bb.jpg
itunes_1134669968,No Games,Serani,2009,2000s,Reggae,https://is1-ssl.mzstatic.com/image/thumb/Music124/v4/ad/ff/c8/adffc8af-6844-13b7-d09e-ff9db3633bb9/Serani_-_No_Games.jpg/400x400bb.jpg
itunes_1534645012,'Til Shiloh (25th Anniversary Edition),Buju Banton,1995,1990s,Reggae,https://is1-ssl.mzstatic.com/image/thumb/Music124/v4/c5/9e/65/c59e65a9-8bfc-ae3a-c9b0-609c1614c345/20UMGIM67643.rgb.jpg/400x400bb.jpg
itunes_1443892098,Los Extraterrestres,Wisin & Yandel,2007,2000s,Reggae,https://is1-ssl.mzstatic.com/image/thumb/Music221/v4/f0/7c/70/f07c70ce-d2e8-c99e-0872-185f4c5a5308/07UMGIM15767.rgb.jpg/400x400bb.jpg
itunes_1211919822,La Promesa,Justin Quiles,2016,2010s,Reggae,https://is1-ssl.mzstatic.com/image/thumb/Music124/v4/da/a0/19/daa01997-6e1a-d78c-7acc-e815ed1207a0/190296967931.jpg/400x400bb.jpg
itunes_1279886828,Too Experienced: The Best of Barrington Levy,Barrington Levy,1998,1990s,Reggae,https://is1-ssl.mzstatic.com/image/thumb/Music211/v4/2e/a0/e9/2ea0e954-6737-f1e6-a990-68a01556f3f7/054645265867.jpg/400x400bb.jpg
itunes_311394069,Reggae Gold 1998,Various Artists,1998,1990s,Reggae,https://is1-ssl.mzstatic.com/image/thumb/Music211/v4/6d/b8/49/6db84985-e720-7771-705f-fd7d8dbd9197/054645152969.jpg/400x400bb.jpg
itunes_534525829,Reggae Gold 2012,Various Artists,2012,2010s,Reggae,https://is1-ssl.mzstatic.com/image/thumb/Music211/v4/bc/ad/9e/bcad9e47-1581-4db6-6264-9573c9974b4f/054645195966.jpg/400x400bb.jpg
itunes_376863106,Reggae Gold 2010,Various Artists,2010,2010s,Reggae,https://is1-ssl.mzstatic.com/image/thumb/Music221/v4/96/d4/05/96d40503-e745-5dd8-7d57-ad73a7405d58/054645190961.jpg/400x400bb.jpg
itunes_1735769563,Deep Soul - EP,Mella Dee,2016,2010s,Soul,https://is1-ssl.mzstatic.com/image/thumb/Music221/v4/ab/09/de/ab09de32-e3fc-9226-6516-8a5596963620/889326568285_cover.jpg/400x400bb.jpg
itunes_1656887552,Deep Soul,Ray Carson,2022,2020s,Soul,https://is1-ssl.mzstatic.com/image/thumb/Music112/v4/60/e2/46/60e24654-f320-7192-8846-544866781a4d/artwork.jpg/400x400bb.jpg
itunes_1236509218,Deep Soul,Ion Luca,2017,2010s,Soul,https://is1-ssl.mzstatic.com/image/thumb/Music117/v4/6f/a8/16/6fa816df-082e-bdb4-f14a-b5093198e0bb/cover.jpg/400x400bb.jpg
itunes_1718367459,Deep Soul,DK Project,2023,2020s,Soul,https://is1-ssl.mzstatic.com/image/thumb/Music116/v4/d4/a1/c6/d4a1c630-84b8-3f7f-d299-0ec2e2fec156/cover.jpg/400x400bb.jpg
itunes_1621134026,Deep Soul - EP,Tones,2022,2020s,Soul,https://is1-ssl.mzstatic.com/image/thumb/Music122/v4/9a/3c/97/9a3c978a-db11-da15-ab45-f3b31e9f3351/artwork.jpg/400x400bb.jpg
itunes_1457270643,Deep Soul,C-Pull,2019,2010s,Soul,https://is1-ssl.mzstatic.com/image/thumb/Music123/v4/24/0d/06/240d0684-faf2-0ae5-209e-a3d84c50b370/cover.jpg/400x400bb.jpg
itunes_1536356994,Deep Soul,Various Artists,2015,2010s,Soul,https://is1-ssl.mzstatic.com/image/thumb/Music124/v4/cf/fe/63/cffe6312-0c7c-6be5-18a2-0399229d466c/cover.jpg/400x400bb.jpg
itunes_1666960767,Deep Soul,Doctorraphdo,2023,2020s,Soul,https://is1-ssl.mzstatic.com/image/thumb/Music113/v4/9e/02/80/9e028076-33f8-f360-8bc7-2b0d941dad66/artwork.jpg/400x400bb.jpg
itunes_1779496233,Deep Soul EP - EP,Acid Asian,2024,2020s,Soul,https://is1-ssl.mzstatic.com/image/thumb/Music211/v4/41/e8/e9/41e8e9dc-8f9e-c480-aee2-b26edc6e2ce6/198846890883.jpg/400x400bb.jpg
itunes_1549281492,DEEP SOUL,MBSOS,2021,2020s,Soul,https://is1-ssl.mzstatic.com/image/thumb/Music114/v4/af/d9/04/afd9041b-590e-9ede-01fc-4e5723c83776/cover.jpg/400x400bb.jpg
itunes_1836067890,Deep Soul,Chris Engelbert,2025,2020s,Soul,https://is1-ssl.mzstatic.com/image/thumb/Music211/v4/ef/bc/5b/efbc5b0c-228c-f96b-7c78-3276d4f9a68a/859715960020_cover.jpg/400x400bb.jpg
itunes_424348867,Deep Soul,Audionatica,2011,2010s,Soul,https://is1-ssl.mzstatic.com/image/thumb/Music114/v4/3a/f4/bf/3af4bff6-0bc6-b171-da9b-4a193ecfd331/4025858562148.png/400x400bb.jpg
itunes_1613382852,Deep Soul - EP,Ms. Janette,2022,2020s,Soul,https://is1-ssl.mzstatic.com/image/thumb/Music211/v4/bf/d1/c6/bfd1c630-9a8c-fd0b-6671-3dae5788cb48/cover.jpg/400x400bb.jpg
itunes_605762204,Troubled Waters-Deep Soul From the Deep South,Various Artists,2013,2010s,Soul,https://is1-ssl.mzstatic.com/image/thumb/Music/v4/dd/70/4e/dd704e83-0f7d-f419-13ae-95d717c123e4/TroubWat.jpg/400x400bb.jpg
itunes_1839527752,Deep Soul Gospel Volume 1,Deep Soul Gospel Volume 1,2025,2020s,Soul,https://is1-ssl.mzstatic.com/image/thumb/Music211/v4/94/76/d0/9476d07f-0ce8-d145-9791-57b89b2149e6/artwork.jpg/400x400bb.jpg
itunes_1671440678,Southern Soul Mixtape 4,Various Artists,2023,2020s,Soul,https://is1-ssl.mzstatic.com/image/thumb/Music116/v4/d1/db/98/d1db98cb-0cc0-8a18-11d1-98d450d7d07e/0.jpg/400x400bb.jpg
itunes_301571073,Ultimate Southern Soul,Various Artists,2008,2000s,Soul,https://is1-ssl.mzstatic.com/image/thumb/Music124/v4/9c/60/fe/9c60fe24-c78c-5621-70a3-70ccfee1c336/mzi.ofvnkrzz.jpg/400x400bb.jpg
itunes_1751814815,"Southern Soul Hits, Vol. III",Various Artists,2014,2010s,Soul,https://is1-ssl.mzstatic.com/image/thumb/Music221/v4/89/d3/f6/89d3f620-9844-76b3-2d33-679ad4711172/706393301228.jpg/400x400bb.jpg
itunes_1669839209,Southern Soul,DJ Taz,2023,2020s,Soul,https://is1-ssl.mzstatic.com/image/thumb/Music116/v4/8b/bc/b1/8bbcb148-0a8d-cf56-063b-35da96f8dccc/0.jpg/400x400bb.jpg
itunes_1177627145,Southern Soul,Various Artists,2016,2010s,Soul,https://is1-ssl.mzstatic.com/image/thumb/Music19/v4/03/c2/15/03c2151b-8c5a-dbe5-ecfb-74851c23a684/084247951462.jpg/400x400bb.jpg
itunes_362014705,Southern Soul,Wendell B,2010,2010s,Soul,https://is1-ssl.mzstatic.com/image/thumb/Music125/v4/10/ce/14/10ce14ee-404d-b653-5182-6f413aff9632/mzi.usxkigox.jpg/400x400bb.jpg
itunes_658431766,Southern Soul,Patrick Green,2006,2000s,Soul,https://is1-ssl.mzstatic.com/image/thumb/Music2/v4/40/fb/68/40fb688b-067a-3def-fbe5-00d0501b0307/747827480324.jpg/400x400bb.jpg
itunes_1672765374,Southern Soul - EP,King Malachi,2023,2020s,Soul,https://is1-ssl.mzstatic.com/image/thumb/Music126/v4/c6/d8/61/c6d86170-cd15-08da-720f-378605d7049a/artwork.jpg/400x400bb.jpg
itunes_1811689080,Southern Soul - EP,TA Thomas,2025,2020s,Soul,https://is1-ssl.mzstatic.com/image/thumb/Music221/v4/b2/fd/67/b2fd67e7-77ca-3112-a2db-06f32b328932/25UMGIM63079.rgb.jpg/400x400bb.jpg
itunes_1054098773,Southern Soul - EP,Southern Soul,2015,2010s,Soul,https://is1-ssl.mzstatic.com/image/thumb/Music41/v4/dd/2c/23/dd2c2370-9981-5faf-28ef-6435174e48d1/mzm.jkczdmir.jpg/400x400bb.jpg
itunes_690937564,Southern Soul,Frank Foster,2013,2010s,Soul,https://is1-ssl.mzstatic.com/image/thumb/Music114/v4/14/32/a9/1432a9ea-a42d-bb0e-56f2-62124a09fe2e/884501967433.jpg/400x400bb.jpg
itunes_1531317385,Southern Soul,Dqeurious,2020,2020s,Soul,https://is1-ssl.mzstatic.com/image/thumb/Music124/v4/52/fc/20/52fc2099-62ed-3191-c3ca-39913020c117/cover_10179926.jpg/400x400bb.jpg
itunes_1616240843,Southern Soul - EP,Ratthew,2022,2020s,Soul,https://is1-ssl.mzstatic.com/image/thumb/Music122/v4/e6/b4/3b/e6b43b5e-2839-ca83-38d9-b326c98b2ab2/artwork.jpg/400x400bb.jpg
itunes_1766154746,Southern Soul,Jimmy Arnold,1983,1980s,Soul,https://is1-ssl.mzstatic.com/image/thumb/Music211/v4/1e/87/86/1e8786ce-0c9c-bcc7-361b-de0f6e3c14b2/13102.jpg/400x400bb.jpg
itunes_1802475742,Southern Soul,Eric Wayne Band,2025,2020s,Soul,https://is1-ssl.mzstatic.com/image/thumb/Music211/v4/06/09/13/06091382-5213-5d63-6fc3-a53784c7c2a6/859701918417_cover.jpg/400x400bb.jpg
itunes_261511993,Southern Soul,Jefrey Taylor,2007,2000s,Soul,https://is1-ssl.mzstatic.com/image/thumb/Music/98/bc/6e/mzi.xyrxyxss.tif/400x400bb.jpg
itunes_1666421310,Southern Soul,Ken Stubbs & Luis Perdomo,2023,2020s,Soul,https://is1-ssl.mzstatic.com/image/thumb/Music113/v4/4f/5f/cc/4f5fccbc-14b9-3218-c336-bc267df4d330/198015434771.jpg/400x400bb.jpg
itunes_1540542320,Southern Soul,Nathaniel Lee,2020,2020s,Soul,https://is1-ssl.mzstatic.com/image/thumb/Music114/v4/c3/b1/29/c3b12951-2025-f08f-66db-d2bedf2899ef/artwork.jpg/400x400bb.jpg
itunes_328176144,Southern Soul,Glimpse & Martin Eyerer,2009,2000s,Soul,https://is1-ssl.mzstatic.com/image/thumb/Music/1e/e0/75/mzi.rhjzdtue.jpg/400x400bb.jpg
itunes_996060730,Southern Soul,Southport,2015,2010s,Soul,https://is1-ssl.mzstatic.com/image/thumb/Music5/v4/17/f8/c8/17f8c83a-3b9e-38f6-91b3-1b1abcac88cb/5054316990352_cover.jpg/400x400bb.jpg
itunes_1843002331,Southern Soul (True Vine),Holy Climate Music,2025,2020s,Soul,https://is1-ssl.mzstatic.com/image/thumb/Music221/v4/20/67/1d/20671d3f-bc63-2ef3-817a-7aa7b2af27e0/artwork.jpg/400x400bb.jpg
itunes_1429909406,Power in Prayer,Southern Soul,2018,2010s,Soul,https://is1-ssl.mzstatic.com/image/thumb/Music118/v4/b3/61/02/b361026d-7a98-ed19-17a0-bb820ff98620/192914759348.jpg/400x400bb.jpg
itunes_1486654287,Southern Soul,The Bardogs,2019,2010s,Soul,https://is1-ssl.mzstatic.com/image/thumb/Music113/v4/33/d5/a2/33d5a248-ee3e-564f-27e7-15017f9c0330/4bc45b5e-b8a4-41a3-8e5f-6f4265eef774.jpg/400x400bb.jpg
itunes_1713873148,Southern Soul,Keith S Medley,2023,2020s,Soul,https://is1-ssl.mzstatic.com/image/thumb/Music126/v4/5e/63/f2/5e63f279-34c1-e6c5-8bc9-5f13d0085ce6/artwork.jpg/400x400bb.jpg
itunes_853370145,Southern Soul,Levone,2014,2010s,Soul,https://is1-ssl.mzstatic.com/image/thumb/Music/v4/2f/25/10/2f25109b-844c-d989-e7f9-4f291da51864/887936803185.jpg/400x400bb.jpg
itunes_6766872040,Southern Soul - EP,Curtis,2026,2020s,Soul,https://is1-ssl.mzstatic.com/image/thumb/Music211/v4/20/59/98/205998c2-e24b-2133-91ae-99f2484123ac/1071460.jpg/400x400bb.jpg
itunes_719702568,Southern Soul - EP,Lana Franklin,2013,2010s,Soul,https://is1-ssl.mzstatic.com/image/thumb/Music/v4/8d/f0/57/8df0576c-4cd9-8d94-161e-c0dc76dbbb88/880547538910.jpg/400x400bb.jpg
itunes_1840622399,Southern Soul: From Memphis to Muscle Shoals & More,Lucinda Williams,2020,2020s,Soul,https://is1-ssl.mzstatic.com/image/thumb/Music211/v4/03/e3/d8/03e3d8b3-94ef-dc71-19fb-cc207412f717/195497587049_Cover.jpg/400x400bb.jpg
itunes_495758476,Southern Soul,The Morrisons,2012,2010s,Soul,https://is1-ssl.mzstatic.com/image/thumb/Music/eb/c9/d9/mzi.dmffdmvb.jpg/400x400bb.jpg
itunes_982729902,Southern Soul (Remixes),AudioStorm & Milos Ilic,2015,2010s,Soul,https://is1-ssl.mzstatic.com/image/thumb/Music3/v4/3c/57/fc/3c57fc32-f22f-d68f-9183-fd056af934e3/00_Cover_Art.jpg/400x400bb.jpg
itunes_1896031612,Southern Soul - EP,Walt Love & Charlotte Day,2026,2020s,Soul,https://is1-ssl.mzstatic.com/image/thumb/Music211/v4/2f/84/a9/2f84a9d5-1321-e925-9416-0bcef9945ee6/823191136446_cover.jpg/400x400bb.jpg
itunes_1672889508,Southern Soul Royalty,T.K. Soul,2020,2020s,Soul,https://is1-ssl.mzstatic.com/image/thumb/Music116/v4/d2/ba/ee/d2baeea9-470f-d02f-f9c9-517ccaf8e821/0.jpg/400x400bb.jpg
itunes_266601413,Pure Southern Soul,Otis Redding,2007,2000s,Soul,https://is1-ssl.mzstatic.com/image/thumb/Music/8c/5d/78/mzi.hfpcorhy.jpg/400x400bb.jpg
itunes_6803936852,Southern Soul,ThunderGypsy,2026,2020s,Soul,https://is1-ssl.mzstatic.com/image/thumb/Music221/v4/61/ea/fe/61eafec2-0837-ba10-8d46-433c6c23a730/755491377055_cover.jpg/400x400bb.jpg
itunes_1674441167,Southern Soul Mixtape 3,Various Artists,2017,2010s,Soul,https://is1-ssl.mzstatic.com/image/thumb/Music116/v4/0e/1b/7d/0e1b7dba-b52c-45a5-6d98-0f99292b976d/0.jpg/400x400bb.jpg
itunes_6791039782,Southern Soul,Dirty C,2026,2020s,Soul,https://is1-ssl.mzstatic.com/image/thumb/Music211/v4/d2/40/d4/d240d411-bc20-f31a-5adf-08264847f040/artwork.jpg/400x400bb.jpg
itunes_1639151270,Southern Soul Blues Hot Spot Volume 2,Various Artists,2012,2010s,Soul,https://is1-ssl.mzstatic.com/image/thumb/Music112/v4/2f/2d/d7/2f2dd701-d3bf-db04-2905-fee4fa7d3ef1/844553062357_cover.jpg/400x400bb.jpg
itunes_1674467477,The Bad Boy of Southern Soul,T.K. Soul,2003,2000s,Soul,https://is1-ssl.mzstatic.com/image/thumb/Music116/v4/76/94/4d/76944dc7-5f31-f955-ece3-45ec2ad2a835/0.jpg/400x400bb.jpg
itunes_1674442397,Southern Soul Mixtape 2,Various Artists,2016,2010s,Soul,https://is1-ssl.mzstatic.com/image/thumb/Music116/v4/b3/cf/ba/b3cfba0b-8c9f-a2d8-7c0e-c0ae62ff4754/0.jpg/400x400bb.jpg
itunes_1757921433,Northern Soul,Various Artists,2020,2020s,Soul,https://is1-ssl.mzstatic.com/image/thumb/Music221/v4/38/0a/7a/380a7aea-6826-9adc-c1a9-f63fe8f9ca79/859744439122.jpg/400x400bb.jpg
itunes_1490313673,Northern Soul (All-Nighter),Various Artists,2019,2010s,Soul,https://is1-ssl.mzstatic.com/image/thumb/Music113/v4/03/e5/b4/03e5b42f-e018-ddfe-44e9-e635b1263018/LM00220487.jpg/400x400bb.jpg
itunes_957928793,Northern Soul - The Soundtrack To Your Life,Various Artists,2014,2010s,Soul,https://is1-ssl.mzstatic.com/image/thumb/Music5/v4/55/56/38/5556383c-5597-9d76-90b1-de7d164ade31/894232341020.jpg/400x400bb.jpg
itunes_250585813,Northern Soul,M People,1995,1990s,Soul,https://is1-ssl.mzstatic.com/image/thumb/Music/59/ad/ed/mzi.sitaymoc.jpg/400x400bb.jpg
itunes_1672766541,Northern Soul,Erik Cohen,2021,2020s,Soul,https://is1-ssl.mzstatic.com/image/thumb/Music126/v4/7e/90/2a/7e902afc-0700-f393-8ae0-bc53c11b4b67/cover.jpg/400x400bb.jpg
itunes_1563903362,Northern Soul,The Home Of Happy & Holley Gray,2021,2020s,Soul,https://is1-ssl.mzstatic.com/image/thumb/Music115/v4/aa/3c/ac/aa3cacf3-280f-b22c-49e6-671b577c4e15/024543446118_cover.jpg/400x400bb.jpg
itunes_1842667622,Northern Soul,The Acid House,2017,2010s,Soul,https://is1-ssl.mzstatic.com/image/thumb/Music211/v4/df/92/57/df92573a-3aa9-5695-7dd2-104eaec19036/859718822103_cover.jpg/400x400bb.jpg
itunes_1799304655,Northern Soul,54-40,2009,2000s,Soul,https://is1-ssl.mzstatic.com/image/thumb/Music211/v4/61/cb/0b/61cb0b02-8382-aa1d-e55d-1f8618ba8077/620638051726_cover.jpg/400x400bb.jpg
itunes_1050413646,Northern Soul - The Album,Various Artists,2015,2010s,Soul,https://is1-ssl.mzstatic.com/image/thumb/Music6/v4/c6/eb/a4/c6eba404-91d2-6549-38ed-85bb387504ff/cover.jpg/400x400bb.jpg
itunes_1023578708,Northern Soul - I'm on My Way,Dean Parrish & Carmine Appice,2015,2010s,Soul,https://is1-ssl.mzstatic.com/image/thumb/Music124/v4/18/e4/d9/18e4d96b-d024-1e86-89a2-9c77f0aacf20/mzm.kmbqzhuf.jpg/400x400bb.jpg
itunes_1686614419,Northern Soul,Patchworks,2023,2020s,Soul,https://is1-ssl.mzstatic.com/image/thumb/Music116/v4/61/87/62/618762b0-2839-f32a-06c1-bde50f58b2de/cover.jpg/400x400bb.jpg
itunes_1717856460,Northern Soul - The Faith Lives On Vol 1,Matt Early & Lee Jeffries,2023,2020s,Soul,https://is1-ssl.mzstatic.com/image/thumb/Music116/v4/67/c3/07/67c3074c-e3d1-0a40-dd15-0c82623f48f7/197190438130.jpg/400x400bb.jpg
itunes_367492294,Northern Soul,Freddie North,2010,2010s,Soul,https://is1-ssl.mzstatic.com/image/thumb/Music/d5/1d/8b/mzi.vhtyrbni.jpg/400x400bb.jpg
itunes_1838168157,Northern Soul,The Holy North,2025,2020s,Soul,https://is1-ssl.mzstatic.com/image/thumb/Music221/v4/b3/06/54/b30654ef-e9c4-7cd0-7233-3f92c8961852/199502377588_cover.jpg/400x400bb.jpg
itunes_1512504454,Northern Soul - EP,Mice On Mars,2018,2010s,Soul,https://is1-ssl.mzstatic.com/image/thumb/Music221/v4/0e/3b/1c/0e3b1c2c-45a1-4e92-8fc2-056d781c25c1/12857.jpg/400x400bb.jpg
itunes_1720377635,Northern Soul,Eric Starczan,2022,2020s,Soul,https://is1-ssl.mzstatic.com/image/thumb/Music126/v4/db/00/72/db0072c8-40b6-dab2-23ec-e485e71c1e7a/cover.jpg/400x400bb.jpg
itunes_339901096,"""Northern Soul - the Big City Records Collection""",Luckey Jamal Davis,2009,2000s,Soul,https://is1-ssl.mzstatic.com/image/thumb/Music/01/f3/91/mzi.rdunzmui.jpg/400x400bb.jpg
itunes_1151701202,Northern Soul,Morpion,2016,2010s,Soul,https://is1-ssl.mzstatic.com/image/thumb/Music71/v4/e7/9c/57/e79c5799-4dbe-18b6-93f1-3f5aaef6ee57/cover.jpg/400x400bb.jpg
itunes_1467811826,Northern Soul,Andrew Deevey,2019,2010s,Soul,https://is1-ssl.mzstatic.com/image/thumb/Music113/v4/db/8d/a0/db8da06b-c44b-c069-d2b8-870eb3fcd137/5024545861723.jpg/400x400bb.jpg
itunes_1725498711,Northern Soul - EP,Mikhail Chirinashvili,2024,2020s,Soul,https://is1-ssl.mzstatic.com/image/thumb/Music126/v4/7f/fc/50/7ffc502d-fc0a-c88e-f6ec-87d140ab736a/cover.jpg/400x400bb.jpg
itunes_423253891,"Northern Soul: Keep the Faith, Vol. 3",Various Artists,2009,2000s,Soul,https://is1-ssl.mzstatic.com/image/thumb/Music124/v4/d6/fe/78/d6fe7865-2fb5-ee3f-3589-8d7b3cbeba95/mzi.wfiztmmd.jpg/400x400bb.jpg
itunes_1687219124,Northern Soul,John & Sheila Ludgate,2013,2010s,Soul,https://is1-ssl.mzstatic.com/image/thumb/Music126/v4/f6/0e/43/f60e4351-074f-1b46-8fb8-df1088134aac/813429000342.jpg/400x400bb.jpg
itunes_1885244797,Northern Soul,Pennymoney,2026,2020s,Soul,https://is1-ssl.mzstatic.com/image/thumb/Music221/v4/29/04/a8/2904a833-1f27-7a92-9556-2ceaaf7995b9/artwork.jpg/400x400bb.jpg
itunes_423789319,"Northern Soul: Keep the Faith, Vol. 6",Various Artists,2009,2000s,Soul,https://is1-ssl.mzstatic.com/image/thumb/Music/7f/80/0e/mzi.glinrjrp.jpg/400x400bb.jpg
itunes_1442287322,A Northern Soul,The Verve,1995,1990s,Soul,https://is1-ssl.mzstatic.com/image/thumb/Music118/v4/1b/78/1f/1b781fb2-d8cc-09e6-e6a0-dcb24c76d55d/00602557091229.rgb.jpg/400x400bb.jpg
itunes_1349163920,"Peace of Valhalla Paradise – Nordic Relaxation: Norse Journey, Vikings Dreams, Scandinavian Serenity, Northern Soul",Mindfullness Meditation World,2018,2010s,Soul,https://is1-ssl.mzstatic.com/image/thumb/Music118/v4/cb/a2/5d/cba25df4-3b7f-eb32-5839-5160a214541f/8176930283829.jpg/400x400bb.jpg
itunes_430973911,"Northern Soul: Keep the Faith, Vol. 8",Various Artists,2009,2000s,Soul,https://is1-ssl.mzstatic.com/image/thumb/Music/77/9a/1a/mzi.mcucchuy.jpg/400x400bb.jpg
itunes_1442861743,A Northern Soul (2016 Remastered) [Deluxe],The Verve,1995,1990s,Soul,https://is1-ssl.mzstatic.com/image/thumb/Music114/v4/a0/9f/27/a09f27e6-dcb1-17ec-759a-d71c56c4f756/00602547865816.rgb.jpg/400x400bb.jpg
itunes_1446778508,Northern Soul: Philly Edition,Various Artists,2019,2010s,Soul,https://is1-ssl.mzstatic.com/image/thumb/Music128/v4/37/73/2e/37732ec4-72b3-b2b2-8239-d4ffbd88a26e/N_Soul.jpg/400x400bb.jpg
itunes_423784352,"Northern Soul: Keep the Faith, Vol. 5",Various Artists,2009,2000s,Soul,https://is1-ssl.mzstatic.com/image/thumb/Music/17/d1/80/mzi.rxhckisk.jpg/400x400bb.jpg
itunes_416961631,"Northern Soul: Day and Night, Pt. 5",Various Artists,2005,2000s,Soul,https://is1-ssl.mzstatic.com/image/thumb/Music/72/cb/a3/mzi.lhdjnmhe.jpg/400x400bb.jpg
itunes_433658330,"Northern Soul: Day and Night, Pt. 8",Various Artists,2005,2000s,Soul,https://is1-ssl.mzstatic.com/image/thumb/Music/16/68/9a/mzi.jjadrcbq.jpg/400x400bb.jpg
itunes_1709021648,Northern Soul,sangrr,2023,2020s,Soul,https://is1-ssl.mzstatic.com/image/thumb/Music116/v4/95/20/79/952079df-56dd-1ec9-be4e-ffc07a5aea7a/artwork.jpg/400x400bb.jpg
itunes_1742692563,Northern Soul - EP,Bri Ward,2024,2020s,Soul,https://is1-ssl.mzstatic.com/image/thumb/Music211/v4/9d/ca/91/9dca9177-2553-05b8-9661-e9a07eef61e3/artwork.jpg/400x400bb.jpg
itunes_1850787006,Northern Soul - EP,Clint Friction,2025,2020s,Soul,https://is1-ssl.mzstatic.com/image/thumb/Music211/v4/0e/80/8f/0e808fc8-625c-8b64-5403-51250407bc29/199800922947.jpg/400x400bb.jpg
itunes_1879169535,Northern Soul (Part One),S D Clark,2026,2020s,Soul,https://is1-ssl.mzstatic.com/image/thumb/Music221/v4/5d/1f/41/5d1f410d-9e50-91ff-35c4-d6199d930e6b/artwork.jpg/400x400bb.jpg
itunes_6810206228,FUNK PEREDAO - EP,ICEDMANE & SXCRXT-EXE,2026,2020s,Funk,https://is1-ssl.mzstatic.com/image/thumb/Music221/v4/40/4b/36/404b3620-8546-7ee9-c8a3-2dde591dad84/cover.jpg/400x400bb.jpg
itunes_332672522,Zapp & Roger: All the Greatest Hits,Zapp & Roger,1993,1990s,Funk,https://is1-ssl.mzstatic.com/image/thumb/Music125/v4/04/7a/d9/047ad9aa-ed28-cf0d-8ea3-4ff8ae3090bd/mzi.esilaluw.jpg/400x400bb.jpg
itunes_1456444801,Greatest Hits,"Earth, Wind & Fire",1998,1990s,Funk,https://is1-ssl.mzstatic.com/image/thumb/Music211/v4/5d/66/3b/5d663b1f-dcc9-030d-0cf1-fc5d344d391d/886447618448.jpg/400x400bb.jpg
itunes_1440873107,Night Visions,Imagine Dragons,2012,2010s,Funk,https://is1-ssl.mzstatic.com/image/thumb/Music112/v4/1f/fa/09/1ffa092f-f52f-4a66-7d10-4cc5982dc747/12UMGIM46901.rgb.jpg/400x400bb.jpg
itunes_1203896404,Greatest Hits,Al Green,1975,1970s,Funk,https://is1-ssl.mzstatic.com/image/thumb/Music116/v4/c0/90/63/c0906357-b17c-bfcc-30c8-0532c52d8d0d/886446283692.jpg/400x400bb.jpg
itunes_1417397114,The Princess and The Frog (Original Motion Picture Soundtrack),"Randy Newman, Anika Noni Rose & Jim Cummings",2009,2000s,Funk,https://is1-ssl.mzstatic.com/image/thumb/Music116/v4/81/1c/a8/811ca845-9557-9c81-e974-ecae6df3001f/18UMGIM44349.rgb.jpg/400x400bb.jpg
itunes_193084944,Make It Big,Wham!,1984,1980s,Funk,https://is1-ssl.mzstatic.com/image/thumb/Music115/v4/ee/49/ac/ee49accc-78bd-bcdb-1aff-c40c1ac3ccc4/074643959520.jpg/400x400bb.jpg
itunes_198017385,The Essential Isley Brothers,The Isley Brothers,2004,2000s,Funk,https://is1-ssl.mzstatic.com/image/thumb/Music125/v4/1e/34/dd/1e34ddc4-b87d-d9f9-ebbd-aa822a29cc79/mzi.nqjgihhk.jpg/400x400bb.jpg
itunes_1440774926,20th Century Masters - The Millennium Collection: The Best of Rick James,Rick James,2000,2000s,Funk,https://is1-ssl.mzstatic.com/image/thumb/Music125/v4/22/60/6c/22606cd1-40fc-3b1e-fbb0-65dcf102bf08/06UMGIM02155.rgb.jpg/400x400bb.jpg
itunes_186166282,Off the Wall,Michael Jackson,1979,1970s,Funk,https://is1-ssl.mzstatic.com/image/thumb/Music221/v4/0c/fe/a3/0cfea324-57c1-d530-5248-9bb591bbd7bf/074643574525.jpg/400x400bb.jpg
itunes_1018520424,Rapture,Anita Baker,1986,1980s,Funk,https://is1-ssl.mzstatic.com/image/thumb/Music124/v4/64/ab/bc/64abbc66-b724-1ca1-68e5-afafbb2b9f2e/603497888283.jpg/400x400bb.jpg
itunes_523223720,I Am,"Earth, Wind & Fire",1979,1970s,Funk,https://is1-ssl.mzstatic.com/image/thumb/Music124/v4/1a/99/d8/1a99d83b-8949-029b-302b-ec6b62689b4e/886443461536.jpg/400x400bb.jpg
itunes_1424520684,20th Century Masters - The Millennium Collection: The Best of the Gap Band,The Gap Band,2000,2000s,Funk,https://is1-ssl.mzstatic.com/image/thumb/Music112/v4/fa/ea/dd/faeadd17-1a37-54a0-caff-5a7e2c71c789/06UMGIM06524.rgb.jpg/400x400bb.jpg
itunes_724665117,"The Greatest Hits: Lifelines, Vol. 1",MAZE & Frankie Beverly,1989,1980s,Funk,https://is1-ssl.mzstatic.com/image/thumb/Music122/v4/2c/9b/04/2c9b0428-bf86-70a2-8110-e4e859afb9ff/13UABIM74017.rgb.jpg/400x400bb.jpg
itunes_1440805214,Street Songs,Rick James,1981,1980s,Funk,https://is1-ssl.mzstatic.com/image/thumb/Music125/v4/5f/e4/43/5fe4433e-a9ef-ccd6-4220-86dfa5e34a61/00602527921600.rgb.jpg/400x400bb.jpg
itunes_1784790555,Whitney Houston,Whitney Houston,1985,1980s,Funk,https://is1-ssl.mzstatic.com/image/thumb/Music221/v4/d4/e7/4b/d4e74b10-3476-3471-4b74-60a05103f876/196872754551.jpg/400x400bb.jpg
itunes_1440820988,Hotter Than July,Stevie Wonder,1980,1980s,Funk,https://is1-ssl.mzstatic.com/image/thumb/Music125/v4/10/71/7e/10717e68-72d1-e3ce-6173-a920506bf797/00602537779482.rgb.jpg/400x400bb.jpg
itunes_1143817528,Funk!,Brian Culbertson,2016,2010s,Funk,https://is1-ssl.mzstatic.com/image/thumb/Music221/v4/07/5e/3d/075e3d59-2b4d-0fdc-fb60-9208d403aad1/859717988381_cover.jpg/400x400bb.jpg
itunes_1446742602,The Definitive Collection,Stevie Wonder,2002,2000s,Funk,https://is1-ssl.mzstatic.com/image/thumb/Music115/v4/29/3a/92/293a9224-329d-3ede-ed4c-caba1c045e97/00602547215086.rgb.jpg/400x400bb.jpg
itunes_551515699,Bad 25th Anniversary,Michael Jackson,1987,1980s,Funk,https://is1-ssl.mzstatic.com/image/thumb/Features124/v4/0b/fb/b5/0bfbb592-e2ce-065a-a098-09f55cee22db/dj.iziroksp.jpg/400x400bb.jpg
itunes_1440723498,The Definitive Collection,Lionel Richie,2003,2000s,Funk,https://is1-ssl.mzstatic.com/image/thumb/Music122/v4/a2/42/21/a24221ca-86a6-7bc0-6497-904434415c32/06UMGIM11025.rgb.jpg/400x400bb.jpg
itunes_1674672120,The Gap Band IV,The Gap Band,1979,1970s,Funk,https://is1-ssl.mzstatic.com/image/thumb/Music116/v4/b3/d9/35/b3d9353c-c479-3ecc-c4e1-d1f58fd2e56c/20UMGIM59905.rgb.jpg/400x400bb.jpg
itunes_1133378411,I'm Still In Love with You,Al Green,1972,1970s,Funk,https://is1-ssl.mzstatic.com/image/thumb/Music221/v4/8d/19/29/8d19295e-9776-1319-adb2-9d07249473ab/886445997743.jpg/400x400bb.jpg
itunes_1442972066,Commodores,The Commodores,1977,1970s,Funk,https://is1-ssl.mzstatic.com/image/thumb/Music115/v4/ae/9c/17/ae9c1700-324c-5599-071a-dc64f6b637ff/15UMGIM15842.rgb.jpg/400x400bb.jpg
itunes_1440838561,Rhythm Nation 1814,Janet Jackson,1989,1980s,Funk,https://is1-ssl.mzstatic.com/image/thumb/Music124/v4/5c/06/a5/5c06a5fc-6424-25e4-37c4-da5a9a18dd8a/00602547592378.rgb.jpg/400x400bb.jpg
itunes_1440831636,Control,Janet Jackson,1986,1980s,Funk,https://is1-ssl.mzstatic.com/image/thumb/Music115/v4/ed/b0/20/edb02000-b77f-22f4-6b7f-c46f62d4517c/00602547592361.rgb.jpg/400x400bb.jpg
itunes_721299070,The Best of Bobby Womack - The Soul Years,Bobby Womack,2008,2000s,Funk,https://is1-ssl.mzstatic.com/image/thumb/Music126/v4/41/00/88/410088ce-319f-ee36-039a-115571fa1ca0/13UABIM51972.rgb.jpg/400x400bb.jpg
itunes_1873686926,SARAVIA FUNK - EP,"RD12, Dj Funks, DJ DYLANFK & 0to8",2025,2020s,Funk,https://is1-ssl.mzstatic.com/image/thumb/Music221/v4/10/6a/07/106a07ee-abc3-9139-9b15-b84ff7d3aaab/4210610.jpg/400x400bb.jpg
itunes_1550372297,The Essential Teddy Pendergrass,Teddy Pendergrass,2007,2000s,Funk,https://is1-ssl.mzstatic.com/image/thumb/Music115/v4/0a/be/f9/0abef9a7-1c41-ce26-a46c-3331f1a3d997/886447946565.jpg/400x400bb.jpg
itunes_384975076,The Best of Gerald Levert,Gerald Levert,2010,2010s,Funk,https://is1-ssl.mzstatic.com/image/thumb/Music115/v4/75/c7/ab/75c7ab97-7f4f-865d-b736-0d53eb14945b/mzi.jcpaarbh.jpg/400x400bb.jpg
itunes_1422627282,Worldwide Underground,Erykah Badu,2003,2000s,Funk,https://is1-ssl.mzstatic.com/image/thumb/Music124/v4/73/f5/09/73f50998-4b58-0fe9-fac6-c2d83ca067c5/00602557325478.rgb.jpg/400x400bb.jpg
itunes_1440922695,L.T.D.: Greatest Hits,L.T.D.,1996,1990s,Funk,https://is1-ssl.mzstatic.com/image/thumb/Music115/v4/df/b6/df/dfb6dfdb-1fb2-85b3-b654-8b957ca0779d/00731454052023.rgb.jpg/400x400bb.jpg
itunes_1440837684,Mothership Connection,Parliament,1975,1970s,Funk,https://is1-ssl.mzstatic.com/image/thumb/Music118/v4/b3/dc/3a/b3dc3af0-b044-6914-1cdf-2ba2c8b36169/00602547748492.rgb.jpg/400x400bb.jpg
itunes_840431884,Whitney,Whitney Houston,1987,1980s,Funk,https://is1-ssl.mzstatic.com/image/thumb/Music115/v4/86/b5/25/86b525b1-bff1-4bf6-6112-531251b3d672/dj.hthdmusj.jpg/400x400bb.jpg
itunes_1877221220,Thrill of the Arts,Vulfpeck,2015,2010s,Funk,https://is1-ssl.mzstatic.com/image/thumb/Music221/v4/0b/19/e6/0b19e68d-b252-f273-5270-ac84ff72bed0/859715144987.jpg/400x400bb.jpg
itunes_211676462,Stronger Than Pride,Sade,1988,1980s,Funk,https://is1-ssl.mzstatic.com/image/thumb/Features/da/1b/07/dj.mizortch.jpg/400x400bb.jpg
itunes_1440770748,If I Ever Fall In Love,Shai,1992,1990s,Funk,https://is1-ssl.mzstatic.com/image/thumb/Music115/v4/fe/09/3f/fe093f49-048b-fdd5-0d48-4e55d24470fa/00008811076221.rgb.jpg/400x400bb.jpg
itunes_1443225214,It Must Be Magic (Remastered 2002 / Expanded Edition),Teena Marie,1981,1980s,Funk,https://is1-ssl.mzstatic.com/image/thumb/Music115/v4/1c/65/9f/1c659f4a-e452-4e8b-242a-db117dc068fc/00044006498829.rgb.jpg/400x400bb.jpg
itunes_1440757180,The Very Best Of Rufus (feat. Chaka Khan),Chaka Khan & Rufus,1982,1980s,Funk,https://is1-ssl.mzstatic.com/image/thumb/Music115/v4/d2/66/a5/d266a504-1a54-f005-6480-e5ef9ccbc7c2/06UMGIM07336.rgb.jpg/400x400bb.jpg
itunes_1202370682,Why Can't We Be Friends?,War,1975,1970s,Funk,https://is1-ssl.mzstatic.com/image/thumb/Music115/v4/a4/e7/a6/a4e7a6d8-dd73-5d78-48ed-ab4d2ceeedae/602527594880.jpg/400x400bb.jpg
itunes_523227111,Spirit,"Earth, Wind & Fire",1976,1970s,Funk,https://is1-ssl.mzstatic.com/image/thumb/Music124/v4/5a/43/e2/5a43e229-6089-8e7b-8969-7f94edb9c7e3/886443461482.jpg/400x400bb.jpg
itunes_1431061887,The Very Best of Kool & The Gang,Kool & The Gang,1999,1990s,Funk,https://is1-ssl.mzstatic.com/image/thumb/Music124/v4/48/c9/c3/48c9c3a6-35e7-fd96-f3c8-80956c70e6ca/00602567825494.rgb.jpg/400x400bb.jpg
itunes_1472016308,20th Century Masters - The Millennium Collection: The Best of Teena Marie,Teena Marie,2001,2000s,Funk,https://is1-ssl.mzstatic.com/image/thumb/Music125/v4/c2/b0/75/c2b0755d-16b1-01cc-445e-69a6aac09846/07UMGIM01595.rgb.jpg/400x400bb.jpg
itunes_1440925570,The Best of Parliament - Give Up the Funk,Parliament,1995,1990s,Funk,https://is1-ssl.mzstatic.com/image/thumb/Music124/v4/6f/ca/06/6fca065f-7551-561c-661a-827502dacf8c/06UMGIM21392.rgb.jpg/400x400bb.jpg
itunes_1434906848,Live: P Funk Earth Tour,Parliament,1977,1970s,Funk,https://is1-ssl.mzstatic.com/image/thumb/Music128/v4/83/2e/76/832e76fa-6dc6-0a24-1757-b28a9eb2dcb4/00602567833307.rgb.jpg/400x400bb.jpg
itunes_217539619,T.A.P.O.A.F.O.M. (The Awesome Power of a Fully Operational Mothership),George Clinton & The P-Funk Allstars,1996,1990s,Funk,https://is1-ssl.mzstatic.com/image/thumb/Music124/v4/e2/0d/88/e20d88dc-92e0-8653-e203-4c4587e17eeb/mzi.bqfdzsui.jpg/400x400bb.jpg
itunes_1595703588,Hydraulic Funk,P-Funk All Stars,2006,2000s,Funk,https://is1-ssl.mzstatic.com/image/thumb/Music126/v4/dd/01/d8/dd01d8f9-041c-7780-6799-025c4224ae91/artwork.jpg/400x400bb.jpg
itunes_1444155229,Live At Montreux 2004,"George Clinton, Parliament & Funkadelic",2005,2000s,Funk,https://is1-ssl.mzstatic.com/image/thumb/Music128/v4/f8/33/3d/f8333d12-8208-c352-08a4-33be532be0c7/00826992007427.rgb.jpg/400x400bb.jpg
itunes_193944439,6 Degrees of P-Funk: The Best of George Clinton and His Funk Family,George Clinton,2003,2000s,Funk,https://is1-ssl.mzstatic.com/image/thumb/Music/d7/ae/c6/mzi.oxaidfef.jpg/400x400bb.jpg
itunes_1348377879,P Funk - EP,A.K.A. & Soultec,2018,2010s,Funk,https://is1-ssl.mzstatic.com/image/thumb/Music118/v4/bf/c9/ac/bfc9ac6d-460e-ef47-dcba-748790d58a6f/cover.jpg/400x400bb.jpg
itunes_1619732503,If Anybody Gets Funked Up (It's Gonna Be You),George Clinton & The P-Funk Allstars,1996,1990s,Funk,https://is1-ssl.mzstatic.com/image/thumb/Music112/v4/3e/ce/40/3ece40f2-0b68-c142-573f-c628ebdb860f/886449438990.jpg/400x400bb.jpg
itunes_927999502,A New P-Funk Era,Pascal,2000,2000s,Funk,https://is1-ssl.mzstatic.com/image/thumb/Music1/v4/78/10/51/78105160-4448-7ada-bcc2-8bfc3c885284/TPR12026.jpg/400x400bb.jpg
itunes_1716109610,MAJANI,P-Funk Majani,2023,2020s,Funk,https://is1-ssl.mzstatic.com/image/thumb/Music126/v4/7b/15/7d/7b157da6-547b-968c-295c-c61ef53a5557/0.jpg/400x400bb.jpg
itunes_1670223273,P-Funk Guitar Riffs For DJ's,Michael Hampton,1995,1990s,Funk,https://is1-ssl.mzstatic.com/image/thumb/Music116/v4/50/98/7f/50987faa-14f3-6905-2bc2-483ae2dae64c/349.jpg/400x400bb.jpg
itunes_1894698362,Oldies but Goodies Instrumentals P-Funk Edition - EP,Hydrolic West,2026,2020s,Funk,https://is1-ssl.mzstatic.com/image/thumb/Music211/v4/0b/3b/dc/0b3bdc82-7d99-8018-cb04-a225f28a3786/5063960605628_cover.jpg/400x400bb.jpg
itunes_1469755350,P-Funk2,Lil Noid,2018,2010s,Funk,https://is1-ssl.mzstatic.com/image/thumb/Music221/v4/36/d9/57/36d957e8-49d6-3fcd-4ca6-cb828c2a06c9/1rnRAYo3PRp6Q-p-funk2-original.png/400x400bb.jpg
itunes_1183600369,P&P Funk - A Collection of Classic Funk From the Vaults of P&P Records,Various Artists,2005,2000s,Funk,https://is1-ssl.mzstatic.com/image/thumb/Music122/v4/df/5e/91/df5e912b-7c9c-584b-b9a8-4cca8db24125/PP-4014_-_Various_Artists_P_P_Funk.jpg/400x400bb.jpg
itunes_1440826504,American Beauty / American Psycho,Fall Out Boy,2015,2010s,Funk,https://is1-ssl.mzstatic.com/image/thumb/Music124/v4/ea/5f/87/ea5f87ea-4bc3-0e01-456c-37401a4268f2/14UMGIM60337.rgb.jpg/400x400bb.jpg
itunes_315025768,Let Go,Avril Lavigne,2002,2000s,Funk,https://is1-ssl.mzstatic.com/image/thumb/Music115/v4/32/2c/f3/322cf324-9ea1-3962-865a-f4f9bf83764d/888880191069.jpg/400x400bb.jpg
itunes_269541006,Respect My Mind,Slow P and P Funk Jr,2007,2000s,Funk,https://is1-ssl.mzstatic.com/image/thumb/Music/64/05/c8/mzi.iexdfopc.tif/400x400bb.jpg
itunes_1443601998,American Love Call,Durand Jones & The Indications,2019,2010s,Funk,https://is1-ssl.mzstatic.com/image/thumb/Music115/v4/1e/7a/35/1e7a3530-4db3-d105-f4fa-8d09e1580dcd/656605147765.jpg/400x400bb.jpg
itunes_1877223421,Mr. Finish Line,Vulfpeck,2017,2010s,Funk,https://is1-ssl.mzstatic.com/image/thumb/Music221/v4/67/4a/8f/674a8f46-a960-ab18-5bd0-e6e051e7de34/859723089874.jpg/400x400bb.jpg
itunes_1443854519,Word Up!,Cameo,1986,1980s,Funk,https://is1-ssl.mzstatic.com/image/thumb/Music122/v4/d0/75/0d/d0750dcb-9c62-49ef-41ad-45b026901667/06UMGIM21181.rgb.jpg/400x400bb.jpg
itunes_1473303796,Best Of,The S.O.S. Band,2011,2010s,Funk,https://is1-ssl.mzstatic.com/image/thumb/Music124/v4/c4/88/52/c48852ff-b542-2884-a696-ca39e0b4cdf3/19UMGIM65658.rgb.jpg/400x400bb.jpg
itunes_212579326,Greatest Hits,Sly & The Family Stone,1970,1970s,Funk,https://is1-ssl.mzstatic.com/image/thumb/Music125/v4/da/10/25/da102506-5da5-2b7e-c4a2-7d54155c9455/828767591025.jpg/400x400bb.jpg
itunes_118754826,Funky Town: 70's Disco Classics,Funky Town,2006,2000s,Disco,https://is1-ssl.mzstatic.com/image/thumb/Music/84/4e/3e/mzi.vpjzjskq.jpg/400x400bb.jpg
itunes_259634947,Disco Classics,Tiny Tavares,2007,2000s,Disco,https://is1-ssl.mzstatic.com/image/thumb/Music221/v4/68/ce/68/68ce68dd-61b5-41f2-cf79-f7265f1d5644/ticket.vxredxkr.jpg/400x400bb.jpg
itunes_14142502,"Disco Classics: Sam Records Extended Play, Vol. 1",Various Artists,2000,2000s,Disco,https://is1-ssl.mzstatic.com/image/thumb/Music/y2004/m05/d26/h17/s05.srlossxa.jpg/400x400bb.jpg
itunes_1623223957,Disco Classics,Various Artists,2022,2020s,Disco,https://is1-ssl.mzstatic.com/image/thumb/Music116/v4/a7/b3/f3/a7b3f329-3b1d-2051-91e3-87722232318b/4680961239099.jpg/400x400bb.jpg
itunes_14142551,"Disco Classics: Sam Records Extended Play, Vol. 2",Various Artists,2001,2000s,Disco,https://is1-ssl.mzstatic.com/image/thumb/Music/y2004/m05/d26/h17/s05.opnvkfpy.jpg/400x400bb.jpg
itunes_354003618,Classics,Ratatat,2006,2000s,Disco,https://is1-ssl.mzstatic.com/image/thumb/Music116/v4/b8/49/69/b84969fc-a475-ebc2-6496-274eb0771360/634904219888.png/400x400bb.jpg
itunes_1127498099,Disco Classics,DJ Funsko,2011,2010s,Disco,https://is1-ssl.mzstatic.com/image/thumb/Music18/v4/04/34/28/04342877-d616-2e7b-b2eb-fab7bdf3514f/cover.jpg/400x400bb.jpg
itunes_1745735521,Disco Classics,Diamond String Orchestra,2020,2020s,Disco,https://is1-ssl.mzstatic.com/image/thumb/Music211/v4/09/72/db/0972db1d-4453-2086-de0c-4d5c315b472a/AMBORCH007.jpg/400x400bb.jpg
itunes_280816942,Disco Classics V.1,Midnight Players,2008,2000s,Disco,https://is1-ssl.mzstatic.com/image/thumb/Music4/v4/b1/60/93/b160938c-c891-3362-8cfc-82d934d9cd54/dj.lpumecfb.jpg/400x400bb.jpg
itunes_1573476209,"Twelve Inch Disco Classics from the 70s, Vol. 6",Various Artists,2014,2010s,Disco,https://is1-ssl.mzstatic.com/image/thumb/Music115/v4/28/fc/99/28fc9933-6ec6-58c7-3132-c666e1f545b7/809842515020_cover.jpg/400x400bb.jpg
itunes_737769379,Italo Disco Classics,Various Artists,2013,2010s,Disco,https://is1-ssl.mzstatic.com/image/thumb/Music124/v4/36/95/76/369576cb-421a-244a-17fd-f25ea95f516e/zyx_57094-2.jpg/400x400bb.jpg
itunes_1573476420,"Twelve Inch Disco Classics from the 70s, Vol. 7",Various Artists,2014,2010s,Disco,https://is1-ssl.mzstatic.com/image/thumb/Music115/v4/5f/96/5d/5f965d0a-386a-545d-0e9a-a0e92db07267/809842515129_cover.jpg/400x400bb.jpg
itunes_1627607699,"Twelve Inch Disco Classics from the '70s, Vol. 4",Various Artists,2011,2010s,Disco,https://is1-ssl.mzstatic.com/image/thumb/Music112/v4/92/09/a1/9209a1c0-0746-9448-9030-eaa828fb72f1/195729848481_cover.jpg/400x400bb.jpg
itunes_1267850112,Alltime Disco Classics Refreshed,Various Artists,2017,2010s,Disco,https://is1-ssl.mzstatic.com/image/thumb/Music128/v4/37/b7/cf/37b7cfd9-0524-f171-c020-92f7e357e738/cover_10125044.jpg/400x400bb.jpg
itunes_363449810,Extreme Disco Classics,Extreme Party Animals,2010,2010s,Disco,https://is1-ssl.mzstatic.com/image/thumb/Music/2a/38/12/mzi.hyqaqrut.jpg/400x400bb.jpg
itunes_361383824,Disco Classics Explosion!,Abfab Party Band,2010,2010s,Disco,https://is1-ssl.mzstatic.com/image/thumb/Music/f7/5a/05/mzi.ofjqanwa.jpg/400x400bb.jpg
itunes_1573013742,"Twelve Inch Disco Classics from the '70s, Vol. 3",Various Artists,2011,2010s,Disco,https://is1-ssl.mzstatic.com/image/thumb/Music125/v4/4d/ac/14/4dac1448-ee47-2e44-9d01-c369fbbd05b4/885686883587_cover.jpg/400x400bb.jpg
itunes_910419672,"90's Dance Club Music: Best of 1990's Dance, House & Disco Songs. Top Classics & Radio Party Hits",Nineties Fashion Society,2014,2010s,Disco,https://is1-ssl.mzstatic.com/image/thumb/Music124/v4/13/83/9b/13839b12-c8e6-0d1a-65b2-0a9255d494e7/888831636847.jpg/400x400bb.jpg
itunes_658999344,90 Disco Classics Compilation,Various Artists,2013,2010s,Disco,https://is1-ssl.mzstatic.com/image/thumb/Music/v4/9b/b8/dc/9bb8dcf0-dba3-487e-c272-bdf4f0232b13/888002543271.jpg/400x400bb.jpg
itunes_396677791,"Disco Classics, vol. 5",Various Artists,2000,2000s,Disco,https://is1-ssl.mzstatic.com/image/thumb/Music/84/24/3b/mzi.wqyoilwg.jpg/400x400bb.jpg
itunes_1518800796,"Miami Soul, Funk & Disco Classics",Various Artists,2020,2020s,Disco,https://is1-ssl.mzstatic.com/image/thumb/Music123/v4/70/4d/47/704d4791-fb0c-2d49-f67f-f6284e41adbc/5059460030626.jpg/400x400bb.jpg
itunes_1579529380,"12"" Disco Classics",Various Artists,2021,2020s,Disco,https://is1-ssl.mzstatic.com/image/thumb/Music115/v4/f6/d0/74/f6d07461-9ca0-34b8-bde8-08339fc2c5d3/5059460091788.jpg/400x400bb.jpg
itunes_1608198004,Faraway Reach,Classixx,2016,2010s,Disco,https://is1-ssl.mzstatic.com/image/thumb/Music126/v4/c9/29/f3/c929f32a-e640-c9ab-2b40-79e32963bf14/196626335616.jpg/400x400bb.jpg
itunes_1573445816,"Twelve Inch Disco Classics from the 70s, Vol. 5",Various Artists,2014,2010s,Disco,https://is1-ssl.mzstatic.com/image/thumb/Music115/v4/23/b6/39/23b639aa-0e75-3145-eade-9b4d0ebdd826/809842514924_cover.jpg/400x400bb.jpg
itunes_1579731076,Get Down Tonight Disco Classics,Various Artists,2021,2020s,Disco,https://is1-ssl.mzstatic.com/image/thumb/Music115/v4/64/e2/78/64e278a9-4001-8e99-6ac3-fa2df3634440/5059460091320.jpg/400x400bb.jpg
itunes_328270763,"Disco Classics the Box, Vol. 3 (Original Long 12-Inch Versions)",Various Artists,1998,1990s,Disco,https://is1-ssl.mzstatic.com/image/thumb/Music/d1/c3/f2/mzi.taqvmpls.jpg/400x400bb.jpg
itunes_339069994,"Disco Classics Megamix, Vol. 3",The Allstars,2009,2000s,Disco,https://is1-ssl.mzstatic.com/image/thumb/Music/26/72/2e/mzi.hkulbwvs.jpg/400x400bb.jpg
itunes_339080460,"Disco Classics Megamix, Vol. 2",The Allstars,2009,2000s,Disco,https://is1-ssl.mzstatic.com/image/thumb/Music/df/9a/8c/mzi.lpvzwopr.jpg/400x400bb.jpg
itunes_1398986865,Le Freak: Disco Classics,Various Artists,2018,2010s,Disco,https://is1-ssl.mzstatic.com/image/thumb/Music125/v4/17/62/77/1762779f-ad4c-cb42-3e85-2d9491693131/842474181416.jpg/400x400bb.jpg
itunes_1446738889,"Classics, Vol. 27 (feat. Jeffrey Osborne)",L.T.D.,1987,1980s,Disco,https://is1-ssl.mzstatic.com/image/thumb/Music115/v4/20/af/d3/20afd30a-4abb-3e00-6b5d-e25d4eddc75f/00075021252523.rgb.jpg/400x400bb.jpg
itunes_726087850,Disco 80's Abs Workout (Tone It Up Fit @ the Hottest Disco Classics),The Allstars,2013,2010s,Disco,https://is1-ssl.mzstatic.com/image/thumb/Music4/v4/45/06/65/450665b1-a88f-173d-3cd1-85d5d2fe3490/disco_80_s_abs_workoutkopie.jpg/400x400bb.jpg
itunes_1616912097,"Future Nu Disco Classics, Vol. 06",Various Artists,2022,2020s,Disco,https://is1-ssl.mzstatic.com/image/thumb/Music122/v4/92/28/c9/9228c99e-029a-eefc-80a2-afdab866388b/cover.jpg/400x400bb.jpg
itunes_1179979223,"Disco Classics, Vol. 1",DJ Soulful,2017,2010s,Disco,https://is1-ssl.mzstatic.com/image/thumb/Music71/v4/4a/c5/76/4ac576b1-e5f2-21fb-28c2-3960d995e000/cover_10113309.jpg/400x400bb.jpg
itunes_1440668986,20 #1's: 80's Club Classics,Various Artists,2015,2010s,Disco,https://is1-ssl.mzstatic.com/image/thumb/Music122/v4/03/83/fb/0383fb69-9126-26dc-04a0-763eaa0e2a4f/15UMGIM27270.rgb.jpg/400x400bb.jpg
itunes_1744611384,"Future Nu Disco Classics, Vol. 24",Various Artists,2024,2020s,Disco,https://is1-ssl.mzstatic.com/image/thumb/Music221/v4/09/a1/39/09a13925-ff25-cf7b-8ce5-8800f743d44e/cover.jpg/400x400bb.jpg
itunes_1580604107,Jump to the Beat: Soul & Disco Classics,Various Artists,2021,2020s,Disco,https://is1-ssl.mzstatic.com/image/thumb/Music115/v4/10/2d/ad/102dad94-443f-3d38-e24e-6d9d1e44fd25/5059460091962.jpg/400x400bb.jpg
itunes_1444221435,Greatest Hits and Rare Classics,Jermaine Jackson,1991,1990s,Disco,https://is1-ssl.mzstatic.com/image/thumb/Music128/v4/71/c7/4f/71c74fb1-a588-8366-a8fd-5b60d6b4ce60/00050109548422.rgb.jpg/400x400bb.jpg
itunes_1127626963,Disco Classics 10,DJ Funsko,2014,2010s,Disco,https://is1-ssl.mzstatic.com/image/thumb/Music18/v4/03/6d/90/036d90a4-cbb7-9186-10bd-308d78a88ce3/cover.jpg/400x400bb.jpg
itunes_339073604,Disco Classics Megamix,The Allstars,2009,2000s,Disco,https://is1-ssl.mzstatic.com/image/thumb/Music/d9/29/b2/mzi.qepfswnt.jpg/400x400bb.jpg
itunes_712108686,"Vanguard Dance Classics, Pt. 1",Various Artists,2007,2000s,Disco,https://is1-ssl.mzstatic.com/image/thumb/Music/v4/c3/40/75/c3407547-0cec-f2f7-dc1e-87eed21b03fa/00015707948753.jpg/400x400bb.jpg
itunes_586751939,Saturday Night Fever - 54 Disco Classics Remixed (Studio House Edition),Various Artists,2012,2010s,Disco,https://is1-ssl.mzstatic.com/image/thumb/Music/v4/9c/fa/17/9cfa1756-d434-8277-c080-acb5c9725591/4250783605985_1448.jpg/400x400bb.jpg
itunes_1440147042,"Salsoul Classics, Vol. 1 (2013 - Remaster)",Various Artists,2012,2010s,Disco,https://is1-ssl.mzstatic.com/image/thumb/Music128/v4/82/49/b1/8249b1d3-de0c-1ed4-1307-629acfcd38d4/0617465325151.jpg/400x400bb.jpg
itunes_1630797944,"Future Nu Disco Classics, Vol. 09",Various Artists,2022,2020s,Disco,https://is1-ssl.mzstatic.com/image/thumb/Music112/v4/b1/72/9e/b1729e24-9b93-285b-31a8-5ef23d908274/cover.jpg/400x400bb.jpg
itunes_1728086487,"Future Nu Disco Classics, Vol. 22",Various Artists,2024,2020s,Disco,https://is1-ssl.mzstatic.com/image/thumb/Music126/v4/e5/79/72/e579727b-e085-ef66-4467-15e8f803e2de/cover.jpg/400x400bb.jpg
itunes_266783201,Tony Carrasco Presents the Retro-Classics,Various Artists,2007,2000s,Disco,https://is1-ssl.mzstatic.com/image/thumb/Music211/v4/e7/b0/dc/e7b0dcef-0c1c-d6c4-e9a0-666a6ec7ea71/ticket.lroarvmh.jpg/400x400bb.jpg
itunes_1694937465,"Future Nu Disco Classics, Vol. 16",Various Artists,2023,2020s,Disco,https://is1-ssl.mzstatic.com/image/thumb/Music126/v4/c4/e3/94/c4e39481-3280-8ec4-9f78-b0c2bbd9a6fa/cover.jpg/400x400bb.jpg
itunes_1701543981,"Future Nu Disco Classics, Vol. 18",Various Artists,2023,2020s,Disco,https://is1-ssl.mzstatic.com/image/thumb/Music116/v4/02/11/d5/0211d5d6-115a-5314-1748-dde2fb32a05d/cover.jpg/400x400bb.jpg
itunes_303212386,Philly Golden Classics,First Choice,2001,2000s,Disco,https://is1-ssl.mzstatic.com/image/thumb/Music4/v4/7f/2f/87/7f2f87b5-3fa7-8363-6621-fb5115dac55e/dj.mpswepsn.jpg/400x400bb.jpg
itunes_453093336,Italo Golden Classics,Various Artists,2010,2010s,Disco,https://is1-ssl.mzstatic.com/image/thumb/Music/ac/44/03/mzi.izvymzyy.jpg/400x400bb.jpg
itunes_319827138,12 Inch Classics: Shalamar - EP,Shalamar,1993,1990s,Disco,https://is1-ssl.mzstatic.com/image/thumb/Music30/v4/ff/61/a3/ff61a33d-7a4f-6874-daea-e5fe9637af40/dj.xnpumnde.jpg/400x400bb.jpg
itunes_1127619811,Disco Classics 8,DJ Funsko,2012,2010s,Disco,https://is1-ssl.mzstatic.com/image/thumb/Music30/v4/f9/f4/f7/f9f4f705-7a9b-9c44-f13b-b6c8e9b5d578/cover.jpg/400x400bb.jpg
itunes_1600280222,"Future Nu Disco Classics, Vol. 04",Various Artists,2022,2020s,Disco,https://is1-ssl.mzstatic.com/image/thumb/Music126/v4/09/16/21/091621fd-ddd7-9e2a-a84b-e82d378a7571/cover.jpg/400x400bb.jpg
itunes_1752662656,"Future Nu Disco Classics, Vol. 25",Various Artists,2024,2020s,Disco,https://is1-ssl.mzstatic.com/image/thumb/Music221/v4/b1/fe/88/b1fe885a-6240-1bc4-b677-e27c35753385/cover.jpg/400x400bb.jpg
itunes_1789579417,"Future Nu Disco Classics, Vol. 29",Various Artists,2025,2020s,Disco,https://is1-ssl.mzstatic.com/image/thumb/Music221/v4/df/cc/e1/dfcce1a1-79fc-9c34-8a6d-43cce35290bc/cover.jpg/400x400bb.jpg
itunes_339079813,Saturday Night Disco Classics,The Allstars,2009,2000s,Disco,https://is1-ssl.mzstatic.com/image/thumb/Music/fa/2f/2f/mzi.fpqixeir.jpg/400x400bb.jpg
itunes_1442554368,"Salsoul Classics, Vol. 2",Various Artists,2012,2010s,Disco,https://is1-ssl.mzstatic.com/image/thumb/Music118/v4/bc/32/22/bc3222fb-c526-48dc-2fec-6744671e8aa1/0617465325250.jpg/400x400bb.jpg
itunes_1005353609,Nü Disco - The Nü Sounds of Soulful Disco,Various Artists,2011,2010s,Disco,https://is1-ssl.mzstatic.com/image/thumb/Music7/v4/c2/6d/83/c26d83f4-e81f-e374-76e9-bba223b32421/889845240235.jpg/400x400bb.jpg
itunes_1596956287,DISCO (Extended Mixes),Kylie Minogue,2021,2020s,Disco,https://is1-ssl.mzstatic.com/image/thumb/Music116/v4/b9/fb/be/b9fbbe98-afbc-e01a-9246-7bda31a9f4cc/4050538744224.jpg/400x400bb.jpg
itunes_1841507533,Nu Disco,Various Artists,2013,2010s,Disco,https://is1-ssl.mzstatic.com/image/thumb/Music211/v4/ea/85/37/ea8537df-815e-e21f-45f5-c8dcc43f3945/859711431784.jpg/400x400bb.jpg
itunes_532152414,Nu Disco,Nu Disco,2012,2010s,Disco,https://is1-ssl.mzstatic.com/image/thumb/Music/v4/4f/5b/f8/4f5bf866-d15c-566e-44ce-5917e06db758/Nu_Disco.jpg/400x400bb.jpg
itunes_1562151939,Nu Disco,AXS Music & Gilles Cardoni,2017,2010s,Disco,https://is1-ssl.mzstatic.com/image/thumb/Music124/v4/fb/80/a4/fb80a41f-7297-eeb4-5ad8-078857aa50c3/024543430773_cover.jpg/400x400bb.jpg
itunes_1362474274,Nu Disco,Dr Tikov,2018,2010s,Disco,https://is1-ssl.mzstatic.com/image/thumb/Music128/v4/08/96/e3/0896e38a-4f0f-94dd-478a-cd109ab73ff6/192641057694_Cover.jpg/400x400bb.jpg
itunes_1830762444,Nu Disco,Alt Willy,2025,2020s,Disco,https://is1-ssl.mzstatic.com/image/thumb/Music221/v4/d1/27/e3/d127e342-8f9f-4c76-363a-43fff70aef69/artwork.jpg/400x400bb.jpg
itunes_556494694,Nu Disco,Dr. Drummer,2012,2010s,Disco,https://is1-ssl.mzstatic.com/image/thumb/Music/v4/c9/49/94/c94994b9-3aee-d614-dc0a-ee6000f18872/cover.jpg/400x400bb.jpg
itunes_1327772541,Geography,Tom Misch,2018,2010s,Disco,https://is1-ssl.mzstatic.com/image/thumb/Music211/v4/4c/f6/72/4cf672af-31a3-772a-f27d-4ebc4ddeafbf/5056167104650.jpg/400x400bb.jpg
itunes_1679921095,Nu Disco (Close to You),BK Style,2015,2010s,Disco,https://is1-ssl.mzstatic.com/image/thumb/Music116/v4/3b/34/ab/3b34ab33-9830-fb75-83d7-63a50805341b/3614596187150_cover.jpg/400x400bb.jpg
itunes_1867901001,Nu Disco,Andrew Kingslow & Petrina Smith,2026,2020s,Disco,https://is1-ssl.mzstatic.com/image/thumb/Music221/v4/d0/73/b6/d073b6f0-9048-b2b8-5415-1840a14eba2c/199806626016.jpg/400x400bb.jpg
itunes_1409552051,For Ever,Jungle,2018,2010s,Disco,https://is1-ssl.mzstatic.com/image/thumb/Music221/v4/8f/74/f7/8f74f7e6-c436-6064-3302-9ac833a0c331/191404092750.png/400x400bb.jpg
itunes_1455424442,Nu Disco,Beds and Beats,2019,2010s,Disco,https://is1-ssl.mzstatic.com/image/thumb/Music124/v4/ee/d4/78/eed478b8-7329-ab24-4644-3048111d7924/018736028205_cover.jpg/400x400bb.jpg
itunes_259751732,Justice,Justice,2007,2000s,Disco,https://is1-ssl.mzstatic.com/image/thumb/Music115/v4/62/e4/01/62e40187-e672-17e5-f31f-9aee262703a3/mzi.bifzeufu.jpg/400x400bb.jpg
itunes_1498945382,What's Your Pleasure?,Jessie Ware,2020,2020s,Disco,https://is1-ssl.mzstatic.com/image/thumb/Music124/v4/47/03/39/47033970-a97a-e001-c84f-05365bd02f18/20UMGIM08956.rgb.jpg/400x400bb.jpg
itunes_872853887,Jungle,Jungle,2014,2010s,Disco,https://is1-ssl.mzstatic.com/image/thumb/Music122/v4/c1/05/54/c105548a-9e3b-071f-05a8-01bc689c1b37/634904164768.png/400x400bb.jpg
itunes_203132910,A Funk Odyssey,Jamiroquai,2001,2000s,Disco,https://is1-ssl.mzstatic.com/image/thumb/Music115/v4/93/11/41/9311418f-b406-1dce-c2f4-d1175fe9ae45/696998595422.jpg/400x400bb.jpg
itunes_1151157609,Woman,Justice,2016,2010s,Disco,https://is1-ssl.mzstatic.com/image/thumb/Music115/v4/26/ed/e3/26ede311-5273-5927-3e41-deabd08f720f/5060421566818_cover.jpg/400x400bb.jpg
itunes_726320287,Fever (Deluxe Edition),Kylie Minogue,2001,2000s,Disco,https://is1-ssl.mzstatic.com/image/thumb/Features115/v4/2d/27/f4/2d27f445-abf6-f360-f56a-683b65c9b842/dj.hhpuvuwv.jpg/400x400bb.jpg
itunes_983241730,Déjà Vu,Giorgio Moroder,2015,2010s,Disco,https://is1-ssl.mzstatic.com/image/thumb/Music124/v4/80/16/25/801625a8-abd8-3967-1255-e311f487ef2e/886444980593.jpg/400x400bb.jpg
itunes_955501127,Nu Disco - EP,Super M,2015,2010s,Disco,https://is1-ssl.mzstatic.com/image/thumb/Music3/v4/12/0b/1b/120b1b4e-370b-c725-4c68-8cfa01c1058c/cover.jpg/400x400bb.jpg
itunes_469202499,"Audio, Video, Disco.",Justice,2011,2010s,Disco,https://is1-ssl.mzstatic.com/image/thumb/Music124/v4/45/a7/26/45a72600-3b23-1586-37d1-12868837bf70/mzi.mhmawwpw.jpg/400x400bb.jpg
itunes_1563927766,Nu Disco,Dynamic Music,2015,2010s,Disco,https://is1-ssl.mzstatic.com/image/thumb/Music115/v4/12/d1/99/12d1996e-8249-4bc5-bdc6-b876c087c4f7/024543245568_cover.jpg/400x400bb.jpg
itunes_717401393,Aphrodite (Deluxe Experience Edition),Kylie Minogue,2010,2010s,Disco,https://is1-ssl.mzstatic.com/image/thumb/Music115/v4/fb/9f/df/fb9fdfc5-9293-9820-fc16-cafe87ce39cb/5099964812755_1500x1500_300dpi.jpg/400x400bb.jpg
itunes_1072740568,Long Way Home,Låpsley,2016,2010s,Disco,https://is1-ssl.mzstatic.com/image/thumb/Music116/v4/63/9e/ce/639ece52-14ff-caf5-e3de-01567ecbf618/634904075453.png/400x400bb.jpg
itunes_806267243,It's Album Time,Todd Terje,2014,2010s,Disco,https://is1-ssl.mzstatic.com/image/thumb/Music125/v4/1e/5b/b0/1e5bb079-498e-cf95-d922-2663610dc267/5060186922560_1.jpg/400x400bb.jpg
itunes_1804211945,NU-DISCO,comma,2025,2020s,Disco,https://is1-ssl.mzstatic.com/image/thumb/Music211/v4/79/cd/89/79cd8952-47bb-1839-fb16-8df921e208d4/1963623108173_cover.jpg/400x400bb.jpg
itunes_1250156708,Heat,Poolside,2017,2010s,Disco,https://is1-ssl.mzstatic.com/image/thumb/Music125/v4/1b/44/3b/1b443bac-806e-729c-9661-e2a2cf9716d6/Poolside_-_Heat.jpg/400x400bb.jpg
itunes_697334317,Light Years (Deluxe Edition),Kylie Minogue,2000,2000s,Disco,https://is1-ssl.mzstatic.com/image/thumb/Music4/v4/2b/16/2d/2b162db8-324b-d30c-d47a-66ccbcaac21f/724353212957.jpg/400x400bb.jpg
itunes_692090195,Overpowered,Róisín Murphy,2007,2000s,Disco,https://is1-ssl.mzstatic.com/image/thumb/Music124/v4/ea/fa/af/eafaaf82-cac6-87ea-0dc2-fb79761363af/5099950709052_1500x1500_300dpi.jpg/400x400bb.jpg
itunes_1320970647,Neon Nights (Deluxe Version),Dannii Minogue,2003,2000s,Disco,https://is1-ssl.mzstatic.com/image/thumb/Music128/v4/e9/87/47/e9874779-96a5-9f81-8b62-ff5bd435b73d/190295700317.jpg/400x400bb.jpg
itunes_907098247,In a Dream,The Juan MacLean,2014,2010s,Disco,https://is1-ssl.mzstatic.com/image/thumb/Music125/v4/b4/e7/eb/b4e7eb74-8f31-18fb-1eb7-bd486044a9e0/829732244830.jpg/400x400bb.jpg
itunes_1378412689,Nu Disco (Spring '18),Various Artists,2018,2010s,Disco,https://is1-ssl.mzstatic.com/image/thumb/Music118/v4/15/48/8f/15488fa8-edac-2a00-da71-be569faaad77/4680960578038.jpg/400x400bb.jpg
itunes_1487561267,Nu Disco,Dip T Jones,2019,2010s,Disco,https://is1-ssl.mzstatic.com/image/thumb/Music113/v4/bd/a5/ab/bda5abb7-6088-0514-a1a8-87cb61fbc6ac/4011725246730_cover.jpg/400x400bb.jpg
itunes_1501011368,Nu Disco (Vol2),Dr Tikov,2020,2020s,Disco,https://is1-ssl.mzstatic.com/image/thumb/Music114/v4/69/b6/5c/69b65c2c-ce00-0f42-93e8-a8ef151cf280/S_A193339253725.jpg/400x400bb.jpg
itunes_1693981581,Nu Disco,Atomica Music,2023,2020s,Disco,https://is1-ssl.mzstatic.com/image/thumb/Music116/v4/bb/28/ec/bb28ec84-068b-ddf8-f68d-87a0d352b5de/1963621432232_cover.jpg/400x400bb.jpg
itunes_1750730072,Nu Disco,CDM Music,2024,2020s,Disco,https://is1-ssl.mzstatic.com/image/thumb/Music221/v4/39/18/7f/39187f64-a125-7696-8e66-1bddf7ec4b91/cover.jpg/400x400bb.jpg
itunes_1775569426,Nu-Disco,Masterwerk,2024,2020s,Disco,https://is1-ssl.mzstatic.com/image/thumb/Music221/v4/31/b2/2e/31b22e36-e13e-f0aa-89a3-4d3ec420bfdc/198595496466.jpg/400x400bb.jpg
itunes_1868841523,Nu Disco,Inside Cuts,2021,2020s,Disco,https://is1-ssl.mzstatic.com/image/thumb/Music221/v4/6a/bc/7e/6abc7e76-4ad8-5b07-6149-e3cf67eabc06/268.jpg/400x400bb.jpg
itunes_1886082176,Nu Disco - Rare Grooves 1,Various Artists,2026,2020s,Disco,https://is1-ssl.mzstatic.com/image/thumb/Music221/v4/fa/ed/14/faed14b3-3810-f311-768f-6541b5493bac/cover.jpg/400x400bb.jpg
itunes_855849884,Nu-Disco - EP,Various Artists,2014,2010s,Disco,https://is1-ssl.mzstatic.com/image/thumb/Music/v4/2b/91/92/2b919279-6343-03a8-7d41-580969266cfb/cover.jpg/400x400bb.jpg
itunes_1292960933,Soulmatic,Purple Disco Machine,2017,2010s,Disco,https://is1-ssl.mzstatic.com/image/thumb/Music124/v4/d1/9a/8d/d19a8dd2-27ef-b92a-6cb1-9219626b7bae/SWEATDS278.jpg/400x400bb.jpg
itunes_1440715340,Reload,Tom Jones,1999,1990s,Disco,https://is1-ssl.mzstatic.com/image/thumb/Music128/v4/a7/5d/d9/a75dd9d8-3518-e1ea-5d13-c0f1dc38ba55/00044006773728.rgb.jpg/400x400bb.jpg
itunes_1122297503,"Italo Disco: The Best of 80's Remixes, Vol. 1",RE-MIX,2016,2010s,Disco,https://is1-ssl.mzstatic.com/image/thumb/Music114/v4/75/b6/af/75b6af02-52e2-d592-13c4-86c8fded793a/DzThS.png/400x400bb.jpg
itunes_1533982379,"Italo Disco - Essential House Music, Vol. 5",Various Artists,2020,2020s,Disco,https://is1-ssl.mzstatic.com/image/thumb/Music124/v4/c4/61/ec/c461ec53-585e-ddd2-54ac-278b7a19e7de/4058765656198.png/400x400bb.jpg
itunes_1210817663,Italo Disco,Various Artists,2017,2010s,Disco,https://is1-ssl.mzstatic.com/image/thumb/Music122/v4/56/cd/5b/56cd5b4f-c6a6-731a-d423-a623941156ca/cover.jpg/400x400bb.jpg
itunes_1477369063,"Italo Disco - Essential House Music, Vol. 3",Various Artists,2019,2010s,Disco,https://is1-ssl.mzstatic.com/image/thumb/Music123/v4/ac/d1/01/acd10124-4a5c-a4cb-17a4-a38627951b71/cover.jpg/400x400bb.jpg
itunes_1508581054,"Italo Disco - Essential House Music, Vol. 4",Various Artists,2020,2020s,Disco,https://is1-ssl.mzstatic.com/image/thumb/Music123/v4/33/05/61/33056149-f0f8-5692-f864-39067db0dffc/4058765572351.png/400x400bb.jpg
itunes_1586188975,"Italo Disco - Essential House Music, Vol. 7",Various Artists,2021,2020s,Disco,https://is1-ssl.mzstatic.com/image/thumb/Music115/v4/fb/97/17/fb971734-223d-ea9a-f418-155262f7ff4e/4058765798553.png/400x400bb.jpg
itunes_253338132,The Best of Branigan,Laura Branigan,1995,1990s,Disco,https://is1-ssl.mzstatic.com/image/thumb/Music125/v4/c4/d2/c7/c4d2c736-a74d-fab1-1c48-a6c162d2d2ee/mzi.pedgwdsn.jpg/400x400bb.jpg
itunes_1775649590,Italo Disco,Mr Salama,2024,2020s,Disco,https://is1-ssl.mzstatic.com/image/thumb/Music211/v4/0f/24/4d/0f244d5b-8ecc-893d-bdad-8080aed4b326/8447181218589.jpg/400x400bb.jpg
itunes_1570236319,"Italo Disco - Essential House Music, Vol. 6",Various Artists,2021,2020s,Disco,https://is1-ssl.mzstatic.com/image/thumb/Music115/v4/c7/d5/b8/c7d5b860-a5df-a773-c996-54af0266162c/4058765750650.png/400x400bb.jpg
itunes_1538467562,Italo disco,Jean Luc Leonardon & Vincent Perrot,2020,2020s,Disco,https://is1-ssl.mzstatic.com/image/thumb/Music124/v4/ff/3b/fe/ff3bfe62-bf14-902e-3b51-607d73f56f14/cover.jpg/400x400bb.jpg
itunes_76022266,The Very Best of Change,Change,1998,1990s,Disco,https://is1-ssl.mzstatic.com/image/thumb/Music124/v4/31/25/f7/3125f719-04f0-6957-98ee-4d4be6e8e8a6/mzi.afrnuddx.jpg/400x400bb.jpg
itunes_936927545,Italo Disco,Evanton,2014,2010s,Disco,https://is1-ssl.mzstatic.com/image/thumb/Music5/v4/63/c7/c8/63c7c8d4-9a8f-5ce8-dc90-937b22465838/5054316118022_cover.jpg/400x400bb.jpg
itunes_65122585,Forever Young,Alphaville,1984,1980s,Disco,https://is1-ssl.mzstatic.com/image/thumb/Music125/v4/c9/f5/e6/c9f5e66e-8ab1-5c75-dbe7-7670f9204776/s06.emtrcgpz.jpg/400x400bb.jpg
itunes_1711383425,Italo Disco - EP,Lorenzo BITW,2023,2020s,Disco,https://is1-ssl.mzstatic.com/image/thumb/Music116/v4/bd/9e/eb/bd9eebbc-5373-1aa3-913e-64296d971434/5054429178180.png/400x400bb.jpg
itunes_1512983117,Italo Disco,"Daniele Benati, Alberto Benati & Marco Prati",2020,2020s,Disco,https://is1-ssl.mzstatic.com/image/thumb/Music125/v4/a5/77/c7/a577c79b-06e0-7d87-1bc2-d0de52cb3170/cover.jpg/400x400bb.jpg
itunes_63607785,The Glow of Love,Change,1980,1980s,Disco,https://is1-ssl.mzstatic.com/image/thumb/Music114/v4/6c/7b/3f/6c7b3f00-9b14-e0ee-7e40-5e9daff6c517/s06.evrzhggq.jpg/400x400bb.jpg
itunes_1690193943,Italo Disco,Afterwork House Lounge,2023,2020s,Disco,https://is1-ssl.mzstatic.com/image/thumb/Music126/v4/fe/c2/90/fec2903d-eb64-9540-df61-30840c0ad458/cover.jpg/400x400bb.jpg
itunes_1736764169,Super 20,Bad Boys Blue,1989,1980s,Disco,https://is1-ssl.mzstatic.com/image/thumb/Music122/v4/c6/98/53/c6985391-2f2f-0efa-56bb-546aaabdb24f/4250282800416.jpg/400x400bb.jpg
itunes_280504561,Your Love,Lime,1981,1980s,Disco,https://is1-ssl.mzstatic.com/image/thumb/Music221/v4/0f/a4/98/0fa49830-3a27-d4f7-67ba-1c6525a9dc3c/4218.jpg/400x400bb.jpg
itunes_281162673,Closer,Gino Soccio,1981,1980s,Disco,https://is1-ssl.mzstatic.com/image/thumb/Music221/v4/9b/62/1d/9b621d33-30ac-fae9-2301-6fcc24b96281/603497983261.jpg/400x400bb.jpg
itunes_1443529341,Midnight Express (Original Motion Picture Soundtrack),Giorgio Moroder,1978,1970s,Disco,https://is1-ssl.mzstatic.com/image/thumb/Music124/v4/d9/10/a3/d910a357-d9d2-69e3-d880-1a781bbafca7/06UMGIM04409.rgb.jpg/400x400bb.jpg
itunes_962144324,François,Desireless,1998,1990s,Disco,https://is1-ssl.mzstatic.com/image/thumb/Music3/v4/85/95/2a/85952aac-9be8-c8ef-6378-affeb92aa9ba/cover.jpg/400x400bb.jpg
itunes_1737190007,Italo Disco,"Per Ljungqvist, Georgios Nakas & Michael AM",2024,2020s,Disco,https://is1-ssl.mzstatic.com/image/thumb/Music221/v4/82/ca/e0/82cae088-1416-8284-1564-c909ee2b2daf/196922903021_Cover.jpg/400x400bb.jpg
itunes_966858216,Greatest Hits & Remixes,Ken Laszlo,2015,2010s,Disco,https://is1-ssl.mzstatic.com/image/thumb/Music115/v4/46/99/39/46993908-4458-c324-f5bc-92d89a19d14b/090204705351.jpg/400x400bb.jpg
itunes_281162717,Face to Face,Gino Soccio,1982,1980s,Disco,https://is1-ssl.mzstatic.com/image/thumb/Music221/v4/9c/78/65/9c786579-4391-53b5-e905-3a43590b4abe/603497983254.jpg/400x400bb.jpg
itunes_713600677,Living In the Background,Baltimora,1985,1980s,Disco,https://is1-ssl.mzstatic.com/image/thumb/Music/v4/56/60/8e/56608e39-c720-4343-6ac2-5b2062075f5d/00094634036252.jpg/400x400bb.jpg
itunes_1522275917,3 - Supernature,Cerrone,1977,1970s,Disco,https://is1-ssl.mzstatic.com/image/thumb/Music221/v4/9d/1d/9d/9d1d9d46-53d6-1d85-b79c-eb1215671c14/5060766761817_cover.jpg/400x400bb.jpg
itunes_925645044,10 Cents for a Dance,The Flirts,1982,1980s,Disco,https://is1-ssl.mzstatic.com/image/thumb/Music1/v4/89/61/f2/8961f22b-0b6c-0a74-3bf3-c2cdef358662/8718274951783.jpg/400x400bb.jpg
itunes_1574855968,Italo Disco,SEAGATE DJ,2021,2020s,Disco,https://is1-ssl.mzstatic.com/image/thumb/Music115/v4/fc/46/bf/fc46bf7c-71f0-918f-d885-f1a5c0506f0c/192641773341_Cover.jpg/400x400bb.jpg
itunes_1441874248,Black Devil Disco Club,Black Devil Disco Club,1978,1970s,Disco,https://is1-ssl.mzstatic.com/image/thumb/Music211/v4/0f/41/4f/0f414fb2-57d8-828b-a73e-2dae8c88be5c/3760209412215.png/400x400bb.jpg
itunes_330638459,Hit Collection,Fancy,2009,2000s,Disco,https://is1-ssl.mzstatic.com/image/thumb/Features125/v4/00/9d/89/009d89b9-9f45-43f4-962d-42db437fb5a1/dj.wkoscrzs.jpg/400x400bb.jpg
itunes_1576498104,Italo Disco,Da Ridla Beatz,2021,2020s,Disco,https://is1-ssl.mzstatic.com/image/thumb/Music125/v4/cc/09/72/cc09729d-1fcd-532e-c3a0-a1f954ecde95/cover.jpg/400x400bb.jpg
itunes_1868518561,Italo Disco - EP,Alfredo Bochicchio,2026,2020s,Disco,https://is1-ssl.mzstatic.com/image/thumb/Music211/v4/dd/d4/af/ddd4af17-c840-6a30-5996-a9730b33d705/cover.jpg/400x400bb.jpg
itunes_462370773,No. 1 Jubiläums Edition,Silent Circle,2011,2010s,Disco,https://is1-ssl.mzstatic.com/image/thumb/Music/47/9d/5b/mzi.kriwrgav.jpg/400x400bb.jpg
itunes_281162723,Outline,Gino Soccio,1979,1970s,Disco,https://is1-ssl.mzstatic.com/image/thumb/Music/f9/74/55/mzi.jtojxcol.jpg/400x400bb.jpg
itunes_849639359,Melody - EP,Plustwo,2014,2010s,Disco,https://is1-ssl.mzstatic.com/image/thumb/Music124/v4/b4/8f/38/b48f38ea-046b-6e9f-cec2-68b6c22fff45/888174435060.jpg/400x400bb.jpg
itunes_1512243686,All the Best,Patty Ryan,2006,2000s,Disco,https://is1-ssl.mzstatic.com/image/thumb/Music125/v4/c8/a8/18/c8a81802-74af-b173-9e81-2bd635f97ba5/4260320878413_cover.jpg/400x400bb.jpg
itunes_1674071596,Trans-X: Original 1983 Recordings,Trans-X,1983,1980s,Disco,https://is1-ssl.mzstatic.com/image/thumb/Music126/v4/72/a4/97/72a497ab-b7c4-4ef3-9dd3-6cb55d63ef39/197188237332.jpg/400x400bb.jpg
itunes_282453141,Megatron Man,Patrick Cowley,1981,1980s,Disco,https://is1-ssl.mzstatic.com/image/thumb/Features114/v4/9f/c9/bc/9fc9bc95-d416-ee6c-c2ac-55b30fbef018/dj.ynsnukoy.jpg/400x400bb.jpg
deezer_611159712,Only They Could Have Made This Album (Remastered 2024),Celia Cruz,2024,2020s,Latin,https://cdn-images.dzcdn.net/images/cover/c1b6d5b2fbad6f7823e2e9bcf5a53d6a/500x500-000000-80-0-0.jpg
deezer_597945832,Tremendo Caché (Remastered 2024),Celia Cruz,2024,2020s,Latin,https://cdn-images.dzcdn.net/images/cover/f77dacd627e3eb791e6f4baeeb74f6a6/500x500-000000-80-0-0.jpg
deezer_51833432,La Vida Es Un Carnaval (Baile Total),Celia Cruz,2017,2010s,Latin,https://cdn-images.dzcdn.net/images/cover/916d3aa36acc0347100e37b3d65f24a4/500x500-000000-80-0-0.jpg
deezer_15444530,2En1,Celia Cruz,2017,2010s,Latin,https://cdn-images.dzcdn.net/images/cover/8512b51ee7a425df8511d6f6c3290140/500x500-000000-80-0-0.jpg
deezer_13890272,Para La Eternidad,Celia Cruz,2016,2010s,Latin,https://cdn-images.dzcdn.net/images/cover/8d602982eaf427eb8bed24620a7219d1/500x500-000000-80-0-0.jpg
deezer_9961872,Frente a Frente,Celia Cruz,2015,2010s,Latin,https://cdn-images.dzcdn.net/images/cover/f616c7e41877951338b35e0add730bb2/500x500-000000-80-0-0.jpg
deezer_8983725,Soy Mujer,Celia Cruz,2014,2010s,Latin,https://cdn-images.dzcdn.net/images/cover/f74f8302fe0f90e26f5db757be35c242/500x500-000000-80-0-0.jpg
deezer_7766520,Lo Mejor De Celia Cruz & Oscar D´León En Concierto,Celia Cruz,2014,2010s,Latin,https://cdn-images.dzcdn.net/images/cover/d7e86068b6a1d9f9222c012fe221fe3b/500x500-000000-80-0-0.jpg
deezer_6793607,The Absolute Collection (Deluxe Edition),Celia Cruz,2013,2010s,Latin,https://cdn-images.dzcdn.net/images/cover/4d4cad927dc60e4f8a1fbbed6a95f471/500x500-000000-80-0-0.jpg
deezer_98253052,Fania Classics: Celia Cruz & Tito Puente,Celia Cruz,2019,2010s,Latin,https://cdn-images.dzcdn.net/images/cover/15ccd72796431361bdcbbb94af59572d/500x500-000000-80-0-0.jpg
deezer_98252682,Fania Classics: Celia Cruz & Johnny Pacheco,Celia Cruz,2019,2010s,Latin,https://cdn-images.dzcdn.net/images/cover/6ccd6fda6ab48e883a651845523f1c52/500x500-000000-80-0-0.jpg
deezer_8281276,Mis Favoritas,Celia Cruz,2010,2010s,Latin,https://cdn-images.dzcdn.net/images/cover/98299e7c061731c452d1eb0a41108ad0/500x500-000000-80-0-0.jpg
deezer_98254922,A Lady And Her Music: ¡Azucar!,Celia Cruz,2019,2010s,Latin,https://cdn-images.dzcdn.net/images/cover/0e201ee2bcda8df08a85e87c5e58ec68/500x500-000000-80-0-0.jpg
deezer_99849072,Anthology,Celia Cruz,2019,2010s,Latin,https://cdn-images.dzcdn.net/images/cover/30eca202ebcb085000ed95e9e7624bef/500x500-000000-80-0-0.jpg
deezer_98253192,Celia,Celia Cruz,2019,2010s,Latin,https://cdn-images.dzcdn.net/images/cover/e230bd8ca0ef56bc365d8c30999a940b/500x500-000000-80-0-0.jpg
deezer_438405,La Reina Y Sus Amigos,Celia Cruz,2009,2000s,Latin,https://cdn-images.dzcdn.net/images/cover/7b79d58b9a961b5ec0a4c27bb0cbd5c6/500x500-000000-80-0-0.jpg
deezer_98254062,Viva la Reina de la Salsa,Celia Cruz,2019,2010s,Latin,https://cdn-images.dzcdn.net/images/cover/31a831b8fd2519b7c09d8be22dbe5440/500x500-000000-80-0-0.jpg
deezer_98254492,Viva México: La Reina Le Canta México,Celia Cruz,2012,2010s,Latin,https://cdn-images.dzcdn.net/images/cover/47f8d995def40a3945e346419eb5be85/500x500-000000-80-0-0.jpg
deezer_98253722,Greatest Hits,Celia Cruz,2019,2010s,Latin,https://cdn-images.dzcdn.net/images/cover/9a9eceb696376e7f6ef857ace7022773/500x500-000000-80-0-0.jpg
deezer_98252852,Mucho Love,Celia Cruz,2008,2000s,Latin,https://cdn-images.dzcdn.net/images/cover/9397f43451bc1a86ccff6c794514ecbc/500x500-000000-80-0-0.jpg
deezer_98852552,Fania Classics: Celia Cruz & Willie Colón,Celia Cruz,2013,2010s,Latin,https://cdn-images.dzcdn.net/images/cover/ce9ed21e8161dbdd2e9aaedc6aa72abd/500x500-000000-80-0-0.jpg
deezer_147914352,La Experiencia,Celia Cruz,2020,2020s,Latin,https://cdn-images.dzcdn.net/images/cover/4a7e9205e5cc58c911ca048403808bdb/500x500-000000-80-0-0.jpg
deezer_98798662,Azúcar! Caliente,Celia Cruz,2019,2010s,Latin,https://cdn-images.dzcdn.net/images/cover/6124ac6d74ae44d540887326a6c35bf2/500x500-000000-80-0-0.jpg
deezer_1213113,Regalo Del Alma,Celia Cruz,2003,2000s,Latin,https://cdn-images.dzcdn.net/images/cover/50fb1bd22650ad5e2daae1c7c3d305d6/500x500-000000-80-0-0.jpg
deezer_1215003,Celia Cruz Hits Mix,Celia Cruz,2002,2000s,Latin,https://cdn-images.dzcdn.net/images/cover/2e18e54877972951e7f79ee61c367ba2/500x500-000000-80-0-0.jpg
deezer_7016985,La Negra Tiene Tumbao,Celia Cruz,2001,2000s,Latin,https://cdn-images.dzcdn.net/images/cover/a99bf7a785e999be1d5da25d64a9b64e/500x500-000000-80-0-0.jpg
deezer_1212777,Siempre Viviré,Celia Cruz,2000,2000s,Latin,https://cdn-images.dzcdn.net/images/cover/a8dd31faecc3012c87528846d387e3ba/500x500-000000-80-0-0.jpg
deezer_1431695,A Night Of Salsa,Celia Cruz,2007,2000s,Latin,https://cdn-images.dzcdn.net/images/cover/d093e9c1d76bb138598cff6f307e1898/500x500-000000-80-0-0.jpg
deezer_98665442,Festejando Navidad,Celia Cruz,2010,2010s,Latin,https://cdn-images.dzcdn.net/images/cover/9c607a41a4cb53e0c90041400ec1afa1/500x500-000000-80-0-0.jpg
deezer_98676682,Las Guarachas De La Guarachera,Celia Cruz,2010,2010s,Latin,https://cdn-images.dzcdn.net/images/cover/eee7bd509fd581ae76ee8581204f49db/500x500-000000-80-0-0.jpg
deezer_13139356,Irrepetible,Celia Cruz,2016,2010s,Latin,https://cdn-images.dzcdn.net/images/cover/a82a6e00bfa4db9621b0ceed9a317bfc/500x500-000000-80-0-0.jpg
deezer_98251042,¡Azúcar!,Celia Cruz,2007,2000s,Latin,https://cdn-images.dzcdn.net/images/cover/1ca2d17619c2f226d9cf785a79e13243/500x500-000000-80-0-0.jpg
deezer_98447442,Boleros,Celia Cruz,2019,2010s,Latin,https://cdn-images.dzcdn.net/images/cover/04781b1c400f0ca05bb0762288712e03/500x500-000000-80-0-0.jpg
deezer_98254342,Tributo a Ismael Rivera,Celia Cruz,2012,2010s,Latin,https://cdn-images.dzcdn.net/images/cover/57828684a68c5602b0087b31aa594823/500x500-000000-80-0-0.jpg
deezer_656440261,Azúcar Negra,Celia Cruz,2024,2020s,Latin,https://cdn-images.dzcdn.net/images/cover/8c1b2ddf9587e617af389c1c33e96b83/500x500-000000-80-0-0.jpg
deezer_98250012,Ritmo en el Corazón,Celia Cruz,2012,2010s,Latin,https://cdn-images.dzcdn.net/images/cover/3c280552ef592239de123756626ac31c/500x500-000000-80-0-0.jpg
deezer_98262212,The Winners,Celia Cruz,2012,2010s,Latin,https://cdn-images.dzcdn.net/images/cover/c36439ffd4722e44ea3b5fb28068d93a/500x500-000000-80-0-0.jpg
deezer_98255032,La Candela,Celia Cruz,2014,2010s,Latin,https://cdn-images.dzcdn.net/images/cover/fe81814529af43cf4cfa20c5d21e7b1b/500x500-000000-80-0-0.jpg
deezer_98250532,Homenaje A Beny Moré,Celia Cruz,2006,2000s,Latin,https://cdn-images.dzcdn.net/images/cover/b61f2690407f32629333c8f4c205531e/500x500-000000-80-0-0.jpg
deezer_98250592,De Nuevo,Celia Cruz,2010,2010s,Latin,https://cdn-images.dzcdn.net/images/cover/b410b1cc689f1834986d3d776828995f/500x500-000000-80-0-0.jpg
deezer_648758071,Tremendo Trio! (Remastered 2024),Celia Cruz,2024,2020s,Latin,https://cdn-images.dzcdn.net/images/cover/18080b6dbdb0a46ec8f1136ba8422f64/500x500-000000-80-0-0.jpg
deezer_98252882,Feliz Encuentro,Celia Cruz,2017,2010s,Latin,https://cdn-images.dzcdn.net/images/cover/a2a56a0aa53102d636386510e9cd8782/500x500-000000-80-0-0.jpg
deezer_98259442,Celia y Willie,Celia Cruz,2012,2010s,Latin,https://cdn-images.dzcdn.net/images/cover/6f6bcbbf514fc2bb684a4ba7cc99996e/500x500-000000-80-0-0.jpg
deezer_988555331,"Celia, Johnny and Pete (Remastered 2026)",Celia Cruz,2026,2020s,Latin,https://cdn-images.dzcdn.net/images/cover/54784fe396d2cadc46839d9d965ec6af/500x500-000000-80-0-0.jpg
deezer_101791542,La Ceiba,Celia Cruz,2012,2010s,Latin,https://cdn-images.dzcdn.net/images/cover/a7f00d6a6620a3a845d637c24f4fe96c/500x500-000000-80-0-0.jpg
deezer_98254282,Eternos,Celia Cruz,2014,2010s,Latin,https://cdn-images.dzcdn.net/images/cover/f1defcd3c7782c28cf71f9985c19051b/500x500-000000-80-0-0.jpg
deezer_98255802,A Todos Mis Amigos,Celia Cruz,2012,2010s,Latin,https://cdn-images.dzcdn.net/images/cover/988fd76345b075838541c2a2e0710301/500x500-000000-80-0-0.jpg
deezer_98254482,The 'Brillante' Best,Celia Cruz,2016,2010s,Latin,https://cdn-images.dzcdn.net/images/cover/17bf0ee721669c18e8a545bb176d4367/500x500-000000-80-0-0.jpg
deezer_968464181,Recordando el Ayer (Remastered 2026),Celia Cruz,2026,2020s,Latin,https://cdn-images.dzcdn.net/images/cover/ec9ef2e8f5dc050dc26639182d5f5138/500x500-000000-80-0-0.jpg
deezer_892793432,Carnegie 25,Buena Vista Social Club,2023,2020s,Latin,https://cdn-images.dzcdn.net/images/cover/028369108722756672f23549ffe2a53b/500x500-000000-80-0-0.jpg
deezer_892839872,Lost and Found,Buena Vista Social Club,2015,2010s,Latin,https://cdn-images.dzcdn.net/images/cover/e1b3f06cb7f82ca80a00eea26b9069ac/500x500-000000-80-0-0.jpg
deezer_891185432,Buena Vista Social Club Presents,Buena Vista Social Club,2014,2010s,Latin,https://cdn-images.dzcdn.net/images/cover/463b13bb16b1e7ad666e8338d41fecfa/500x500-000000-80-0-0.jpg
deezer_888999092,Buena Vista Social Club at Carnegie Hall (Live),Buena Vista Social Club,2008,2000s,Latin,https://cdn-images.dzcdn.net/images/cover/b69c58770a895902eb783760cd9b0299/500x500-000000-80-0-0.jpg
deezer_888988962,Buena Vista Social Club,Buena Vista Social Club,1997,1990s,Latin,https://cdn-images.dzcdn.net/images/cover/f1c80ecded74da97fb95413acb79d7c8/500x500-000000-80-0-0.jpg
deezer_905331092,Buena Vista Social Club (25th Anniversary Edition),Buena Vista Social Club,2026,2020s,Latin,https://cdn-images.dzcdn.net/images/cover/2652fbf7e9c12709c620d16854cbd257/500x500-000000-80-0-0.jpg
deezer_693008911,DeBÍ TiRAR MáS FOToS,Bad Bunny,2025,2020s,Latin,https://cdn-images.dzcdn.net/images/cover/d98eaccfbb945bdf68241d6de7fe6a49/500x500-000000-80-0-0.jpg
deezer_499463651,nadie sabe lo que va a pasar mañana,Bad Bunny,2023,2020s,Latin,https://cdn-images.dzcdn.net/images/cover/f840891b70f6e240b8ecaec49346bd6a/500x500-000000-80-0-0.jpg
deezer_316164367,Un Verano Sin Ti,Bad Bunny,2022,2020s,Latin,https://cdn-images.dzcdn.net/images/cover/b29d1070377b784384c2456093f96a66/500x500-000000-80-0-0.jpg
deezer_188972392,EL ÚLTIMO TOUR DEL MUNDO,Bad Bunny,2020,2020s,Latin,https://cdn-images.dzcdn.net/images/cover/6ea80078f0df08737a7471f3c4cf2afa/500x500-000000-80-0-0.jpg
deezer_147415382,LAS QUE NO IBAN A SALIR,Bad Bunny,2020,2020s,Latin,https://cdn-images.dzcdn.net/images/cover/057ed894b5e2a6811faa5032254ca311/500x500-000000-80-0-0.jpg
deezer_133878352,YHLQMDLG,Bad Bunny,2020,2020s,Latin,https://cdn-images.dzcdn.net/images/cover/0a6f32569d4785c5ef82f581086f4302/500x500-000000-80-0-0.jpg
deezer_101490842,OASIS,Bad Bunny,2019,2010s,Latin,https://cdn-images.dzcdn.net/images/cover/ef1cb84fc7b70a390d80af20768cf065/500x500-000000-80-0-0.jpg
deezer_82541262,X 100PRE,Bad Bunny,2018,2010s,Latin,https://cdn-images.dzcdn.net/images/cover/72213221ed4529431857d42f6be61d56/500x500-000000-80-0-0.jpg
deezer_856180322,Zootopia 2 (Original Motion Picture Soundtrack),Shakira,2025,2020s,Latin,https://cdn-images.dzcdn.net/images/cover/06463e9688e247c48d3ecb1906e96425/500x500-000000-80-0-0.jpg
deezer_561958172,Las Mujeres Ya No Lloran,Shakira,2024,2020s,Latin,https://cdn-images.dzcdn.net/images/cover/50892c18429512463f3379ef5cbbe02b/500x500-000000-80-0-0.jpg
deezer_118190592,Shakira In Concert: El Dorado World Tour,Shakira,2019,2010s,Latin,https://cdn-images.dzcdn.net/images/cover/18b0fe739887a096acc9e84a65224507/500x500-000000-80-0-0.jpg
deezer_42014431,El Dorado,Shakira,2017,2010s,Latin,https://cdn-images.dzcdn.net/images/cover/c27b4d011105cd0b3c4aeb286671cbc4/500x500-000000-80-0-0.jpg
deezer_7539807,Shakira. (Expanded Edition) (Spanish Version),Shakira,2014,2010s,Latin,https://cdn-images.dzcdn.net/images/cover/e38e706586ff79d1c6e17aa3c9f39420/500x500-000000-80-0-0.jpg
deezer_649150331,Shakira. (Expanded Edition),Shakira,2014,2010s,Latin,https://cdn-images.dzcdn.net/images/cover/a58dff59f9c024750becd88212557fcb/500x500-000000-80-0-0.jpg
deezer_1373817,Live From Paris,Shakira,2011,2010s,Latin,https://cdn-images.dzcdn.net/images/cover/c0f5ca759d3ef5111c5bbe3ea9eaf192/500x500-000000-80-0-0.jpg
deezer_7927764,Sale el Sol,Shakira,2010,2010s,Latin,https://cdn-images.dzcdn.net/images/cover/e5f3faf34a31ae0a4552e7f86c819170/500x500-000000-80-0-0.jpg
deezer_648801441,She Wolf (Expanded Edition),Shakira,2009,2000s,Latin,https://cdn-images.dzcdn.net/images/cover/2ae86792415f9bd01ecfcaceb58c68dc/500x500-000000-80-0-0.jpg
deezer_763994911,"Oral Fixation, Vol. 2 (Expanded Edition)",Shakira,2005,2000s,Latin,https://cdn-images.dzcdn.net/images/cover/a7595d632688b0441f35a84e78eb039f/500x500-000000-80-0-0.jpg
deezer_763994091,Fijación Oral Volumen 1,Shakira,2005,2000s,Latin,https://cdn-images.dzcdn.net/images/cover/ca9c06a7551ad33edace4b2a7d2f5b83/500x500-000000-80-0-0.jpg
deezer_7517438,Live & Off The Record,Shakira,2014,2010s,Latin,https://cdn-images.dzcdn.net/images/cover/e0cb32c3c3cf7d54a9ad85dd42a6b467/500x500-000000-80-0-0.jpg
deezer_1422755,Grandes Exitos,Shakira,2002,2000s,Latin,https://cdn-images.dzcdn.net/images/cover/83a3bd39ee9bf539cb12c985df308f40/500x500-000000-80-0-0.jpg
deezer_1401302,Laundry Service,Shakira,2001,2000s,Latin,https://cdn-images.dzcdn.net/images/cover/3c50690401eed099df05e72f5080af1b/500x500-000000-80-0-0.jpg
deezer_270739662,Laundry Service: Washed and Dried (Expanded Edition),Shakira,2021,2020s,Latin,https://cdn-images.dzcdn.net/images/cover/036fcf5da54c115379dd16f91c4152e9/500x500-000000-80-0-0.jpg
deezer_1422754,Shakira MTV Unplugged,Shakira,2005,2000s,Latin,https://cdn-images.dzcdn.net/images/cover/e708af68cdc98aa656d7213ab7e8da46/500x500-000000-80-0-0.jpg
deezer_1422753,Donde Estan Los Ladrones,Shakira,1998,1990s,Latin,https://cdn-images.dzcdn.net/images/cover/a62a4c9224f2869b22c5b56f6e0b91e0/500x500-000000-80-0-0.jpg
deezer_7505914,The Remixes,Shakira,1997,1990s,Latin,https://cdn-images.dzcdn.net/images/cover/368cb9f3ec10f0a1ca832a93a454fd51/500x500-000000-80-0-0.jpg
deezer_1422752,Pies Descalzos,Shakira,1995,1990s,Latin,https://cdn-images.dzcdn.net/images/cover/61832640562dcca83f0600bc9a11e4a7/500x500-000000-80-0-0.jpg
deezer_575737011,MUEVENSE,Marc Anthony,2024,2020s,Latin,https://cdn-images.dzcdn.net/images/cover/6e050e81767518b9d9984ac23b90a76f/500x500-000000-80-0-0.jpg
deezer_296319502,Pa'lla Voy,Marc Anthony,2022,2020s,Latin,https://cdn-images.dzcdn.net/images/cover/9c677ffad03f54539aae8ec17c799e8b/500x500-000000-80-0-0.jpg
deezer_95975602,OPUS,Marc Anthony,2019,2010s,Latin,https://cdn-images.dzcdn.net/images/cover/3f546a869ac24ac99a706a43d738f7eb/500x500-000000-80-0-0.jpg
deezer_15109687,2En1,Marc Anthony,2017,2010s,Latin,https://cdn-images.dzcdn.net/images/cover/46995363d4661d6b928432df6c48e0c9/500x500-000000-80-0-0.jpg
deezer_6736087,3.0,Marc Anthony,2013,2010s,Latin,https://cdn-images.dzcdn.net/images/cover/704472d2cb6d5e71fc79f424f83d1956/500x500-000000-80-0-0.jpg
deezer_555231,Iconos,Marc Anthony,2010,2010s,Latin,https://cdn-images.dzcdn.net/images/cover/0b67dd018e84b3183d6561da91f59d89/500x500-000000-80-0-0.jpg
deezer_72591,"Marc Anthony ""El Cantante"" OST",Marc Anthony,2007,2000s,Latin,https://cdn-images.dzcdn.net/images/cover/9cdbe90ed60141ab8a9c46d3248a89ac/500x500-000000-80-0-0.jpg
deezer_72143,Sigo Siendo Yo,Marc Anthony,2006,2000s,Latin,https://cdn-images.dzcdn.net/images/cover/51bc638c793784b7131748cde1e77cb5/500x500-000000-80-0-0.jpg
deezer_75287,Valio La Pena,Marc Anthony,2004,2000s,Latin,https://cdn-images.dzcdn.net/images/cover/22af1faf316c4e61fbc890b750f28e1e/500x500-000000-80-0-0.jpg
deezer_75247,Amar Sin Mentiras,Marc Anthony,2004,2000s,Latin,https://cdn-images.dzcdn.net/images/cover/404175a4483abff58587b37b488d463e/500x500-000000-80-0-0.jpg
deezer_227536,Exitos Eternos,Marc Anthony,2004,2000s,Latin,https://cdn-images.dzcdn.net/images/cover/ffd969a72ba738ac3553e6008431d85e/500x500-000000-80-0-0.jpg
deezer_78401,Mended,Marc Anthony,2002,2000s,Latin,https://cdn-images.dzcdn.net/images/cover/d8c69eae87f74be4ff164a6143f7cca6/500x500-000000-80-0-0.jpg
deezer_78400,Libre,Marc Anthony,2001,2000s,Latin,https://cdn-images.dzcdn.net/images/cover/d28381ae7919d7d1b69986e265d5e2fb/500x500-000000-80-0-0.jpg
deezer_78303,Marc Anthony,Marc Anthony,1999,1990s,Latin,https://cdn-images.dzcdn.net/images/cover/2cc8a9d03c75faa3923b233e60da7e42/500x500-000000-80-0-0.jpg
deezer_321134397,Desde Un Principio / From The Beginning,Marc Anthony,2006,2000s,Latin,https://cdn-images.dzcdn.net/images/cover/8a84552e44214a6e3f8949492eece540/500x500-000000-80-0-0.jpg
deezer_223922,Contra La Corriente,Marc Anthony,1997,1990s,Latin,https://cdn-images.dzcdn.net/images/cover/eaaf34ca5451093f2c2abc5f6f12fdae/500x500-000000-80-0-0.jpg
deezer_248012,Todo A Su Tiempo,Marc Anthony,1995,1990s,Latin,https://cdn-images.dzcdn.net/images/cover/11014c3e2d27ef83b644e294166d378e/500x500-000000-80-0-0.jpg
deezer_433700,Otra Nota,Marc Anthony,1993,1990s,Latin,https://cdn-images.dzcdn.net/images/cover/60a5445186b72e1578cb549cb8b1b759/500x500-000000-80-0-0.jpg
deezer_512495,When The Night Is Over,Marc Anthony,1991,1990s,Latin,https://cdn-images.dzcdn.net/images/cover/29cba69724e8cc037c9279c59e19728b/500x500-000000-80-0-0.jpg
deezer_835902182,LAMENTO EN BAILE,Daddy Yankee,2025,2020s,Latin,https://cdn-images.dzcdn.net/images/cover/4258536981ec8f1734e4893c013945b6/500x500-000000-80-0-0.jpg
deezer_1008214091,VERANO GASOLINA 2024,Daddy Yankee,2026,2020s,Latin,https://cdn-images.dzcdn.net/images/cover/5e0ae822dc6fd9e18027ff37d1da2905/500x500-000000-80-0-0.jpg
deezer_1008214111,Modo Big Boss,Daddy Yankee,2026,2020s,Latin,https://cdn-images.dzcdn.net/images/cover/427b6b050bd9fa8499cc5a563faffb85/500x500-000000-80-0-0.jpg
deezer_304016227,LEGENDADDY,Daddy Yankee,2022,2020s,Latin,https://cdn-images.dzcdn.net/images/cover/8adaf7c5ebd0c2feb49c04dbe114c58c/500x500-000000-80-0-0.jpg
deezer_194492052,"2K20, Pt. 3 (Live)",Daddy Yankee,2020,2020s,Latin,https://cdn-images.dzcdn.net/images/cover/ea41aa79f241ce6b68cceafbdf317c10/500x500-000000-80-0-0.jpg
deezer_191097532,"2K20, Pt. 2 (Live)",Daddy Yankee,2020,2020s,Latin,https://cdn-images.dzcdn.net/images/cover/0959f2815b643cec4372286d1d5d6009/500x500-000000-80-0-0.jpg
deezer_187703912,"2K20, Pt. 1 (Live)",Daddy Yankee,2020,2020s,Latin,https://cdn-images.dzcdn.net/images/cover/c3120e738e27ea89042452868d506057/500x500-000000-80-0-0.jpg
deezer_7114449,King Daddy,Daddy Yankee,2013,2010s,Latin,https://cdn-images.dzcdn.net/images/cover/eb413b44c122949996883b3c5dbbe152/500x500-000000-80-0-0.jpg
deezer_5744911,Prestige,Daddy Yankee,2012,2010s,Latin,https://cdn-images.dzcdn.net/images/cover/04a95dd06db9a2941a47b3c730b34a7d/500x500-000000-80-0-0.jpg
deezer_691271271,Mundial,Daddy Yankee,2010,2010s,Latin,https://cdn-images.dzcdn.net/images/cover/a3059bd6f3a63ea2b616fd5722275270/500x500-000000-80-0-0.jpg
deezer_691271251,Talento de Barrio,Daddy Yankee,2025,2020s,Latin,https://cdn-images.dzcdn.net/images/cover/a693d1a26123741547161da7eb562813/500x500-000000-80-0-0.jpg
deezer_691271191,El Cartel: The Big Boss,Daddy Yankee,2025,2020s,Latin,https://cdn-images.dzcdn.net/images/cover/53d8402a7999beec558ed2b0bbee2b3b/500x500-000000-80-0-0.jpg
deezer_320927107,Barrio Fino En Directo,Daddy Yankee,2006,2000s,Latin,https://cdn-images.dzcdn.net/images/cover/71647dbb4000a4692ca5b4911c64829c/500x500-000000-80-0-0.jpg
deezer_691271221,Los Homerun-es,Daddy Yankee,2005,2000s,Latin,https://cdn-images.dzcdn.net/images/cover/0cb45c1a771fd97e58d6c2921f6ccff4/500x500-000000-80-0-0.jpg
deezer_691271181,El Cangri.com,Daddy Yankee,2025,2020s,Latin,https://cdn-images.dzcdn.net/images/cover/cf77af11b21db8a14341047f3e8a125c/500x500-000000-80-0-0.jpg
deezer_968423351,OMERTA,J Balvin,2026,2020s,Latin,https://cdn-images.dzcdn.net/images/cover/b617c6255ba734c2ff1818725c16e6f2/500x500-000000-80-0-0.jpg
deezer_800127341,Mixteip,J Balvin,2025,2020s,Latin,https://cdn-images.dzcdn.net/images/cover/2885f9834073b9c876cc18aa1725e199/500x500-000000-80-0-0.jpg
deezer_623711211,Rayo,J Balvin,2024,2020s,Latin,https://cdn-images.dzcdn.net/images/cover/13c557482925a2435196fd7b50b7f097/500x500-000000-80-0-0.jpg
deezer_256304072,JOSE,J Balvin,2021,2020s,Latin,https://cdn-images.dzcdn.net/images/cover/47f2a0c032c6eb5bbaed7fe833424e1c/500x500-000000-80-0-0.jpg
deezer_49136912,Energía Lado B,J Balvin,2017,2010s,Latin,https://cdn-images.dzcdn.net/images/cover/72e4635615833d4a66b5b09f89b1d100/500x500-000000-80-0-0.jpg
deezer_8539195,La Familia B Sides,J Balvin,2014,2010s,Latin,https://cdn-images.dzcdn.net/images/cover/989999970efbd01232b370df921710d9/500x500-000000-80-0-0.jpg
deezer_137297152,La Familia,J Balvin,2014,2010s,Latin,https://cdn-images.dzcdn.net/images/cover/3b8d452f1131786ae6d5ead62b24e697/500x500-000000-80-0-0.jpg
deezer_1557723,J Balvin Mix Tape,J Balvin,2012,2010s,Latin,https://cdn-images.dzcdn.net/images/cover/255f0c4a665d6f18284e92aaf5c2a9d1/500x500-000000-80-0-0.jpg
deezer_746196931,Raíces,Gloria Estefan,2025,2020s,Latin,https://cdn-images.dzcdn.net/images/cover/1b699dd842804145a7784534be2437d6/500x500-000000-80-0-0.jpg
deezer_362848927,Estefan Family Christmas,Gloria Estefan,2022,2020s,Latin,https://cdn-images.dzcdn.net/images/cover/c0fbc06066b5625059add650e170f288/500x500-000000-80-0-0.jpg
deezer_165331312,BRAZIL305,Gloria Estefan,2020,2020s,Latin,https://cdn-images.dzcdn.net/images/cover/6905d20672fa139a21b045e678465861/500x500-000000-80-0-0.jpg
deezer_11054166,Soy Mujer,Gloria Estefan,2015,2010s,Latin,https://cdn-images.dzcdn.net/images/cover/2e8b8b763204305091f65c18980ce58a/500x500-000000-80-0-0.jpg
deezer_6893964,The Standards,Gloria Estefan,2013,2010s,Latin,https://cdn-images.dzcdn.net/images/cover/a27957588bf4ca40731314e322b0fc97/500x500-000000-80-0-0.jpg
deezer_155536922,Miss Little Havanna (Bonus Track),Gloria Estefan,2011,2010s,Latin,https://cdn-images.dzcdn.net/images/cover/e46b2c5ed9709bc773784b395b694800/500x500-000000-80-0-0.jpg
deezer_77324202,Miss Little Havana,Gloria Estefan,2011,2010s,Latin,https://cdn-images.dzcdn.net/images/cover/5ec7855fa601990b3916e7d540bf40f3/500x500-000000-80-0-0.jpg
deezer_72660,90 Millas,Gloria Estefan,2007,2000s,Latin,https://cdn-images.dzcdn.net/images/cover/177a47f10b6a91abd8de70f9f8fa6157/500x500-000000-80-0-0.jpg
deezer_73557,The Essential Gloria Estefan,Gloria Estefan,2006,2000s,Latin,https://cdn-images.dzcdn.net/images/cover/1b0411abe7d773fd5e5d56c47da318c6/500x500-000000-80-0-0.jpg
deezer_73558,The Very Best Of Gloria Estefan (English Version),Gloria Estefan,2006,2000s,Latin,https://cdn-images.dzcdn.net/images/cover/dc48482c24b4a73bf3441a3f78db7972/500x500-000000-80-0-0.jpg
deezer_1441777,Oye Mi Canto,Gloria Estefan,2006,2000s,Latin,https://cdn-images.dzcdn.net/images/cover/a1c399af896dd68dd9b4242e9119289a/500x500-000000-80-0-0.jpg
deezer_6914231,Amor Y Suerte,Gloria Estefan,2004,2000s,Latin,https://cdn-images.dzcdn.net/images/cover/d660179ca63f2a0b7e8702aea3e03e18/500x500-000000-80-0-0.jpg
deezer_1426067,Unwrapped,Gloria Estefan,2003,2000s,Latin,https://cdn-images.dzcdn.net/images/cover/c7f55d39ba5e77e0fbca1bcb675543c1/500x500-000000-80-0-0.jpg
deezer_6928586,Out Of Nowhere,Gloria Estefan,2001,2000s,Latin,https://cdn-images.dzcdn.net/images/cover/4d1c798eef7d91f5be5aeeb430eb93a4/500x500-000000-80-0-0.jpg
deezer_78368,Greatest Hits Vol. II,Gloria Estefan,2001,2000s,Latin,https://cdn-images.dzcdn.net/images/cover/27aac2259dd6bb73e5f27ede91df2073/500x500-000000-80-0-0.jpg
deezer_1457440,Como me duele perderte Remixes,Gloria Estefan,2000,2000s,Latin,https://cdn-images.dzcdn.net/images/cover/a5210ba8caf415c46173efa457643f51/500x500-000000-80-0-0.jpg
deezer_1398864,Alma Caribeña,Gloria Estefan,2000,2000s,Latin,https://cdn-images.dzcdn.net/images/cover/2210a3427ac234abd107b675497be8c3/500x500-000000-80-0-0.jpg
deezer_1402014,20th Anniversary,Gloria Estefan,1999,1990s,Latin,https://cdn-images.dzcdn.net/images/cover/aca334773b855a5e5b4142ee6a04b0f9/500x500-000000-80-0-0.jpg
deezer_342081387,Music of My Heart (feat. *NSYNC),Gloria Estefan,1999,1990s,Latin,https://cdn-images.dzcdn.net/images/cover/187debe296a51154892294409af2452a/500x500-000000-80-0-0.jpg
deezer_229744,Pavarotti & Friends For The Children Of Guatemala And Kosovo (Live),Gloria Estefan,1999,1990s,Latin,https://cdn-images.dzcdn.net/images/cover/c37197575ec97d68c2b45b8278e53171/500x500-000000-80-0-0.jpg
deezer_322053547,Cuba Libre,Gloria Estefan,1998,1990s,Latin,https://cdn-images.dzcdn.net/images/cover/f55cb6307c8b724ca67ad72261044f44/500x500-000000-80-0-0.jpg
deezer_321443477,Don't Let This Moment End,Gloria Estefan,1998,1990s,Latin,https://cdn-images.dzcdn.net/images/cover/914226c9d45ac3535470f5b2f08af2d1/500x500-000000-80-0-0.jpg
deezer_321414027,Oye (English Remixes),Gloria Estefan,1998,1990s,Latin,https://cdn-images.dzcdn.net/images/cover/5013961b2fb0c3eb167f9fc8e72e4b4e/500x500-000000-80-0-0.jpg
deezer_321443077,Oye (Spanish Remixes),Gloria Estefan,1998,1990s,Latin,https://cdn-images.dzcdn.net/images/cover/93df2290e53a0418ef2ff5faa06d2fb3/500x500-000000-80-0-0.jpg
deezer_321413857,Heaven's What I Feel,Gloria Estefan,1998,1990s,Latin,https://cdn-images.dzcdn.net/images/cover/4ce321f7cf2e731233807c72791a5199/500x500-000000-80-0-0.jpg
deezer_1454281,gloria!,Gloria Estefan,1998,1990s,Latin,https://cdn-images.dzcdn.net/images/cover/4ef111bb203591b585db0d3d45f34bb0/500x500-000000-80-0-0.jpg
deezer_1431405,Destiny,Gloria Estefan,1996,1990s,Latin,https://cdn-images.dzcdn.net/images/cover/f35dd02481c7fc1b3fc1ff8b02e5d6d1/500x500-000000-80-0-0.jpg
deezer_1398602,Abriendo Puertas,Gloria Estefan,1995,1990s,Latin,https://cdn-images.dzcdn.net/images/cover/e5f4cfd424b86672e8ce6d8d1891081c/500x500-000000-80-0-0.jpg
deezer_110955,"Hold Me, Thrill Me, Kiss Me",Gloria Estefan,2010,2010s,Latin,https://cdn-images.dzcdn.net/images/cover/32463b3707e23e865b08638207522847/500x500-000000-80-0-0.jpg
deezer_1254545,Christmas Through Your Eyes,Gloria Estefan,1993,1990s,Latin,https://cdn-images.dzcdn.net/images/cover/cd9369ce7e83b5eab9061254fed28a4b/500x500-000000-80-0-0.jpg
deezer_1398971,Mi Tierra,Gloria Estefan,1993,1990s,Latin,https://cdn-images.dzcdn.net/images/cover/82b13c2b6eb7f8603e7305925f21f833/500x500-000000-80-0-0.jpg
deezer_1398968,Greatest Hits,Gloria Estefan,1992,1990s,Latin,https://cdn-images.dzcdn.net/images/cover/85d38d5d8a3edf8f6aaeb30f1bc4ffde/500x500-000000-80-0-0.jpg
deezer_1398962,Into The Light,Gloria Estefan,1991,1990s,Latin,https://cdn-images.dzcdn.net/images/cover/f635bb77156c9fbbcb42c4d7a876b043/500x500-000000-80-0-0.jpg
deezer_1431368,Exitos de gloria estefan,Gloria Estefan,1990,1990s,Latin,https://cdn-images.dzcdn.net/images/cover/f917e00feedf8c0e31b9be58fad43393/500x500-000000-80-0-0.jpg
deezer_1444073,Cuts Both Ways,Gloria Estefan,1989,1980s,Latin,https://cdn-images.dzcdn.net/images/cover/a868c09c0723a95e2abc9f6668dd2589/500x500-000000-80-0-0.jpg
deezer_51488632,¡MÉXICO Por Siempre!,Luis Miguel,2017,2010s,Latin,https://cdn-images.dzcdn.net/images/cover/a323b01fbedff65e8959f1ce1c3dfa24/500x500-000000-80-0-0.jpg
deezer_652766,Luis Miguel,Luis Miguel,2010,2010s,Latin,https://cdn-images.dzcdn.net/images/cover/b3041571f4e619e15a46c240bd899774/500x500-000000-80-0-0.jpg
deezer_1241321,Luis Miguel (Edición De Lujo),Luis Miguel,2011,2010s,Latin,https://cdn-images.dzcdn.net/images/cover/49a0917b9d2aadfeac1aa8c17fdbc86b/500x500-000000-80-0-0.jpg
deezer_569614,Canta En Italiano,Luis Miguel,2010,2010s,Latin,https://cdn-images.dzcdn.net/images/cover/db74f60e58e8d179452ea0ab978e5a8e/500x500-000000-80-0-0.jpg
deezer_575164,1 + 1 = 2 Enamorados,Luis Miguel,2010,2010s,Latin,https://cdn-images.dzcdn.net/images/cover/23f7f0916d822c4e278c302ae57f733f/500x500-000000-80-0-0.jpg
deezer_1241601,No culpes a la noche (Club remixes),Luis Miguel,2009,2000s,Latin,https://cdn-images.dzcdn.net/images/cover/78e166bc14e577352325f35e79df0e56/500x500-000000-80-0-0.jpg
deezer_102179,Cómplices,Luis Miguel,2008,2000s,Latin,https://cdn-images.dzcdn.net/images/cover/a0ce72b73e4ef1c7cb01a151f93581bd/500x500-000000-80-0-0.jpg
deezer_38946591,Cómplices (Edición Especial),Luis Miguel,2008,2000s,Latin,https://cdn-images.dzcdn.net/images/cover/3c791a0cdc8502beada99e355bd3bff1/500x500-000000-80-0-0.jpg
deezer_335421,Celebridades- Luis Miguel,Luis Miguel,2008,2000s,Latin,https://cdn-images.dzcdn.net/images/cover/4f1680bd8770eb5124e50752f19cac5d/500x500-000000-80-0-0.jpg
deezer_335414,Serie Verde- Luis Miguel,Luis Miguel,2007,2000s,Latin,https://cdn-images.dzcdn.net/images/cover/6df41fa9d2614e227cca04a7fbd2c37e/500x500-000000-80-0-0.jpg
deezer_91381,Navidades Luis Miguel,Luis Miguel,2006,2000s,Latin,https://cdn-images.dzcdn.net/images/cover/04a85514f534db31f30911321cae178d/500x500-000000-80-0-0.jpg
deezer_1349802,Grandes Exitos - US CD version,Luis Miguel,2008,2000s,Latin,https://cdn-images.dzcdn.net/images/cover/155c65f80918b0051fb51ea9bef35fea/500x500-000000-80-0-0.jpg
deezer_6481491,Grandes Éxitos,Luis Miguel,2005,2000s,Latin,https://cdn-images.dzcdn.net/images/cover/b172a827d6428d3905366a26cf5a2ee8/500x500-000000-80-0-0.jpg
deezer_363376,Mexico en la Piel (edicion diamante),Luis Miguel,2005,2000s,Latin,https://cdn-images.dzcdn.net/images/cover/74d3e0c8f530ca26e8e72053375ca332/500x500-000000-80-0-0.jpg
deezer_361298,33,Luis Miguel,2003,2000s,Latin,https://cdn-images.dzcdn.net/images/cover/65df1c80934a84bde09734bfd4d3bcce/500x500-000000-80-0-0.jpg
deezer_335374,30 Exitos Insuperables,Luis Miguel,2007,2000s,Latin,https://cdn-images.dzcdn.net/images/cover/e6d949fb1f12dd488a1e7976872b654c/500x500-000000-80-0-0.jpg
deezer_335366,Latin Classics,Luis Miguel,2002,2000s,Latin,https://cdn-images.dzcdn.net/images/cover/318e3503279bace04d125b1dd072d15f/500x500-000000-80-0-0.jpg
deezer_94812,Mis Boleros Favoritos,Luis Miguel,2002,2000s,Latin,https://cdn-images.dzcdn.net/images/cover/a68b22f0c0a4f2e862c1cb9dd4abceaf/500x500-000000-80-0-0.jpg
deezer_4050111,Solo Lo Mejor - 20 Exitos,Luis Miguel,2002,2000s,Latin,https://cdn-images.dzcdn.net/images/cover/a5c4fdd317e3ab6828f206b67cc47001/500x500-000000-80-0-0.jpg
deezer_362006,Mis Romances,Luis Miguel,2001,2000s,Latin,https://cdn-images.dzcdn.net/images/cover/5e44f979c8d6cb1517a1e3c933f0bd41/500x500-000000-80-0-0.jpg
deezer_1392635,Vivo,Luis Miguel,2000,2000s,Latin,https://cdn-images.dzcdn.net/images/cover/2c37fb5e59674d1fd0d96736373fb8bf/500x500-000000-80-0-0.jpg
deezer_362651,Amarte Es Un Placer,Luis Miguel,1999,1990s,Latin,https://cdn-images.dzcdn.net/images/cover/1e908112d30a50ead43ed6df25ba6646/500x500-000000-80-0-0.jpg
deezer_335382,Romantico Desde Siempre II,Luis Miguel,2007,2000s,Latin,https://cdn-images.dzcdn.net/images/cover/b0716b6c911d992f236548b487796395/500x500-000000-80-0-0.jpg
deezer_360914,Romances,Luis Miguel,1997,1990s,Latin,https://cdn-images.dzcdn.net/images/cover/eab1073583b60fbcce70ec13f8b46a3b/500x500-000000-80-0-0.jpg
deezer_361286,Nada Es Igual,Luis Miguel,1996,1990s,Latin,https://cdn-images.dzcdn.net/images/cover/15e13edf892d7d3e03a5f3ee10f2c053/500x500-000000-80-0-0.jpg
deezer_361687,El Concierto,Luis Miguel,1995,1990s,Latin,https://cdn-images.dzcdn.net/images/cover/e07224adf44bd39ae90256485ca0ef1c/500x500-000000-80-0-0.jpg
deezer_335386,Romantico Desde Siempre,Luis Miguel,1994,1990s,Latin,https://cdn-images.dzcdn.net/images/cover/9ba6c6c1edadf0d40bea350a4a6ccc11/500x500-000000-80-0-0.jpg
deezer_360897,Segundo Romance,Luis Miguel,1994,1990s,Latin,https://cdn-images.dzcdn.net/images/cover/426aeaebfe96e85e072c317e38782ec9/500x500-000000-80-0-0.jpg
deezer_364275,Aries,Luis Miguel,1995,1990s,Latin,https://cdn-images.dzcdn.net/images/cover/a89494280c89deaf46cbd8d0b1381eb7/500x500-000000-80-0-0.jpg
deezer_335324,El Idolo De Mexico,Luis Miguel,1992,1990s,Latin,https://cdn-images.dzcdn.net/images/cover/c7eeed3c89defc4c044dd8d0747d6d1f/500x500-000000-80-0-0.jpg
deezer_360644,Romance,Luis Miguel,1991,1990s,Latin,https://cdn-images.dzcdn.net/images/cover/dc937566c6e1d6a00d8c9e2ddb26ed8e/500x500-000000-80-0-0.jpg
deezer_69269152,20 Años,Luis Miguel,1990,1990s,Latin,https://cdn-images.dzcdn.net/images/cover/0bc9eff79a5c822cc6a0d4a0f03c4923/500x500-000000-80-0-0.jpg
deezer_335323,14 Grandes Exitos,Luis Miguel,1989,1980s,Latin,https://cdn-images.dzcdn.net/images/cover/4a35387729fea56bba6798b3d78c22fc/500x500-000000-80-0-0.jpg
deezer_360905,Busca Una Mujer,Luis Miguel,1988,1980s,Latin,https://cdn-images.dzcdn.net/images/cover/4a35023687613cd4e438f685aab47bf6/500x500-000000-80-0-0.jpg
deezer_6755148,Soy Como Quiero Ser,Luis Miguel,1987,1980s,Latin,https://cdn-images.dzcdn.net/images/cover/250298e2003c1fba394d08ad77750492/500x500-000000-80-0-0.jpg
deezer_559344,Tambien Es Rock,Luis Miguel,2010,2010s,Latin,https://cdn-images.dzcdn.net/images/cover/bc129e0a6b30fe3e6c4f9a5550a859e2/500x500-000000-80-0-0.jpg
deezer_569613,Fiebre De Amor,Luis Miguel,2010,2010s,Latin,https://cdn-images.dzcdn.net/images/cover/8d65c8ac84b1687d04bba0a77e51992f/500x500-000000-80-0-0.jpg
deezer_559345,Palabra De Honor,Luis Miguel,2010,2010s,Latin,https://cdn-images.dzcdn.net/images/cover/94382d98442e4d40aeecbdfe6a570dab/500x500-000000-80-0-0.jpg
deezer_575163,Ya Nunca Más,Luis Miguel,2010,2010s,Latin,https://cdn-images.dzcdn.net/images/cover/03b3498580c8aff82f433def01fef880/500x500-000000-80-0-0.jpg
deezer_569612,Decidete,Luis Miguel,2010,2010s,Latin,https://cdn-images.dzcdn.net/images/cover/f1ba7958c71938424d933863f0a5f8a1/500x500-000000-80-0-0.jpg
deezer_559349,Directo Al Corazon,Luis Miguel,2010,2010s,Latin,https://cdn-images.dzcdn.net/images/cover/4c4d8fa2a494574028f62bbe585a3766/500x500-000000-80-0-0.jpg
deezer_147985492,Nada Permanece,Maná,2020,2020s,Latin,https://cdn-images.dzcdn.net/images/cover/267e8ed6bc292738ab258a8a898e40ec/500x500-000000-80-0-0.jpg
deezer_1051900112,Tributo al Rey Con Banda,Vicente Fernández,2026,2020s,Latin,https://cdn-images.dzcdn.net/images/cover/d535bb7ab9699877d0c62791e965c1eb/500x500-000000-80-0-0.jpg
deezer_666487671,Vicente Fernández Con Banda,Vicente Fernández,2025,2020s,Latin,https://cdn-images.dzcdn.net/images/cover/9b1d501eaaedf640505018719e28227d/500x500-000000-80-0-0.jpg
deezer_637731681,Pa´ la Parranda,Vicente Fernández,2024,2020s,Latin,https://cdn-images.dzcdn.net/images/cover/575afd5d548acf54868a6a97ee0349e0/500x500-000000-80-0-0.jpg
deezer_587775052,Los Temas de Mis Películas,Vicente Fernández,2024,2020s,Latin,https://cdn-images.dzcdn.net/images/cover/3371054f17104ad8427a63eff41a5e56/500x500-000000-80-0-0.jpg
deezer_510888581,Las Clásicas de José Alfredo Jiménez Vol.2,Vicente Fernández,2023,2020s,Latin,https://cdn-images.dzcdn.net/images/cover/1d0d0dd110e1ee2de62b8509a276c0ae/500x500-000000-80-0-0.jpg
deezer_464225385,Vicente Fernández Le Canta a los Grandes Compositores de México,Vicente Fernández,2023,2020s,Latin,https://cdn-images.dzcdn.net/images/cover/cf5c7226276d9b6dca9b75b37a7eb9cc/500x500-000000-80-0-0.jpg
deezer_187366952,A Mis 80's,Vicente Fernández,2020,2020s,Latin,https://cdn-images.dzcdn.net/images/cover/bb078ce1acb7fc0701bee26000b420e8/500x500-000000-80-0-0.jpg
deezer_68408221,Más Romántico Que Nunca,Vicente Fernández,2018,2010s,Latin,https://cdn-images.dzcdn.net/images/cover/cea41357c7c97f333036f2d4ac79578b/500x500-000000-80-0-0.jpg
deezer_13947986,Un Azteca en el Azteca,Vicente Fernández,2016,2010s,Latin,https://cdn-images.dzcdn.net/images/cover/5ef79a7be7c6b6bf55965dbd4ce05520/500x500-000000-80-0-0.jpg
deezer_14004330,"Un Azteca en el Azteca, Vol. 2",Vicente Fernández,2016,2010s,Latin,https://cdn-images.dzcdn.net/images/cover/8d9462a1c0ce1f5df0b09e7fe5c17852/500x500-000000-80-0-0.jpg
deezer_14004332,"Un Azteca en el Azteca, Vol. 1",Vicente Fernández,2016,2010s,Latin,https://cdn-images.dzcdn.net/images/cover/2c5816c9dbf07ef6f90efd2fc79f9242/500x500-000000-80-0-0.jpg
deezer_11227120,Muriendo de Amor,Vicente Fernández,2015,2010s,Latin,https://cdn-images.dzcdn.net/images/cover/2dcc0cb35d473e9a28c3b53e11cdb0d5/500x500-000000-80-0-0.jpg
deezer_7554727,Mano a Mano - Tangos a la Manera de Vicente Fernández,Vicente Fernández,2014,2010s,Latin,https://cdn-images.dzcdn.net/images/cover/13ce3279eac2f964a98b0c7bc900b357/500x500-000000-80-0-0.jpg
deezer_6454921,Vicente Fernández Hoy,Vicente Fernández,2013,2010s,Latin,https://cdn-images.dzcdn.net/images/cover/77de9f47399e62e5cc4128b060e2bfe6/500x500-000000-80-0-0.jpg
deezer_5814181,Los 2 Vicentes,Vicente Fernández,2012,2010s,Latin,https://cdn-images.dzcdn.net/images/cover/248c664989b44661c3ff721afb582765/500x500-000000-80-0-0.jpg
deezer_1329907,Otra Vez,Vicente Fernández,2011,2010s,Latin,https://cdn-images.dzcdn.net/images/cover/77beed399f65b078ed7d98612d586311/500x500-000000-80-0-0.jpg
deezer_573970,Un Mexicano En La México - Vicente Fernández,Vicente Fernández,2010,2010s,Latin,https://cdn-images.dzcdn.net/images/cover/8bedb5b0ef189e7e7b9f49c65b09d14b/500x500-000000-80-0-0.jpg
deezer_369541,Necesito De Ti,Vicente Fernández,2009,2000s,Latin,https://cdn-images.dzcdn.net/images/cover/879c016c7bb50791db8ed2e2fa65f199/500x500-000000-80-0-0.jpg
deezer_659656,El Hombre Que Más Te Amo,Vicente Fernández,2010,2010s,Latin,https://cdn-images.dzcdn.net/images/cover/24733f9df997c92e002a9ce831edba65/500x500-000000-80-0-0.jpg
deezer_284663,Primera Fila,Vicente Fernández,2008,2000s,Latin,https://cdn-images.dzcdn.net/images/cover/cfa03644766e090a73645c045f0accc3/500x500-000000-80-0-0.jpg
deezer_7036503,Vicente Fernandez Para Siempre,Vicente Fernández,2007,2000s,Latin,https://cdn-images.dzcdn.net/images/cover/b3b3545af411af62d3e81ece1be05b32/500x500-000000-80-0-0.jpg
deezer_1221627,Vicente Fernandez La Tragedia del Vaquero,Vicente Fernández,2006,2000s,Latin,https://cdn-images.dzcdn.net/images/cover/25a1d584a6d6ed83f2cb0db88f7a74b3/500x500-000000-80-0-0.jpg
deezer_1220761,Vicente Fernandez La Leyenda Viviente (Digi-Pack),Vicente Fernández,2006,2000s,Latin,https://cdn-images.dzcdn.net/images/cover/38451649fefc7281ce4cd6c17489b29b/500x500-000000-80-0-0.jpg
deezer_1424354,The Living Legend,Vicente Fernández,2006,2000s,Latin,https://cdn-images.dzcdn.net/images/cover/c2dc1c901c3e7cfb5d4fe580f5b3d296/500x500-000000-80-0-0.jpg
deezer_6710421,Mis Duetos,Vicente Fernández,2005,2000s,Latin,https://cdn-images.dzcdn.net/images/cover/fe6e457f06032ea7e3ceea0cbbe2b847/500x500-000000-80-0-0.jpg
deezer_2571661,Vicente Fernández Y Sus Corridos Consentidos,Vicente Fernández,2012,2010s,Latin,https://cdn-images.dzcdn.net/images/cover/e623817a1dcd6ce2d04d77e4d1b5bb35/500x500-000000-80-0-0.jpg
deezer_1215761,Se me hizo tarde la Vida,Vicente Fernández,2004,2000s,Latin,https://cdn-images.dzcdn.net/images/cover/225043d7b011dae1c29b6f8c327301bb/500x500-000000-80-0-0.jpg
deezer_1215757,Vicente Fernández 35 aniversario lo mejor de Lara,Vicente Fernández,1998,1990s,Latin,https://cdn-images.dzcdn.net/images/cover/54c3218fe7d0b82098361e5168cb3b8c/500x500-000000-80-0-0.jpg
deezer_1214125,Historia De Un Idolo Vol.II,Vicente Fernández,2002,2000s,Latin,https://cdn-images.dzcdn.net/images/cover/19595ea754a608e4739a0c3a5ca10c23/500x500-000000-80-0-0.jpg
deezer_1225779,Más Con El Número Uno,Vicente Fernández,2001,2000s,Latin,https://cdn-images.dzcdn.net/images/cover/821b5bbe03c30b2da89c126665587403/500x500-000000-80-0-0.jpg
deezer_6752425,La Historia De Un +dolo,Vicente Fernández,2001,2000s,Latin,https://cdn-images.dzcdn.net/images/cover/c276ce3fc2b76c5de098656562291577/500x500-000000-80-0-0.jpg
deezer_1513003,La Historia De Un Idolo,Vicente Fernández,2000,2000s,Latin,https://cdn-images.dzcdn.net/images/cover/bad28bfbfd8a72ef27d2d9b09e143189/500x500-000000-80-0-0.jpg
deezer_1215122,Lobo Herido,Vicente Fernández,2000,2000s,Latin,https://cdn-images.dzcdn.net/images/cover/7c1472cb4c65cd5b5be175469d98ba43/500x500-000000-80-0-0.jpg
deezer_1401663,Vicente Fernandez Y Los Mas Grandes Exitos De Los Dandys,Vicente Fernández,1995,1990s,Latin,https://cdn-images.dzcdn.net/images/cover/5cff4871b15e6e73c11060784103d95d/500x500-000000-80-0-0.jpg
deezer_1215152,Entre El Amor Y Yo,Vicente Fernández,1998,1990s,Latin,https://cdn-images.dzcdn.net/images/cover/93279d2ab877b6980480c63175d808d3/500x500-000000-80-0-0.jpg
deezer_1215078,Estatua De Marfil,Vicente Fernández,1993,1990s,Latin,https://cdn-images.dzcdn.net/images/cover/cf83a32540078f3c6ce07139a6dec533/500x500-000000-80-0-0.jpg
deezer_1372338,Vicente Fernandez Y Sus Canciones,Vicente Fernández,2011,2010s,Latin,https://cdn-images.dzcdn.net/images/cover/f41d88a2f8d5b32029bd36d039db2c5f/500x500-000000-80-0-0.jpg
deezer_1215825,Aunque Me Duela El Alma,Vicente Fernández,1991,1990s,Latin,https://cdn-images.dzcdn.net/images/cover/20dbb6ca570d587c99e4731869b2b7ae/500x500-000000-80-0-0.jpg
deezer_8288926,Vicente Fernandez / Javier Solis,Vicente Fernández,1994,1990s,Latin,https://cdn-images.dzcdn.net/images/cover/1682cb0afa152565fb27554b70ba96f7/500x500-000000-80-0-0.jpg
deezer_1216275,Vicente Fernandez Recordando a los Panchos,Vicente Fernández,1994,1990s,Latin,https://cdn-images.dzcdn.net/images/cover/46227dfe067cd3394b46ead0fdebd5a6/500x500-000000-80-0-0.jpg
deezer_1215829,Lastima Que Seas Ajena,Vicente Fernández,1994,1990s,Latin,https://cdn-images.dzcdn.net/images/cover/6ac1d1fb36cee2d7176778f22efd6e42/500x500-000000-80-0-0.jpg
deezer_6920865,Mi Historia,Vicente Fernández,1992,1990s,Latin,https://cdn-images.dzcdn.net/images/cover/155f805f4652b5ef7a2d28180b76c927/500x500-000000-80-0-0.jpg
deezer_6984822,El Charro Mexicano,Vicente Fernández,1997,1990s,Latin,https://cdn-images.dzcdn.net/images/cover/5ef279cfa672ee5f2248c9cdfa45c648/500x500-000000-80-0-0.jpg
deezer_1401536,Mientras Ustedes No Dejen De Aplaudir...,Vicente Fernández,1990,1990s,Latin,https://cdn-images.dzcdn.net/images/cover/3f660f9ae88ed66ed005ef50e3c51b8a/500x500-000000-80-0-0.jpg
deezer_1215597,Que De Raro Tiene,Vicente Fernández,1990,1990s,Latin,https://cdn-images.dzcdn.net/images/cover/e4cc36fb2288cab4fcaf1bc26e2f5ed9/500x500-000000-80-0-0.jpg
deezer_1450023,Qué De Raro Tiene,Vicente Fernández,1990,1990s,Latin,https://cdn-images.dzcdn.net/images/cover/41030d4c26b6e1b8deb9261f7f074073/500x500-000000-80-0-0.jpg
deezer_1401533,Y Las Clasicas De José Alfredo Jiménez,Vicente Fernández,1990,1990s,Latin,https://cdn-images.dzcdn.net/images/cover/ce8b12babdf91cf07ca20a1d7faff1a6/500x500-000000-80-0-0.jpg
deezer_1215660,Por Tu Maldito Amor,Vicente Fernández,1990,1990s,Latin,https://cdn-images.dzcdn.net/images/cover/7c815dd6cd5f4ac1f74a837ed786f447/500x500-000000-80-0-0.jpg
deezer_1215658,Lo Mejor De La Baraja Con El Rey,Vicente Fernández,1990,1990s,Latin,https://cdn-images.dzcdn.net/images/cover/66109ef57b75083c9c57ecc78dcdf9a4/500x500-000000-80-0-0.jpg
deezer_901531082,Íntimo (En Vivo),Gilberto Santa Rosa,2026,2020s,Latin,https://cdn-images.dzcdn.net/images/cover/d9c83a275e22c82b998593b235129d19/500x500-000000-80-0-0.jpg
deezer_168005982,Colegas,Gilberto Santa Rosa,2020,2020s,Latin,https://cdn-images.dzcdn.net/images/cover/5f4069c0a6814e4d9da935646c3ccf16/500x500-000000-80-0-0.jpg
deezer_97245542,40... y Contando (En Vivo Desde Puerto Rico),Gilberto Santa Rosa,2019,2010s,Latin,https://cdn-images.dzcdn.net/images/cover/de46d4df9de0b3a33a3ee7ad7abb2d26/500x500-000000-80-0-0.jpg
deezer_11602920,Necesito un Bolero (Edición de Lujo En Vivo),Gilberto Santa Rosa,2015,2010s,Latin,https://cdn-images.dzcdn.net/images/cover/f863238ee4abcf70a99eb1cb1162c9a4/500x500-000000-80-0-0.jpg
deezer_9331862,Necesito un Bolero,Gilberto Santa Rosa,2014,2010s,Latin,https://cdn-images.dzcdn.net/images/cover/f03efc750ccaec6f0fcb832f77a70965/500x500-000000-80-0-0.jpg
deezer_6058377,Gilberto Santa Rosa,Gilberto Santa Rosa,2012,2010s,Latin,https://cdn-images.dzcdn.net/images/cover/9505edef3cc9e5c49f183debedd5f17f/500x500-000000-80-0-0.jpg
deezer_1507309,Canciones De Amor,Gilberto Santa Rosa,2012,2010s,Latin,https://cdn-images.dzcdn.net/images/cover/9e919b73afe960be1a3a11b574e7c41b/500x500-000000-80-0-0.jpg
deezer_621090,Mis Favoritas,Gilberto Santa Rosa,2010,2010s,Latin,https://cdn-images.dzcdn.net/images/cover/85d0b451e7748ffe93d25de92931c689/500x500-000000-80-0-0.jpg
deezer_597264,Irrepetible,Gilberto Santa Rosa,2010,2010s,Latin,https://cdn-images.dzcdn.net/images/cover/78945c843a71287dece9f211d63d98a9/500x500-000000-80-0-0.jpg
deezer_423476,Lo Mejor De Gilberto En La Navidad,Gilberto Santa Rosa,2009,2000s,Latin,https://cdn-images.dzcdn.net/images/cover/73ec325e214f21cdcb4d3ee3aac17254/500x500-000000-80-0-0.jpg
deezer_1210912,El Caballero De La Salsa - La Historia Tropical,Gilberto Santa Rosa,2008,2000s,Latin,https://cdn-images.dzcdn.net/images/cover/51540d734b0d4c74ee12937aa3303c46/500x500-000000-80-0-0.jpg
deezer_1223742,Una Navidad Con Gilberto,Gilberto Santa Rosa,2008,2000s,Latin,https://cdn-images.dzcdn.net/images/cover/8ba9cf09e94bc200a9ddc689fb4327cd/500x500-000000-80-0-0.jpg
deezer_1214411,Contraste,Gilberto Santa Rosa,2003,2000s,Latin,https://cdn-images.dzcdn.net/images/cover/138a4795ead1c341bc0c3a54d57514c0/500x500-000000-80-0-0.jpg
deezer_1214426,Contraste En Salsa,Gilberto Santa Rosa,2008,2000s,Latin,https://cdn-images.dzcdn.net/images/cover/0fa1aa6e38a3fd598f35ca1c66e48a9f/500x500-000000-80-0-0.jpg
deezer_1219234,Dos Soneros... Una Historia,Gilberto Santa Rosa,2005,2000s,Latin,https://cdn-images.dzcdn.net/images/cover/b95ecf556e368b7bed4f48c509c8d229/500x500-000000-80-0-0.jpg
deezer_1216085,Auténtico,Gilberto Santa Rosa,2004,2000s,Latin,https://cdn-images.dzcdn.net/images/cover/0a38b76946467112ba5288d1c5b14880/500x500-000000-80-0-0.jpg
deezer_1214100,Viceversa,Gilberto Santa Rosa,1998,1990s,Latin,https://cdn-images.dzcdn.net/images/cover/8593ceefc6e033623866c709b1272326/500x500-000000-80-0-0.jpg
deezer_6892408,Intenso,Gilberto Santa Rosa,2024,2020s,Latin,https://cdn-images.dzcdn.net/images/cover/f252243869c581efdb1991ea4b2dfed5/500x500-000000-80-0-0.jpg
deezer_1215006,Romantico,Gilberto Santa Rosa,2001,2000s,Latin,https://cdn-images.dzcdn.net/images/cover/51499add40380287be2bedf8bea8258e/500x500-000000-80-0-0.jpg
deezer_1213439,Oro Salsero,Gilberto Santa Rosa,2000,2000s,Latin,https://cdn-images.dzcdn.net/images/cover/0c9ff382a688f490080b2c8b142876eb/500x500-000000-80-0-0.jpg
deezer_6926262,Expresion,Gilberto Santa Rosa,2000,2000s,Latin,https://cdn-images.dzcdn.net/images/cover/dde398d87fd2ef96fc5ff7d37e7223d6/500x500-000000-80-0-0.jpg
deezer_1215002,Solo Bolero,Gilberto Santa Rosa,1999,1990s,Latin,https://cdn-images.dzcdn.net/images/cover/77b1ffe41ad3410778a8b8dff999183b/500x500-000000-80-0-0.jpg
deezer_1212932,20th Anniversary,Gilberto Santa Rosa,2003,2000s,Latin,https://cdn-images.dzcdn.net/images/cover/f9e1104c547bab90184ba0d51a6477f2/500x500-000000-80-0-0.jpg
deezer_1215543,Salsa Sinfonica,Gilberto Santa Rosa,1998,1990s,Latin,https://cdn-images.dzcdn.net/images/cover/da7e02b87fa5b883ba0aadccd939babc/500x500-000000-80-0-0.jpg
deezer_1213590,Perdoname...¡Exitos!,Gilberto Santa Rosa,2000,2000s,Latin,https://cdn-images.dzcdn.net/images/cover/39d5929757e03135cf62f076bd8850c0/500x500-000000-80-0-0.jpg
deezer_1214694,De Corazon,Gilberto Santa Rosa,1993,1990s,Latin,https://cdn-images.dzcdn.net/images/cover/a9dc865c9267a18285938353353f15eb/500x500-000000-80-0-0.jpg
deezer_1165169,"El Caballero de la Salsa, Exitos Vol. 2",Gilberto Santa Rosa,1997,1990s,Latin,https://cdn-images.dzcdn.net/images/cover/91fdc12f8b70fc0386cc41fff9b3276a/500x500-000000-80-0-0.jpg
deezer_1214693,Esencia,Gilberto Santa Rosa,1996,1990s,Latin,https://cdn-images.dzcdn.net/images/cover/c84399b606c76c0dfb55cbf27d960c65/500x500-000000-80-0-0.jpg
deezer_6118489,En Vivo Desde El Carnegie Hall,Gilberto Santa Rosa,2012,2010s,Latin,https://cdn-images.dzcdn.net/images/cover/16845a6ecb6dce515d620cd90214d9bf/500x500-000000-80-0-0.jpg
deezer_1215549,De Cara Al Viento,Gilberto Santa Rosa,2003,2000s,Latin,https://cdn-images.dzcdn.net/images/cover/471fd6db0831ca9dac5fb0a7f21292df/500x500-000000-80-0-0.jpg
deezer_1214741,Nace Aquí,Gilberto Santa Rosa,1989,1980s,Latin,https://cdn-images.dzcdn.net/images/cover/8377861127642a8c8a7172655c44de14/500x500-000000-80-0-0.jpg
deezer_1214687,A Dos Tiempos de un Tiempo,Gilberto Santa Rosa,1992,1990s,Latin,https://cdn-images.dzcdn.net/images/cover/a3d5f359b6ecc16e993625920137103f/500x500-000000-80-0-0.jpg
deezer_6979702,Perspectiva,Gilberto Santa Rosa,1991,1990s,Latin,https://cdn-images.dzcdn.net/images/cover/b9e0aa3c6f1a232cffb93b8563569ddf/500x500-000000-80-0-0.jpg
deezer_1213591,Punto de Vista,Gilberto Santa Rosa,1990,1990s,Latin,https://cdn-images.dzcdn.net/images/cover/bed12c948e8c165a88e6cd327ec4f75f/500x500-000000-80-0-0.jpg
deezer_1165623,Salsa en... Movimiento,Gilberto Santa Rosa,1989,1980s,Latin,https://cdn-images.dzcdn.net/images/cover/281ff789aa55268aeea044fda9613097/500x500-000000-80-0-0.jpg
deezer_1165627,De Amor y Salsa,Gilberto Santa Rosa,1988,1980s,Latin,https://cdn-images.dzcdn.net/images/cover/3ba444a43f9a2b7bf3b2b8c871debceb/500x500-000000-80-0-0.jpg
deezer_1165122,Keeping Cool!,Gilberto Santa Rosa,1987,1980s,Latin,https://cdn-images.dzcdn.net/images/cover/bba7c04c6f136ec99b1f97d3dc0b919c/500x500-000000-80-0-0.jpg
deezer_1165626,Good Vibrations,Gilberto Santa Rosa,1986,1980s,Latin,https://cdn-images.dzcdn.net/images/cover/ba8d42fa54d68b8d55c521bec0b60341/500x500-000000-80-0-0.jpg
deezer_709829901,Carnival y Mambo - Tito Puente's Ultimate Latin Rhythms,Tito Puente,2025,2020s,Latin,https://cdn-images.dzcdn.net/images/cover/cfefd37675905f76442b882c668265be/500x500-000000-80-0-0.jpg
deezer_654660081,Orquestas de Oro - Tito Puente,Tito Puente,2024,2020s,Latin,https://cdn-images.dzcdn.net/images/cover/470ff589ba5a6f9f164e6d725e4e253b/500x500-000000-80-0-0.jpg
deezer_647556101,Tito Puente,Tito Puente,2024,2020s,Latin,https://cdn-images.dzcdn.net/images/cover/27767a4e54baadad722f90b0e554b130/500x500-000000-80-0-0.jpg
deezer_594475702,Los Grandes Temas de Tito Puente Vol. 2,Tito Puente,2024,2020s,Latin,https://cdn-images.dzcdn.net/images/cover/eeae1fc18ad51982f9e912b28145a2fa/500x500-000000-80-0-0.jpg
deezer_594475772,Los Grandes Temas de Tito Puente Vol. 1,Tito Puente,2024,2020s,Latin,https://cdn-images.dzcdn.net/images/cover/825c76fcfeee8bcef358a803cbec9383/500x500-000000-80-0-0.jpg
deezer_532533382,Early Recordings - Viva el Mambo! (Audiophile Edition),Tito Puente,2024,2020s,Latin,https://cdn-images.dzcdn.net/images/cover/8715e98c22320ecf6586c7677bf5894a/500x500-000000-80-0-0.jpg
deezer_509626101,"Live Treasures, Vol. 4 (Live)",Tito Puente,2023,2020s,Latin,https://cdn-images.dzcdn.net/images/cover/7b63d310aa4fb52395df6fb29d15fe0f/500x500-000000-80-0-0.jpg
deezer_495714531,The King Of Latin Jazz,Tito Puente,2023,2020s,Latin,https://cdn-images.dzcdn.net/images/cover/07926322c8fb77bb0605281f289d360a/500x500-000000-80-0-0.jpg
deezer_405568747,Mambo's,Tito Puente,2023,2020s,Latin,https://cdn-images.dzcdn.net/images/cover/047a6b0c040af3b0df45dc83bb53c9d6/500x500-000000-80-0-0.jpg
deezer_393065387,Carnival In Cuba - Tito's Wild Mambos,Tito Puente,2023,2020s,Latin,https://cdn-images.dzcdn.net/images/cover/30c1d31c6e17131f7b42aa987e208901/500x500-000000-80-0-0.jpg
deezer_381962807,Live Treasures Jam Sessions (Live),Tito Puente,2022,2020s,Latin,https://cdn-images.dzcdn.net/images/cover/c03f384d7b832fdf35c28ecd36ed5fa0/500x500-000000-80-0-0.jpg
deezer_307930117,The Mambo Years - the Golden Age of Cuban Sound,Tito Puente,2022,2020s,Latin,https://cdn-images.dzcdn.net/images/cover/8976a18de35531ffa43a0c64f94fe520/500x500-000000-80-0-0.jpg
deezer_284705432,"""Live"" Treasures Vol.3 (Live)",Tito Puente,2021,2020s,Latin,https://cdn-images.dzcdn.net/images/cover/de24a727c9b562610c434a2c60a685a9/500x500-000000-80-0-0.jpg
deezer_233427472,Tito's Guajira,Tito Puente,2021,2020s,Latin,https://cdn-images.dzcdn.net/images/cover/b7e2d6afed6e7f03b7a9b334dd7a9d0c/500x500-000000-80-0-0.jpg
deezer_217364182,"""Live"" Treasures ""Standards"" Vol.5 (Live)",Tito Puente,2021,2020s,Latin,https://cdn-images.dzcdn.net/images/cover/c389d00c05888c11964bd63e9f8b2500/500x500-000000-80-0-0.jpg
deezer_214136732,"Live Treasures ""Standards"" Vol.1 (Live)",Tito Puente,2021,2020s,Latin,https://cdn-images.dzcdn.net/images/cover/213c62fd887f41e161b7bf47329944d0/500x500-000000-80-0-0.jpg
deezer_214143222,"Live Treasures "" Standards"" Vol.3 (Live)",Tito Puente,2021,2020s,Latin,https://cdn-images.dzcdn.net/images/cover/1701d8535f747c084604df9ef0e96b72/500x500-000000-80-0-0.jpg
deezer_667047501,Let`s Cha Cha with Tito Puente (And Hit Orchestra Remasterizado),Tito Puente,2020,2020s,Latin,https://cdn-images.dzcdn.net/images/cover/65a9f87c944d2326f42c103e6ed17d6d/500x500-000000-80-0-0.jpg
deezer_667047511,Mucho Puente,Tito Puente,2020,2020s,Latin,https://cdn-images.dzcdn.net/images/cover/e80865bc521cd43f18398bfc3649d20e/500x500-000000-80-0-0.jpg
deezer_199755462,"""Live"" Treasures Vibes",Tito Puente,2020,2020s,Latin,https://cdn-images.dzcdn.net/images/cover/24dddea5ee4da73cc355fbc392b9cf62/500x500-000000-80-0-0.jpg
deezer_179903112,My Fair Lady Goes Latin,Tito Puente,2020,2020s,Latin,https://cdn-images.dzcdn.net/images/cover/2d2dfd1a710bc7ee24c799aa7b615ceb/500x500-000000-80-0-0.jpg
deezer_170727152,"Tito Puente ""Live"" Treasures Vol.2",Tito Puente,2020,2020s,Latin,https://cdn-images.dzcdn.net/images/cover/86ee2ee70fda05cbb617297dec080f55/500x500-000000-80-0-0.jpg
deezer_179335962,"Tito Puente ""Live"" Treasures Vol. 3",Tito Puente,2020,2020s,Latin,https://cdn-images.dzcdn.net/images/cover/779b4ed9f19ba379e37342bd7d074b61/500x500-000000-80-0-0.jpg
deezer_141646162,"Tito Puente ""Live"" Treasures",Tito Puente,2020,2020s,Latin,https://cdn-images.dzcdn.net/images/cover/196cfd55d293656b71255e73ce63e93e/500x500-000000-80-0-0.jpg
deezer_579311431,"Milestones of Jazz Legends - Jazz Around the World, Vol. 10 (1957, 1962)",Tito Puente,2018,2010s,Latin,https://cdn-images.dzcdn.net/images/cover/4b59921a5cebfbb8268219eb17d2ec8b/500x500-000000-80-0-0.jpg
deezer_15444528,2En1,Tito Puente,2017,2010s,Latin,https://cdn-images.dzcdn.net/images/cover/9c6e7c9943aa77a080cd6655d738cb09/500x500-000000-80-0-0.jpg
deezer_870826712,Mambo Mambo,Tito Puente,2016,2010s,Latin,https://cdn-images.dzcdn.net/images/cover/741a8b9498ea2a82c19c23215b5f3ba4/500x500-000000-80-0-0.jpg
deezer_870832452,Caliente,Tito Puente,2016,2010s,Latin,https://cdn-images.dzcdn.net/images/cover/214cb6287201bd2048430710286c3e2c/500x500-000000-80-0-0.jpg
deezer_12392106,Fiesta Con Puente,Tito Puente,2016,2010s,Latin,https://cdn-images.dzcdn.net/images/cover/52fe96a097adfd8bcbd8f6afe54355f3/500x500-000000-80-0-0.jpg
deezer_43327091,Besame Mucho and More Golden Hits,Tito Puente,2015,2010s,Latin,https://cdn-images.dzcdn.net/images/cover/79884120698209fde822c446b8982aae/500x500-000000-80-0-0.jpg
deezer_906195572,World's Novelty Champions (Tito Puente Collection),Tito Puente,2015,2010s,Latin,https://cdn-images.dzcdn.net/images/cover/275c756ac20f0e5d435ee1a90dae46ed/500x500-000000-80-0-0.jpg
deezer_906202702,Pito Joe,Tito Puente,2015,2010s,Latin,https://cdn-images.dzcdn.net/images/cover/343e300c9ef90d387517f5358fa5d41c/500x500-000000-80-0-0.jpg
deezer_568817991,Tito Puente Vol. 2,Tito Puente,2024,2020s,Latin,https://cdn-images.dzcdn.net/images/cover/66655a485932cfa65ebacef1b95c3478/500x500-000000-80-0-0.jpg
deezer_568818051,Tito Puente Vol. 1,Tito Puente,2024,2020s,Latin,https://cdn-images.dzcdn.net/images/cover/d0a6d87ee9f0b7d6c3b390d3f206c9ae/500x500-000000-80-0-0.jpg
deezer_9102329,Percusión latina,Tito Puente,2014,2010s,Latin,https://cdn-images.dzcdn.net/images/cover/34fe7c865be8911d8db4c6e9b31c4ef1/500x500-000000-80-0-0.jpg
deezer_83909922,Baila Simon,Tito Puente,2019,2010s,Latin,https://cdn-images.dzcdn.net/images/cover/c233dadc95a563b43e41b2e64f5bf456/500x500-000000-80-0-0.jpg
deezer_83909942,Malibu Beat,Tito Puente,2014,2010s,Latin,https://cdn-images.dzcdn.net/images/cover/7cda854674ba00f609d647ab6f6c1077/500x500-000000-80-0-0.jpg
deezer_7872643,Brazil,Tito Puente,2014,2010s,Latin,https://cdn-images.dzcdn.net/images/cover/58a731bb50d2d16b7814f42df294cf3c/500x500-000000-80-0-0.jpg
deezer_6025539,Quatro: The Definitive Collection,Tito Puente,2012,2010s,Latin,https://cdn-images.dzcdn.net/images/cover/51f48dd1c0e3eb0b4a1bc1fbf8c8b085/500x500-000000-80-0-0.jpg
deezer_99579162,Anthology,Tito Puente,2012,2010s,Latin,https://cdn-images.dzcdn.net/images/cover/facd2cc3a67c6abc006119e7d880f960/500x500-000000-80-0-0.jpg
deezer_15126981,Mambos with Puente,Tito Puente,2012,2010s,Latin,https://cdn-images.dzcdn.net/images/cover/07b94eebee48eae0fb16be115e89c989/500x500-000000-80-0-0.jpg
deezer_1297116,Hot Timbales,Tito Puente,2011,2010s,Latin,https://cdn-images.dzcdn.net/images/cover/50b20f343adb5739cd25d0a570aba90e/500x500-000000-80-0-0.jpg
deezer_98563192,Greatest Hits,Tito Puente,2012,2010s,Latin,https://cdn-images.dzcdn.net/images/cover/3ab6855ad5ad591388aaf9ff55588f34/500x500-000000-80-0-0.jpg
deezer_98788962,"The Complete 78's: Vol, 1 & 2 (1949 - 1955)",Tito Puente,2019,2010s,Latin,https://cdn-images.dzcdn.net/images/cover/4c41f0336cc2c15fca98f09234764bce/500x500-000000-80-0-0.jpg
deezer_99579082,"The Complete 78's, Vol. 3 & 4 (1949 - 1955)",Tito Puente,2019,2010s,Latin,https://cdn-images.dzcdn.net/images/cover/86aa0d0f1735a9cea99a9475b1c6270e/500x500-000000-80-0-0.jpg
deezer_549203,Tito Puente does Mambo (The Early Days),Tito Puente,2010,2010s,Latin,https://cdn-images.dzcdn.net/images/cover/a7bd459169388a2c711424d2266e4008/500x500-000000-80-0-0.jpg
deezer_98670002,At The Beginning!,Tito Puente,2010,2010s,Latin,https://cdn-images.dzcdn.net/images/cover/579ca356a7a678f6b202419fd92765a1/500x500-000000-80-0-0.jpg
deezer_86674462,Lo Mejor de Tito Puente (Remastered),Tito Puente,2019,2010s,Latin,https://cdn-images.dzcdn.net/images/cover/e90ea06c65e7f0437e5b127f115903d3/500x500-000000-80-0-0.jpg
deezer_1117586,Live at the China Doll Vol. 2,Tito Puente,2009,2000s,Latin,https://cdn-images.dzcdn.net/images/cover/6108ab72db20dbf1fa14d1331026475f/500x500-000000-80-0-0.jpg
deezer_757553331,Caetano e Bethânia Ao Vivo,Caetano Veloso,2025,2020s,Latin,https://cdn-images.dzcdn.net/images/cover/d09748e32612d1ee3903434ac8d199eb/500x500-000000-80-0-0.jpg
deezer_264450102,Meu Coco,Caetano Veloso,2021,2020s,Latin,https://cdn-images.dzcdn.net/images/cover/0d2db1c71217be7f557723da3743d11d/500x500-000000-80-0-0.jpg
deezer_126392202,Caetano Veloso & Ivan Sacerdote,Caetano Veloso,2020,2020s,Latin,https://cdn-images.dzcdn.net/images/cover/0139c33f922b01f673c702047da59094/500x500-000000-80-0-0.jpg
deezer_64095252,Ofertório (Ao Vivo),Caetano Veloso,2018,2010s,Latin,https://cdn-images.dzcdn.net/images/cover/6aba94028b4629872684b0bbb611aaf7/500x500-000000-80-0-0.jpg
deezer_12720254,"Dois Amigos, Um Século de Música: Multishow Live",Caetano Veloso,2015,2010s,Latin,https://cdn-images.dzcdn.net/images/cover/166aeaf920510e0328dcbb2387c808db/500x500-000000-80-0-0.jpg
deezer_1707900,"Especial Ivete, Gil E Caetano (Ao Vivo No Projac, Rio De Janeiro / 2011)",Caetano Veloso,2012,2010s,Latin,https://cdn-images.dzcdn.net/images/cover/741dcea3bb48a5b572fd5919e4dff061/500x500-000000-80-0-0.jpg
deezer_7525049,Abraçaço,Caetano Veloso,2012,2010s,Latin,https://cdn-images.dzcdn.net/images/cover/c410f269491acc493ea0b8702f434cdc/500x500-000000-80-0-0.jpg
deezer_96636612,Caetano - Obra Em Progresso (Ao Vivo / Deluxe),Caetano Veloso,2019,2010s,Latin,https://cdn-images.dzcdn.net/images/cover/032199b65c5f9ee0a26d0d3c59b5c5b9/500x500-000000-80-0-0.jpg
deezer_97397622,Ao Vivo Caetano Zii & Zie (Ao Vivo / Deluxe),Caetano Veloso,2019,2010s,Latin,https://cdn-images.dzcdn.net/images/cover/6387fe6165d97cc72695316e94b95daf/500x500-000000-80-0-0.jpg
deezer_1015593,Rugas na Pele do Samba,Caetano Veloso,2010,2010s,Latin,https://cdn-images.dzcdn.net/images/cover/810a7c989ddeeb180e2c95ad57ace10d/500x500-000000-80-0-0.jpg
deezer_350570,Zii & Zie,Caetano Veloso,2009,2000s,Latin,https://cdn-images.dzcdn.net/images/cover/878dd4981108c16b9bc9f3c4d09f9adc/500x500-000000-80-0-0.jpg
deezer_8627426,Zii e Zie,Caetano Veloso,2009,2000s,Latin,https://cdn-images.dzcdn.net/images/cover/a86c8388b5376bcb88276349ddcf2921/500x500-000000-80-0-0.jpg
deezer_8624312,Livro,Caetano Veloso,2007,2000s,Latin,https://cdn-images.dzcdn.net/images/cover/ecd3e3ef6801a521c2dab94e568f1000/500x500-000000-80-0-0.jpg
deezer_60902292,Cinema Olympia - Caetano Raro & Inédito 67-74,Caetano Veloso,2018,2010s,Latin,https://cdn-images.dzcdn.net/images/cover/a74e37efb8a5858c0e099453b114fd11/500x500-000000-80-0-0.jpg
deezer_8627492,Ce,Caetano Veloso,2006,2000s,Latin,https://cdn-images.dzcdn.net/images/cover/9b4f26acdd10ab924e641e057d9f324e/500x500-000000-80-0-0.jpg
deezer_44130621,Onqotô (Trilha Sonora Original do Espetáculo do Grupo Corpo),Caetano Veloso,2005,2000s,Latin,https://cdn-images.dzcdn.net/images/cover/35034287e75fb6bb47c08270227ba389/500x500-000000-80-0-0.jpg
deezer_8627336,A Foreign Sound,Caetano Veloso,2004,2000s,Latin,https://cdn-images.dzcdn.net/images/cover/5da3e563962cd952ffccd4df0990fe4a/500x500-000000-80-0-0.jpg
deezer_8627456,The Best of Caetano Veloso,Caetano Veloso,2003,2000s,Latin,https://cdn-images.dzcdn.net/images/cover/f33fe70518e04b8b560e8db765fb73b3/500x500-000000-80-0-0.jpg
deezer_8619364,Live in Bahia,Caetano Veloso,2002,2000s,Latin,https://cdn-images.dzcdn.net/images/cover/58df69f27e57582b8df09f812f8f1c8f/500x500-000000-80-0-0.jpg
deezer_229745,Pavarotti & Friends for Cambodia and Tibet,Caetano Veloso,2000,2000s,Latin,https://cdn-images.dzcdn.net/images/cover/57fc0eb5138ffdd5e742b3b622873864/500x500-000000-80-0-0.jpg
deezer_8627308,Noites do Norte,Caetano Veloso,2015,2010s,Latin,https://cdn-images.dzcdn.net/images/cover/2d7c6f40c917dc5dd990aeb21072ff79/500x500-000000-80-0-0.jpg
deezer_580356421,Brazil,Caetano Veloso,2013,2010s,Latin,https://cdn-images.dzcdn.net/images/cover/0bb4197aa6ac04f50c810340632b4e55/500x500-000000-80-0-0.jpg
deezer_8627296,Omaggio a Federico e Giulietta,Caetano Veloso,2000,2000s,Latin,https://cdn-images.dzcdn.net/images/cover/76747ee3fef2372b84b63b3fdbbc6aed/500x500-000000-80-0-0.jpg
deezer_103763,Prenda Minha,Caetano Veloso,2014,2010s,Latin,https://cdn-images.dzcdn.net/images/cover/2a0f6ac6bc05458fb072275653f01dd2/500x500-000000-80-0-0.jpg
deezer_228292,Fina Estampa,Caetano Veloso,2010,2010s,Latin,https://cdn-images.dzcdn.net/images/cover/0f146bc9840ceb9012d05982a82d258a/500x500-000000-80-0-0.jpg
deezer_8627400,Circulado,Caetano Veloso,1991,1990s,Latin,https://cdn-images.dzcdn.net/images/cover/9d10e3ead5600990d301c2502204fd78/500x500-000000-80-0-0.jpg
deezer_8627378,Estrangeiro,Caetano Veloso,1989,1980s,Latin,https://cdn-images.dzcdn.net/images/cover/3ffd1cdaf28dbe4762ef6e84557d4ddc/500x500-000000-80-0-0.jpg
deezer_8627374,Caetano Veloso,Caetano Veloso,1986,1980s,Latin,https://cdn-images.dzcdn.net/images/cover/215cb059cbb91ee371757780ec4b7d92/500x500-000000-80-0-0.jpg
deezer_99766,Caetano Veloso - Totalmente Demais,Caetano Veloso,2015,2010s,Latin,https://cdn-images.dzcdn.net/images/cover/7ec5c3ee7b0afb0de060d9024c4626d8/500x500-000000-80-0-0.jpg
deezer_5720331,Caetanear,Caetano Veloso,2012,2010s,Latin,https://cdn-images.dzcdn.net/images/cover/3b0694d3bba50f67edbeb1d3e0f0e2a4/500x500-000000-80-0-0.jpg
deezer_138860532,Velô,Caetano Veloso,2020,2020s,Latin,https://cdn-images.dzcdn.net/images/cover/3680e4112073dd9c0baf688e2aba5634/500x500-000000-80-0-0.jpg
deezer_1487400,Uns (Remixed Original Album),Caetano Veloso,1983,1980s,Latin,https://cdn-images.dzcdn.net/images/cover/31630281c24e0fb84a6c83dc1862b350/500x500-000000-80-0-0.jpg
deezer_10252458,Brazil Night Ao Vivo Montreux 1983,Caetano Veloso,2015,2010s,Latin,https://cdn-images.dzcdn.net/images/cover/4295bf3a492c8906ceb4d6346ec32f8f/500x500-000000-80-0-0.jpg
deezer_5553121,"Cores, Nomes",Caetano Veloso,2012,2010s,Latin,https://cdn-images.dzcdn.net/images/cover/269b47d2971288a9b30859618e201a24/500x500-000000-80-0-0.jpg
deezer_429951,Outras Palavras,Caetano Veloso,2006,2000s,Latin,https://cdn-images.dzcdn.net/images/cover/6639236ae9419d08000ec7da17d021a2/500x500-000000-80-0-0.jpg
deezer_100152,Cinema Transcendental,Caetano Veloso,2007,2000s,Latin,https://cdn-images.dzcdn.net/images/cover/312e9be75944fcbc348b15de6f2c9fe0/500x500-000000-80-0-0.jpg
deezer_86991492,Maria Bethânia E Caetano Veloso - Ao Vivo,Caetano Veloso,2017,2010s,Latin,https://cdn-images.dzcdn.net/images/cover/772ec89bad6aba50b0a839be6a395a6e/500x500-000000-80-0-0.jpg
deezer_68527581,Muito (Dentro Da Estrela Azulada),Caetano Veloso,1978,1970s,Latin,https://cdn-images.dzcdn.net/images/cover/1c61f8560a46f84346b6cc7a50b97911/500x500-000000-80-0-0.jpg
deezer_100061,Muitos Carnavais,Caetano Veloso,1977,1970s,Latin,https://cdn-images.dzcdn.net/images/cover/830d4c08e07b524e4699f5e0416616ea/500x500-000000-80-0-0.jpg
deezer_100280,Bicho (Nova Mixagem),Caetano Veloso,1977,1970s,Latin,https://cdn-images.dzcdn.net/images/cover/eda9c03659fac3c91eebb36f4efb097f/500x500-000000-80-0-0.jpg
deezer_201090862,Doces Bárbaros,Caetano Veloso,2021,2020s,Latin,https://cdn-images.dzcdn.net/images/cover/3de58e67a7fa075f7aaaaa9919fa5062/500x500-000000-80-0-0.jpg
deezer_100217,Jóia,Caetano Veloso,2007,2000s,Latin,https://cdn-images.dzcdn.net/images/cover/b5b5ae861a7ae04ab9713bbf31b94ba6/500x500-000000-80-0-0.jpg
deezer_430715,Qualquer Coisa,Caetano Veloso,2024,2020s,Latin,https://cdn-images.dzcdn.net/images/cover/6d06a4903820200a8ae9819c015fbb2e/500x500-000000-80-0-0.jpg
deezer_645234831,"Caetano Veloso, Qualquer Coisa",Caetano Veloso,2024,2020s,Latin,https://cdn-images.dzcdn.net/images/cover/88c2edcb4af7d643c586846da420ee4d/500x500-000000-80-0-0.jpg
deezer_100053,Barra 69,Caetano Veloso,2015,2010s,Latin,https://cdn-images.dzcdn.net/images/cover/b9ddf99d38dcb5af9b6a10f9ef324bdf/500x500-000000-80-0-0.jpg
deezer_223004,Caetano E Chico Juntos E Ao Vivo,Caetano Veloso,1972,1970s,Latin,https://cdn-images.dzcdn.net/images/cover/7b69a00cb515d322f195e7d33a217a95/500x500-000000-80-0-0.jpg
deezer_3304571,Transa,Caetano Veloso,2014,2010s,Latin,https://cdn-images.dzcdn.net/images/cover/ffb2200f55fe470a06c45b8985d9e7b0/500x500-000000-80-0-0.jpg
deezer_100179,Caetano Veloso - 1969,Caetano Veloso,2012,2010s,Latin,https://cdn-images.dzcdn.net/images/cover/1b93b7d587934e08e63664c19c33ecb3/500x500-000000-80-0-0.jpg
deezer_201080412,Tropicália Ou Panis Et Circensis,Caetano Veloso,1968,1960s,Latin,https://cdn-images.dzcdn.net/images/cover/63d660d9ac51e163091f381435767a80/500x500-000000-80-0-0.jpg
deezer_13357261,Jorge Ben Jor - iCollection,Jorge Ben Jor,2015,2010s,Latin,https://cdn-images.dzcdn.net/images/cover/aec026da77ba359d3684f61726e08639/500x500-000000-80-0-0.jpg
deezer_44083351,Alô alô Jorge Ben Jor,Jorge Ben Jor,2015,2010s,Latin,https://cdn-images.dzcdn.net/images/cover/179cc08e4590678366330e3caa77b138/500x500-000000-80-0-0.jpg
deezer_1247201,10 Anos Depois (1973),Jorge Ben Jor,2011,2010s,Latin,https://cdn-images.dzcdn.net/images/cover/03c88a95afed6954aeb9ec50a1dc9ecd/500x500-000000-80-0-0.jpg
deezer_6378213,Salve Jorge,Jorge Ben Jor,2013,2010s,Latin,https://cdn-images.dzcdn.net/images/cover/76fb1ba57451b50535277a6f9d418453/500x500-000000-80-0-0.jpg
deezer_9762396,Recuerdos de Asunción 443,Jorge Ben Jor,2015,2010s,Latin,https://cdn-images.dzcdn.net/images/cover/bf30a843d27067d27fb05bc4e3d4eb7a/500x500-000000-80-0-0.jpg
deezer_320936267,Football & Samba Groove Association,Jorge Ben Jor,2006,2000s,Latin,https://cdn-images.dzcdn.net/images/cover/cae44c912b7f3c843863f3e6f06aa01a/500x500-000000-80-0-0.jpg
deezer_286802,Reactivus Amor Est (Turba Philosophorum),Jorge Ben Jor,2004,2000s,Latin,https://cdn-images.dzcdn.net/images/cover/2b396f285c882d00a887846632efebed/500x500-000000-80-0-0.jpg
deezer_69991962,Puro Suingue,Jorge Ben Jor,2006,2000s,Latin,https://cdn-images.dzcdn.net/images/cover/664efc6db1097d74a949efbcf020c79a/500x500-000000-80-0-0.jpg
deezer_1420214,Homo Sapiens,Jorge Ben Jor,1996,1990s,Latin,https://cdn-images.dzcdn.net/images/cover/c7c3653548d342887176e1d798ae68c9/500x500-000000-80-0-0.jpg
deezer_89049,Música!,Jorge Ben Jor,1993,1990s,Latin,https://cdn-images.dzcdn.net/images/cover/85e9feef6547bf33c1693b3544e75779/500x500-000000-80-0-0.jpg
deezer_362631,Jorge Ben Jor 23,Jorge Ben Jor,1993,1990s,Latin,https://cdn-images.dzcdn.net/images/cover/92a16a3fdf0af97bf21c056eb4e4ba6b/500x500-000000-80-0-0.jpg
deezer_363363,Ben Jor (World Dance),Jorge Ben Jor,1993,1990s,Latin,https://cdn-images.dzcdn.net/images/cover/a8f6ee0a7802fbc4105604b6d23f9458/500x500-000000-80-0-0.jpg
deezer_3802401,E-Collection,Jorge Ben Jor,1993,1990s,Latin,https://cdn-images.dzcdn.net/images/cover/dac825e6b1da21537b13f5f7eedcaf29/500x500-000000-80-0-0.jpg
deezer_7223669,Mestres da MPB 2,Jorge Ben Jor,1993,1990s,Latin,https://cdn-images.dzcdn.net/images/cover/d9bc01aaef266963cc9ea3aaf5ae10a8/500x500-000000-80-0-0.jpg
deezer_40956441,Grandes mestres da MPB,Jorge Ben Jor,1993,1990s,Latin,https://cdn-images.dzcdn.net/images/cover/21b2a2c94eedb9709c182f59b288c568/500x500-000000-80-0-0.jpg
deezer_55528412,Jorge Benjor (Ao Vivo no Rio),Jorge Ben Jor,1991,1990s,Latin,https://cdn-images.dzcdn.net/images/cover/466f917a9061b82a5ad0c498051c2cb2/500x500-000000-80-0-0.jpg
deezer_364934,Benjor (Remasterizado),Jorge Ben Jor,2001,2000s,Latin,https://cdn-images.dzcdn.net/images/cover/8bbbd89a68c385d301de5348911b3266/500x500-000000-80-0-0.jpg
deezer_9677458,Ben Brasil,Jorge Ben Jor,2015,2010s,Latin,https://cdn-images.dzcdn.net/images/cover/04a66ef061a4ebb45ccdf0bd028621b2/500x500-000000-80-0-0.jpg
deezer_8231264,Sonsual,Jorge Ben Jor,2014,2010s,Latin,https://cdn-images.dzcdn.net/images/cover/8c016fe6dca13ee3e582165e1d068d1c/500x500-000000-80-0-0.jpg
deezer_7187196,Dádiva,Jorge Ben Jor,2013,2010s,Latin,https://cdn-images.dzcdn.net/images/cover/edcaed293bcd45fb3e44143fe38a70dc/500x500-000000-80-0-0.jpg
deezer_7224153,Bem-Vinda Amizade,Jorge Ben Jor,2013,2010s,Latin,https://cdn-images.dzcdn.net/images/cover/0d23b4a3aa5b71e85676750491c9e73f/500x500-000000-80-0-0.jpg
deezer_8530819,"Alô Alô, Como Vai?",Jorge Ben Jor,2014,2010s,Latin,https://cdn-images.dzcdn.net/images/cover/54bf24edca0fe08986e683884fcee311/500x500-000000-80-0-0.jpg
deezer_7188954,Salve Simpatia,Jorge Ben Jor,2013,2010s,Latin,https://cdn-images.dzcdn.net/images/cover/5bee4271e686ebd1d7c854c8482135bb/500x500-000000-80-0-0.jpg
deezer_7187192,A Banda do Zé Pretinho,Jorge Ben Jor,2013,2010s,Latin,https://cdn-images.dzcdn.net/images/cover/79acc7d40f7dc6731a038735147165f1/500x500-000000-80-0-0.jpg
deezer_641635,Africa Brasil,Jorge Ben Jor,2006,2000s,Latin,https://cdn-images.dzcdn.net/images/cover/1a40b97d9202678dac5439d583f717a2/500x500-000000-80-0-0.jpg
deezer_12059688,Dal Vivo al Sistina,Jorge Ben Jor,1975,1970s,Latin,https://cdn-images.dzcdn.net/images/cover/1fc5a3df81c1aeb93f5427ebb3990dd9/500x500-000000-80-0-0.jpg
deezer_280635211,Gil E Jorge,Jorge Ben Jor,2021,2020s,Latin,https://cdn-images.dzcdn.net/images/cover/4240c14a360d9c244916d50fa322148f/500x500-000000-80-0-0.jpg
deezer_1247200,Solta O Pavão (1975),Jorge Ben Jor,2006,2000s,Latin,https://cdn-images.dzcdn.net/images/cover/032e2629958166828dd51d80c8ec8e76/500x500-000000-80-0-0.jpg
deezer_432731,A Tabua De Esmeralda,Jorge Ben Jor,2006,2000s,Latin,https://cdn-images.dzcdn.net/images/cover/b0e5b9ffe23de7a857e6d35412950a32/500x500-000000-80-0-0.jpg
deezer_68527251,Jorge Ben,Jorge Ben Jor,2011,2010s,Latin,https://cdn-images.dzcdn.net/images/cover/5500bf5aa666d7598f4513450ca61eaf/500x500-000000-80-0-0.jpg
deezer_1247206,Big Ben (1965),Jorge Ben Jor,2011,2010s,Latin,https://cdn-images.dzcdn.net/images/cover/3c5e3b9ff9efe7728ec4c35adcf9901a/500x500-000000-80-0-0.jpg
deezer_1247207,Ben É Samba Bom (1964),Jorge Ben Jor,2017,2010s,Latin,https://cdn-images.dzcdn.net/images/cover/c27cd8c25879267ff87b650adec4bf2a/500x500-000000-80-0-0.jpg
deezer_1247208,Sacundin Ben Samba (1964),Jorge Ben Jor,1964,1960s,Latin,https://cdn-images.dzcdn.net/images/cover/ce7ea1709715478c51a42e1d6b7e9675/500x500-000000-80-0-0.jpg
deezer_433091,Samba Esquema Novo,Jorge Ben Jor,2024,2020s,Latin,https://cdn-images.dzcdn.net/images/cover/40da228e884a8d716f46225f049da2e1/500x500-000000-80-0-0.jpg
deezer_1047819932,Midnight Samba,Astrud Gilberto,2026,2020s,Latin,https://cdn-images.dzcdn.net/images/cover/6c3fee6874d851c486ad7dceca2d9ce4/500x500-000000-80-0-0.jpg
deezer_502510381,Great Women Of Song: Astrud Gilberto,Astrud Gilberto,2023,2020s,Latin,https://cdn-images.dzcdn.net/images/cover/a6d4bd624dfd9d144dd5cfcf1d083e63/500x500-000000-80-0-0.jpg
deezer_315657997,Live at North Sea Jazz Festival 1982,Astrud Gilberto,2022,2020s,Latin,https://cdn-images.dzcdn.net/images/cover/9a93d0475085dd01b46608ee7c192272/500x500-000000-80-0-0.jpg
deezer_163961052,Summer Samba! - Astrud Gilberto,Astrud Gilberto,2020,2020s,Latin,https://cdn-images.dzcdn.net/images/cover/c5d8787d83575ec1b60016feae0889b3/500x500-000000-80-0-0.jpg
deezer_141934392,Work From Home with Astrud Gilberto,Astrud Gilberto,2020,2020s,Latin,https://cdn-images.dzcdn.net/images/cover/be63c303a2f70072e215e4c47a1f78c2/500x500-000000-80-0-0.jpg
deezer_92820172,Gold,Astrud Gilberto,2008,2000s,Latin,https://cdn-images.dzcdn.net/images/cover/34aaade8f6fb74e729f5eb881a0b8888/500x500-000000-80-0-0.jpg
deezer_81454542,20th Century Masters: The Millennium Collection - The Best of Astrud Gilberto,Astrud Gilberto,2009,2000s,Latin,https://cdn-images.dzcdn.net/images/cover/0b9ba425c9966872c9ccf6baaabe576f/500x500-000000-80-0-0.jpg
deezer_81454372,Astrud For Lovers,Astrud Gilberto,2004,2000s,Latin,https://cdn-images.dzcdn.net/images/cover/f8f64d713335546866dee570e4527ce4/500x500-000000-80-0-0.jpg
deezer_71988902,Diva,Astrud Gilberto,2003,2000s,Latin,https://cdn-images.dzcdn.net/images/cover/6f2ab8f9d9a5c01a1dd1309536c31bef/500x500-000000-80-0-0.jpg
deezer_70483902,Astrud Gilberto's Finest Hour,Astrud Gilberto,2018,2010s,Latin,https://cdn-images.dzcdn.net/images/cover/5690f1d0d3e2aaaf4af6695d5c7df19d/500x500-000000-80-0-0.jpg
deezer_72091582,Talkin' Verve,Astrud Gilberto,2018,2010s,Latin,https://cdn-images.dzcdn.net/images/cover/df3ec24cff10abb91425ab9706f3dbb8/500x500-000000-80-0-0.jpg
deezer_6883029,Astrud Gilberto W/ Stanley Turrentine,Astrud Gilberto,1988,1980s,Latin,https://cdn-images.dzcdn.net/images/cover/f719fe0117d6e6cc9f43260e3eeeaa74/500x500-000000-80-0-0.jpg
deezer_143629562,Astrud Gilberto Plus James Last,Astrud Gilberto,2009,2000s,Latin,https://cdn-images.dzcdn.net/images/cover/04b4bb70cecab355ace38606cd49dcf6/500x500-000000-80-0-0.jpg
deezer_317276577,That Girl from Ipanema,Astrud Gilberto,2011,2010s,Latin,https://cdn-images.dzcdn.net/images/cover/6e03874b24f2ad1086c5657580cdd47c/500x500-000000-80-0-0.jpg
deezer_72049682,Verve Jazz Masters 9: Astrud Gilberto,Astrud Gilberto,2018,2010s,Latin,https://cdn-images.dzcdn.net/images/cover/4d2660712a8304258bf70d2272515bc9/500x500-000000-80-0-0.jpg
deezer_8291760,Astrud Gilberto with Stanley Turrentine (with Stanley Turrentine),Astrud Gilberto,2005,2000s,Latin,https://cdn-images.dzcdn.net/images/cover/42eada95a8211ba9c9f6a9de0b51883c/500x500-000000-80-0-0.jpg
deezer_157429882,Gilberto Golden Japanese Album,Astrud Gilberto,2020,2020s,Latin,https://cdn-images.dzcdn.net/images/cover/319f4113e9c0c4f9d27e680bfd84477d/500x500-000000-80-0-0.jpg
deezer_7035993,"September 17, 1969",Astrud Gilberto,2013,2010s,Latin,https://cdn-images.dzcdn.net/images/cover/cec7b42aa48004a548f65aecc32f2075/500x500-000000-80-0-0.jpg
deezer_7863406,I Haven't Got Anything Better To Do,Astrud Gilberto,2014,2010s,Latin,https://cdn-images.dzcdn.net/images/cover/ace4fac00dd63d2a26fbab3340e4f108/500x500-000000-80-0-0.jpg
deezer_296246,Windy,Astrud Gilberto,1968,1960s,Latin,https://cdn-images.dzcdn.net/images/cover/34ec7b463259cd098226d4ef042e376c/500x500-000000-80-0-0.jpg
deezer_15385473,Beach Samba,Astrud Gilberto,2017,2010s,Latin,https://cdn-images.dzcdn.net/images/cover/52f7d42c2de9a4a0466a001553aba7a9/500x500-000000-80-0-0.jpg
deezer_142920022,Look To The Rainbow,Astrud Gilberto,2008,2000s,Latin,https://cdn-images.dzcdn.net/images/cover/c3067dc5ff028c3feb2e7c8dc50a6503/500x500-000000-80-0-0.jpg
deezer_70491542,"A Certain Smile, A Certain Sadness (Expanded Edition)",Astrud Gilberto,1998,1990s,Latin,https://cdn-images.dzcdn.net/images/cover/2dcb57cc200eb427a04387159ca2af77/500x500-000000-80-0-0.jpg
deezer_70187192,The Shadow Of Your Smile,Astrud Gilberto,2002,2000s,Latin,https://cdn-images.dzcdn.net/images/cover/fa2788beb34083726faa803b6da99169/500x500-000000-80-0-0.jpg
deezer_83064922,The Astrud Gilberto Album,Astrud Gilberto,2019,2010s,Latin,https://cdn-images.dzcdn.net/images/cover/72c5061ba7613499d821c4e741540808/500x500-000000-80-0-0.jpg
deezer_78100472,Original Album Series,Antônio Carlos Jobim,2015,2010s,Latin,https://cdn-images.dzcdn.net/images/cover/40e3c6a4c57dfa0c6dc78342b05ab6a8/500x500-000000-80-0-0.jpg
deezer_635468701,Minha Alma Canta,Antônio Carlos Jobim,2010,2010s,Latin,https://cdn-images.dzcdn.net/images/cover/fb5665d5d7f2d5e99e11b1d351acb3bf/500x500-000000-80-0-0.jpg
deezer_10524684,No Tom da Mangueira,Antônio Carlos Jobim,2006,2000s,Latin,https://cdn-images.dzcdn.net/images/cover/0ed3dfd3c54301d193475d49067c7419/500x500-000000-80-0-0.jpg
deezer_87717462,Pure Bossa Nova,Antônio Carlos Jobim,2019,2010s,Latin,https://cdn-images.dzcdn.net/images/cover/c7ee55a7e8686c023d794b41ccaf6439/500x500-000000-80-0-0.jpg
deezer_80672292,Their Greatest Hits,Antônio Carlos Jobim,2007,2000s,Latin,https://cdn-images.dzcdn.net/images/cover/439ee3c4c93455330cb05082aeaa5d24/500x500-000000-80-0-0.jpg
deezer_714415541,Tom Jobim & Heitor Villa-Lobos: Wagner Tiso & Rio Cello Ensemble,Antônio Carlos Jobim,2007,2000s,Latin,https://cdn-images.dzcdn.net/images/cover/33508dc2dad5c7f5c1abba2b05a7f0f5/500x500-000000-80-0-0.jpg
deezer_91335782,For Lovers,Antônio Carlos Jobim,2007,2000s,Latin,https://cdn-images.dzcdn.net/images/cover/2664a34d74dd3b1d5c174974ea788021/500x500-000000-80-0-0.jpg
deezer_1018959,Ao Vivo Em Montreal (Ao Vivo),Antônio Carlos Jobim,2007,2000s,Latin,https://cdn-images.dzcdn.net/images/cover/e837a333bbedfed8d49ec03152b8a8af/500x500-000000-80-0-0.jpg
deezer_7435544,Symphonic Jobim,Antônio Carlos Jobim,2005,2000s,Latin,https://cdn-images.dzcdn.net/images/cover/72f887f08dca1bbfd2f5582b6db7ee9c/500x500-000000-80-0-0.jpg
deezer_81454752,20th Century Masters: The Millennium Collection - The Best of Antonio Carlos Jobim,Antônio Carlos Jobim,2009,2000s,Latin,https://cdn-images.dzcdn.net/images/cover/4a4a4f8340d8478b4347f2bb69457988/500x500-000000-80-0-0.jpg
deezer_10811324,Antonio Carlos Jobim Em Minas Ao Vivo - Piano e Voz,Antônio Carlos Jobim,2004,2000s,Latin,https://cdn-images.dzcdn.net/images/cover/afdeb11dd9860d5a799c56b2cba8c858/500x500-000000-80-0-0.jpg
deezer_72048792,Antonio Carlos Jobim's Finest Hour,Antônio Carlos Jobim,2000,2000s,Latin,https://cdn-images.dzcdn.net/images/cover/438df1e8e545628b7bfd878ed7971784/500x500-000000-80-0-0.jpg
deezer_1011089,Tom Jobim Canta Vinicius (Ao Vivo),Antônio Carlos Jobim,2000,2000s,Latin,https://cdn-images.dzcdn.net/images/cover/a595d03d8291ffc1716cdd113a5de7a9/500x500-000000-80-0-0.jpg
deezer_92817722,Quiet Now: Nights Of Quiet Stars,Antônio Carlos Jobim,2019,2010s,Latin,https://cdn-images.dzcdn.net/images/cover/fb16280c4c4222533f431702926c0705/500x500-000000-80-0-0.jpg
deezer_46663962,Grandes mestres da MPB - Vol. 2,Antônio Carlos Jobim,1997,1990s,Latin,https://cdn-images.dzcdn.net/images/cover/118cc84e1b1636faeed851932ae6d5ae/500x500-000000-80-0-0.jpg
deezer_345348,Composer,Antônio Carlos Jobim,2005,2000s,Latin,https://cdn-images.dzcdn.net/images/cover/424167ba763c598d5ae10ed8a24d5f29/500x500-000000-80-0-0.jpg
deezer_124136682,The Girl From Ipanema,Antônio Carlos Jobim,1996,1990s,Latin,https://cdn-images.dzcdn.net/images/cover/37ebe9375ec0ee88940c77f9d81ed34f/500x500-000000-80-0-0.jpg
deezer_72496902,The Man From Ipanema,Antônio Carlos Jobim,2018,2010s,Latin,https://cdn-images.dzcdn.net/images/cover/f859150a680bca344917bf618da70faa/500x500-000000-80-0-0.jpg
deezer_72048652,Verve Jazz Masters 13: Antonio Carlos Jobim,Antônio Carlos Jobim,1994,1990s,Latin,https://cdn-images.dzcdn.net/images/cover/32ac934af5ca8867833d8d7ffae05ae5/500x500-000000-80-0-0.jpg
deezer_111969,Antonio Brasileiro,Antônio Carlos Jobim,2012,2010s,Latin,https://cdn-images.dzcdn.net/images/cover/e26e81f491daa7eec007602000c3f5db/500x500-000000-80-0-0.jpg
deezer_92094082,Personalidade,Antônio Carlos Jobim,1993,1990s,Latin,https://cdn-images.dzcdn.net/images/cover/7761ff0d9bebd934f59f479f9b9426d3/500x500-000000-80-0-0.jpg
deezer_70479202,Compact Jazz: Antonio Carlos Jobim,Antônio Carlos Jobim,1990,1990s,Latin,https://cdn-images.dzcdn.net/images/cover/3c969699113eb11362cdaaf03bf3478e/500x500-000000-80-0-0.jpg
deezer_87717502,Jazz 'Round Midnight,Antônio Carlos Jobim,2019,2010s,Latin,https://cdn-images.dzcdn.net/images/cover/73fcac6ea22290c8aee8507c5a051a9f/500x500-000000-80-0-0.jpg
deezer_320865647,Rio Revisited,Antônio Carlos Jobim,1989,1980s,Latin,https://cdn-images.dzcdn.net/images/cover/19c9fa5dc151fa1173257a6ea5c4fdd0/500x500-000000-80-0-0.jpg
deezer_303000,Passarim,Antônio Carlos Jobim,2007,2000s,Latin,https://cdn-images.dzcdn.net/images/cover/a70ea86c26b8176f2776ba4e75d3b8de/500x500-000000-80-0-0.jpg
deezer_1003827,Inédito,Antônio Carlos Jobim,2013,2010s,Latin,https://cdn-images.dzcdn.net/images/cover/089a65d4ca9765bd2d27aac40709b797/500x500-000000-80-0-0.jpg
deezer_15384441,Terra Brasilis,Antônio Carlos Jobim,1980,1980s,Latin,https://cdn-images.dzcdn.net/images/cover/edce3975725996f9363b689482168c24/500x500-000000-80-0-0.jpg
deezer_582800,Urubu,Antônio Carlos Jobim,1976,1970s,Latin,https://cdn-images.dzcdn.net/images/cover/573abede685a37458d4dae70f3bcc887/500x500-000000-80-0-0.jpg
deezer_231792,Jobim,Antônio Carlos Jobim,2000,2000s,Latin,https://cdn-images.dzcdn.net/images/cover/891a014638f9b86ca0a205e6e80d70af/500x500-000000-80-0-0.jpg
deezer_72043412,Tide (Expanded Edition),Antônio Carlos Jobim,2000,2000s,Latin,https://cdn-images.dzcdn.net/images/cover/71173e11a3d1d83cdd12b81cf2976a02/500x500-000000-80-0-0.jpg
deezer_668353,Stone Flower (CTI Records 40th Anniversary Edition),Antônio Carlos Jobim,2010,2010s,Latin,https://cdn-images.dzcdn.net/images/cover/daf8134d97c263e5b838413de83de1d1/500x500-000000-80-0-0.jpg
deezer_72042962,Wave,Antônio Carlos Jobim,2018,2010s,Latin,https://cdn-images.dzcdn.net/images/cover/620333a9dde4eb64ad9a343576237abd/500x500-000000-80-0-0.jpg
deezer_39232691,Francis Albert Sinatra & Antonio Carlos Jobim (50th Anniversary Edition),Antônio Carlos Jobim,2017,2010s,Latin,https://cdn-images.dzcdn.net/images/cover/ec92c1bcc9d11bfc9ff8d3a6878787dc/500x500-000000-80-0-0.jpg
deezer_6994016,Sinatra/Jobim: The Complete Reprise Recordings,Antônio Carlos Jobim,2010,2010s,Latin,https://cdn-images.dzcdn.net/images/cover/8f2fc5edcaa793d26fa4d25af28213de/500x500-000000-80-0-0.jpg
deezer_345415,A Certain Mr. Jobim,Antônio Carlos Jobim,2008,2000s,Latin,https://cdn-images.dzcdn.net/images/cover/571764a688f95425a597928b900442ff/500x500-000000-80-0-0.jpg
deezer_364501,"Love, Strings And Jobim",Antônio Carlos Jobim,2008,2000s,Latin,https://cdn-images.dzcdn.net/images/cover/a72cfa63c82e3e104f2e217a0156f508/500x500-000000-80-0-0.jpg
deezer_340043,The Wonderful World Of Antonio Carlos Jobim,Antônio Carlos Jobim,2008,2000s,Latin,https://cdn-images.dzcdn.net/images/cover/7d7f61be98ad9d41f751e48360159295/500x500-000000-80-0-0.jpg
deezer_833617751,"The Composer Of Desafinado, Plays",Antônio Carlos Jobim,2016,2010s,Latin,https://cdn-images.dzcdn.net/images/cover/9ddb88dba0de9d2ab9d9905b2812f9f0/500x500-000000-80-0-0.jpg
deezer_61328022,Brasilia - Sinfonia da Alvorada (Remastered),Antônio Carlos Jobim,2018,2010s,Latin,https://cdn-images.dzcdn.net/images/cover/11f041ff1fb266703fa23d49513a1756/500x500-000000-80-0-0.jpg
deezer_307667,Orfeu Da Conceição,Antônio Carlos Jobim,2012,2010s,Latin,https://cdn-images.dzcdn.net/images/cover/d30377cbc329c1d91e8e49b6ec660898/500x500-000000-80-0-0.jpg
deezer_61596192,Orfeu da Conceiçao (Remastered),Antônio Carlos Jobim,2018,2010s,Latin,https://cdn-images.dzcdn.net/images/cover/d553fe704afac745489e9fee391ca611/500x500-000000-80-0-0.jpg
deezer_113281292,Llegó Navidad,Los Lobos,2019,2010s,Latin,https://cdn-images.dzcdn.net/images/cover/64f043c08a66ab78effcdb3b785d4ed5/500x500-000000-80-0-0.jpg
deezer_83612342,Gates Of Gold,Los Lobos,2015,2010s,Latin,https://cdn-images.dzcdn.net/images/cover/c27f9a34dc1be551ae3597cf86259fc6/500x500-000000-80-0-0.jpg
deezer_75025782,Disconnected In New York City (Live),Los Lobos,2018,2010s,Latin,https://cdn-images.dzcdn.net/images/cover/20f791a1ba403eddeff68b9d235cc5a3/500x500-000000-80-0-0.jpg
deezer_320937477,The Town and The City,Los Lobos,2006,2000s,Latin,https://cdn-images.dzcdn.net/images/cover/674ba7814016c8b19128bd7732d282d6/500x500-000000-80-0-0.jpg
deezer_70550112,Los Lobos: Live At The Fillmore,Los Lobos,2005,2000s,Latin,https://cdn-images.dzcdn.net/images/cover/1c757709026692de9a505c8f257ce9ed/500x500-000000-80-0-0.jpg
deezer_395072,The Ride,Los Lobos,2008,2000s,Latin,https://cdn-images.dzcdn.net/images/cover/63adee074adc5c6a3a492b5a6640ec10/500x500-000000-80-0-0.jpg
deezer_321109627,Good Morning Aztlán,Los Lobos,2002,2000s,Latin,https://cdn-images.dzcdn.net/images/cover/a5416a91d1b18d9ec29f7d8ce24fe29f/500x500-000000-80-0-0.jpg
deezer_675706,This Time,Los Lobos,2009,2000s,Latin,https://cdn-images.dzcdn.net/images/cover/f2ff907fdc30772d640b88582a047f39/500x500-000000-80-0-0.jpg
deezer_201871562,Papa's Dream,Los Lobos,2021,2020s,Latin,https://cdn-images.dzcdn.net/images/cover/8a135244856f4a1541d3b1c23e82eb78/500x500-000000-80-0-0.jpg
deezer_613054,Just Another Band From East L.A.: A Collection,Los Lobos,2009,2000s,Latin,https://cdn-images.dzcdn.net/images/cover/9fe6bc44d9dc21560d698d096c76a2c2/500x500-000000-80-0-0.jpg
deezer_613032,Kiko,Los Lobos,2009,2000s,Latin,https://cdn-images.dzcdn.net/images/cover/73996db79ce733c6b896b8400a514121/500x500-000000-80-0-0.jpg
deezer_77130772,The Neighborhood,Los Lobos,1990,1990s,Latin,https://cdn-images.dzcdn.net/images/cover/7a65c86d2fb1f130f69c7133df37fe38/500x500-000000-80-0-0.jpg
deezer_613076,La Pistola Y El Corazon,Los Lobos,2009,2000s,Latin,https://cdn-images.dzcdn.net/images/cover/254dc28006ceac9efa5cc5bf62ebd359/500x500-000000-80-0-0.jpg
deezer_613083,By The Light Of The Moon,Los Lobos,2009,2000s,Latin,https://cdn-images.dzcdn.net/images/cover/7d7e4295d7dffc57e9adb58cdaac2158/500x500-000000-80-0-0.jpg
deezer_613043,How Will the Wolf Survive?,Los Lobos,1984,1980s,Latin,https://cdn-images.dzcdn.net/images/cover/a6f19914e069d476edec9acfc97d8b85/500x500-000000-80-0-0.jpg
deezer_855137052,Historia,Gipsy Kings,2026,2020s,Latin,https://cdn-images.dzcdn.net/images/cover/b5036cc2ed8f6a823475bc89fb6e6a1a/500x500-000000-80-0-0.jpg
deezer_913323541,Savor Flamenco,Gipsy Kings,2013,2010s,Latin,https://cdn-images.dzcdn.net/images/cover/f8ddab17c6bb602ab8c37af11c57fe60/500x500-000000-80-0-0.jpg
deezer_249998,Zorro (Original London Cast Recording),Gipsy Kings,2008,2000s,Latin,https://cdn-images.dzcdn.net/images/cover/64b1ee013dd8c681774f1c239754da90/500x500-000000-80-0-0.jpg
deezer_8611580,Pasajero,Gipsy Kings,2006,2000s,Latin,https://cdn-images.dzcdn.net/images/cover/611845994111d2a8cf0930c415ec0ccc/500x500-000000-80-0-0.jpg
deezer_3623171,Roots,Gipsy Kings,2004,2000s,Latin,https://cdn-images.dzcdn.net/images/cover/8f87c7a336d996213c2c75eab4d57f8f/500x500-000000-80-0-0.jpg
deezer_1345010,!Volare! The Very Best of the Gipsy Kings,Gipsy Kings,2000,2000s,Latin,https://cdn-images.dzcdn.net/images/cover/cc974fa694e4ee6357f7b055a789768d/500x500-000000-80-0-0.jpg
deezer_8576768,Cantos de Amor / Love Songs,Gipsy Kings,1998,1990s,Latin,https://cdn-images.dzcdn.net/images/cover/7715a87fccb6f53ecae90cecbb705bb7/500x500-000000-80-0-0.jpg
deezer_8568971,Compas,Gipsy Kings,1997,1990s,Latin,https://cdn-images.dzcdn.net/images/cover/2e3cc5d14325467b8d6dfc4c12d5c4bf/500x500-000000-80-0-0.jpg
deezer_8577122,Best of Gipsy Kings,Gipsy Kings,1995,1990s,Latin,https://cdn-images.dzcdn.net/images/cover/bae429f5b39cde2ae56e828b42c3b781/500x500-000000-80-0-0.jpg
deezer_8582858,Tierra Gitana,Gipsy Kings,1996,1990s,Latin,https://cdn-images.dzcdn.net/images/cover/e814ef3ef120a5cce8b5fbcc2783b88d/500x500-000000-80-0-0.jpg
deezer_8583024,Love & Liberte,Gipsy Kings,1993,1990s,Latin,https://cdn-images.dzcdn.net/images/cover/932f812d0a49432e0cb307a14234a8c0/500x500-000000-80-0-0.jpg
deezer_8583022,Live,Gipsy Kings,1992,1990s,Latin,https://cdn-images.dzcdn.net/images/cover/88ac8b6ea4f3167e14156177ed96ead4/500x500-000000-80-0-0.jpg
deezer_8568525,Este Mundo,Gipsy Kings,1991,1990s,Latin,https://cdn-images.dzcdn.net/images/cover/3a5bec88d41b42ac1db1cf81fe8d8c8e/500x500-000000-80-0-0.jpg
deezer_53163262,Live in Los Angeles,Gipsy Kings,2015,2010s,Latin,https://cdn-images.dzcdn.net/images/cover/6cfb49f50251a25b6e1f96ce9e8b581d/500x500-000000-80-0-0.jpg
deezer_8568529,Mosaique,Gipsy Kings,1989,1980s,Latin,https://cdn-images.dzcdn.net/images/cover/2a595b3283fb2884f72670fa465b3fe1/500x500-000000-80-0-0.jpg
deezer_8582764,Gipsy Kings,Gipsy Kings,1987,1980s,Latin,https://cdn-images.dzcdn.net/images/cover/8e8c00c45e1d21680e3a8d8eaa122b35/500x500-000000-80-0-0.jpg
deezer_98434982,Luna De Fuego,Gipsy Kings,2019,2010s,Latin,https://cdn-images.dzcdn.net/images/cover/686c5e7e8cc5666281c732b3cbdfb7eb/500x500-000000-80-0-0.jpg
deezer_6384702,Allegria,Gipsy Kings,2013,2010s,Latin,https://cdn-images.dzcdn.net/images/cover/40b0cf6c4595039084745b3caaf06441/500x500-000000-80-0-0.jpg
deezer_11059514,"Sings the Best-Loved Hymns of Dr. Martin Luther King, Jr.",Mahalia Jackson,2015,2010s,Gospel,https://cdn-images.dzcdn.net/images/cover/97abea9cb17243575e3fc6c0ff3a07c2/500x500-000000-80-0-0.jpg
deezer_11059584,Mahalia Sings,Mahalia Jackson,2015,2010s,Gospel,https://cdn-images.dzcdn.net/images/cover/ca95e76229cf252eb7a5978904e2830b/500x500-000000-80-0-0.jpg
deezer_11059586,Sweet Little Jesus Boy,Mahalia Jackson,2007,2000s,Gospel,https://cdn-images.dzcdn.net/images/cover/884974e131c0b3e8d1af5ee5376f3fe0/500x500-000000-80-0-0.jpg
deezer_97547,"Mahalia Jackson In Concert Easter Sunday, 1967",Mahalia Jackson,2001,2000s,Gospel,https://cdn-images.dzcdn.net/images/cover/404bb83cd8e99f9bdcf718081423db1b/500x500-000000-80-0-0.jpg
deezer_112689,The Power And The Glory,Mahalia Jackson,1998,1990s,Gospel,https://cdn-images.dzcdn.net/images/cover/69c2ac1f91a08b765911021f29253481/500x500-000000-80-0-0.jpg
deezer_113022,The Best Of Mahalia Jackson,Mahalia Jackson,1995,1990s,Gospel,https://cdn-images.dzcdn.net/images/cover/d8c72c40bda9883b285164b87c613b38/500x500-000000-80-0-0.jpg
deezer_1210929,Mahalia Jackson Live At Newport 1958,Mahalia Jackson,1994,1990s,Gospel,https://cdn-images.dzcdn.net/images/cover/308f25423dad9d2ef0847dd3338101d4/500x500-000000-80-0-0.jpg
deezer_11101106,"Gospels, Spirituals, & Hymns",Mahalia Jackson,2015,2010s,Gospel,https://cdn-images.dzcdn.net/images/cover/86788a9b3abaa55e234d7ee737134397/500x500-000000-80-0-0.jpg
deezer_11059516,Everytime I Feel the Spirit,Mahalia Jackson,2015,2010s,Gospel,https://cdn-images.dzcdn.net/images/cover/9fc7722f3b017cbe4d00db5a8a79cfb1/500x500-000000-80-0-0.jpg
deezer_77356,The Essential Mahalia Jackson,Mahalia Jackson,1980,1980s,Gospel,https://cdn-images.dzcdn.net/images/cover/5ad3039fb7a01bbaaa7837f86df157fb/500x500-000000-80-0-0.jpg
deezer_11059538,Sings the Gospel Right Out of the Church,Mahalia Jackson,2015,2010s,Gospel,https://cdn-images.dzcdn.net/images/cover/aecb53236e1a43a94b60413bd571b401/500x500-000000-80-0-0.jpg
deezer_11059592,What the World Needs Now,Mahalia Jackson,2015,2010s,Gospel,https://cdn-images.dzcdn.net/images/cover/7c5791639a17db2a11ccf1f38abd2b19/500x500-000000-80-0-0.jpg
deezer_112688,A Mighty Fortress,Mahalia Jackson,1998,1990s,Gospel,https://cdn-images.dzcdn.net/images/cover/76e9e709dd1b12fd6a7c8955ccd89fcb/500x500-000000-80-0-0.jpg
deezer_115626,Christmas with Mahalia,Mahalia Jackson,1990,1990s,Gospel,https://cdn-images.dzcdn.net/images/cover/a2b4fbc82e30598a9d8962e1c7c211be/500x500-000000-80-0-0.jpg
deezer_11059542,Garden of Prayer,Mahalia Jackson,2015,2010s,Gospel,https://cdn-images.dzcdn.net/images/cover/7b408055bf77f7062329050c0309d350/500x500-000000-80-0-0.jpg
deezer_42810501,My Faith,Mahalia Jackson,1967,1960s,Gospel,https://cdn-images.dzcdn.net/images/cover/e5182207eb6801725c90c754d8640f80/500x500-000000-80-0-0.jpg
deezer_9264762,Let's Pray Together,Mahalia Jackson,2014,2010s,Gospel,https://cdn-images.dzcdn.net/images/cover/ee6df91a8f6513fc7d17f72b845d2dcf/500x500-000000-80-0-0.jpg
deezer_7211593,Make a Joyful Noise Unto the Lord,Mahalia Jackson,1963,1960s,Gospel,https://cdn-images.dzcdn.net/images/cover/a52083ae20ccf56731206db973455117/500x500-000000-80-0-0.jpg
deezer_97553,Recorded Live In Europe During Her Latest Concert Tour,Mahalia Jackson,2001,2000s,Gospel,https://cdn-images.dzcdn.net/images/cover/d46457b67a6601604727078feb3d8b72/500x500-000000-80-0-0.jpg
deezer_121312,Silent Night: Songs For Christmas,Mahalia Jackson,1987,1980s,Gospel,https://cdn-images.dzcdn.net/images/cover/b92c3cfd28fcd36c58e08ae4241fd542/500x500-000000-80-0-0.jpg
deezer_11059580,I Believe,Mahalia Jackson,2015,2010s,Gospel,https://cdn-images.dzcdn.net/images/cover/217e8ebaacea4df08a95e7f1acde3e9c/500x500-000000-80-0-0.jpg
deezer_11059576,Great Gettin' Up Morning,Mahalia Jackson,2015,2010s,Gospel,https://cdn-images.dzcdn.net/images/cover/4e0491b7c6c291e8716ffcba1640d4ca/500x500-000000-80-0-0.jpg
deezer_11077330,Bless This House,Mahalia Jackson,2008,2000s,Gospel,https://cdn-images.dzcdn.net/images/cover/4957c79fac933665261f3f4a909b294f/500x500-000000-80-0-0.jpg
deezer_92618872,LONG LIVE LOVE,Kirk Franklin,2019,2010s,Gospel,https://cdn-images.dzcdn.net/images/cover/07876d98103762bdb3caff075ff852de/500x500-000000-80-0-0.jpg
deezer_13948386,Losing My Religion,Kirk Franklin,2016,2010s,Gospel,https://cdn-images.dzcdn.net/images/cover/d8a7d74e873dc5c6046982bdbf55ae6e/500x500-000000-80-0-0.jpg
deezer_8304190,Setlist: The Very Best Of Kirk Franklin Live,Kirk Franklin,2011,2010s,Gospel,https://cdn-images.dzcdn.net/images/cover/f8971aad4c80faec70db1a9815e7c9d5/500x500-000000-80-0-0.jpg
deezer_936838,Hello Fear,Kirk Franklin,2011,2010s,Gospel,https://cdn-images.dzcdn.net/images/cover/16fd5f7d8e57a8ad46d16e140f294205/500x500-000000-80-0-0.jpg
deezer_7960492,The Essential Kirk Franklin,Kirk Franklin,2011,2010s,Gospel,https://cdn-images.dzcdn.net/images/cover/ab396325cdf9a42c42a3c757b0587e71/500x500-000000-80-0-0.jpg
deezer_497276,The Fight Of My Life,Kirk Franklin,2007,2000s,Gospel,https://cdn-images.dzcdn.net/images/cover/b53234d17235d3014f8ffc2bfa306bc1/500x500-000000-80-0-0.jpg
deezer_72441,"Kirk Franklin Presents: Songs For The Storm, Volume 1",Kirk Franklin,2006,2000s,Gospel,https://cdn-images.dzcdn.net/images/cover/984f873eb1d215b5cbad2c1371043eb9/500x500-000000-80-0-0.jpg
deezer_1207298,Hero,Kirk Franklin,2005,2000s,Gospel,https://cdn-images.dzcdn.net/images/cover/cad915397b6a7e237fd775f36aa9dda5/500x500-000000-80-0-0.jpg
deezer_453902385,The Rebirth Of Kirk Franklin (Live),Kirk Franklin,2002,2000s,Gospel,https://cdn-images.dzcdn.net/images/cover/6eebf45510a5dcdc9af450ea81225ce5/500x500-000000-80-0-0.jpg
deezer_1420286,The Nu Nation Project,Kirk Franklin,1998,1990s,Gospel,https://cdn-images.dzcdn.net/images/cover/64d7251c96d12cb4f529bbf246c20fd8/500x500-000000-80-0-0.jpg
deezer_122647272,God's Property from Kirk Franklin's Nu Nation,Kirk Franklin,2010,2010s,Gospel,https://cdn-images.dzcdn.net/images/cover/6977504e587e7ebcd16039ebb6ba0696/500x500-000000-80-0-0.jpg
deezer_1421308,Kirk Franklin and the Family,Kirk Franklin,2001,2000s,Gospel,https://cdn-images.dzcdn.net/images/cover/4b024343ce615123c69b5f9e82adbf86/500x500-000000-80-0-0.jpg
deezer_580227011,Tear Your Kingdom Down,Shirley Caesar,2024,2020s,Gospel,https://cdn-images.dzcdn.net/images/cover/53735e956add51d9562e8bc8b6ca7708/500x500-000000-80-0-0.jpg
deezer_478015155,People Get Ready,Shirley Caesar,2023,2020s,Gospel,https://cdn-images.dzcdn.net/images/cover/3447f0226b33518d10adfa78075567d2/500x500-000000-80-0-0.jpg
deezer_302503767,Even Me,Shirley Caesar,2022,2020s,Gospel,https://cdn-images.dzcdn.net/images/cover/f3a09437186065b84ab0923313a5691f/500x500-000000-80-0-0.jpg
deezer_302503777,Pressing My Way,Shirley Caesar,2022,2020s,Gospel,https://cdn-images.dzcdn.net/images/cover/19ef436cb84afd7846e145ad00c72fd2/500x500-000000-80-0-0.jpg
deezer_302363897,Do You Know Him,Shirley Caesar,2022,2020s,Gospel,https://cdn-images.dzcdn.net/images/cover/71c4cee1158641b455be87957e41cc32/500x500-000000-80-0-0.jpg
deezer_302363927,The Bride Of Jesus,Shirley Caesar,2022,2020s,Gospel,https://cdn-images.dzcdn.net/images/cover/45f1dd3e365a1d7c32f164c897aa4561/500x500-000000-80-0-0.jpg
deezer_302503687,Save Me Lord Save Me,Shirley Caesar,2022,2020s,Gospel,https://cdn-images.dzcdn.net/images/cover/9ed61d765b26a70d9275ad6e26de8034/500x500-000000-80-0-0.jpg
deezer_302394517,Teach Me Master,Shirley Caesar,2022,2020s,Gospel,https://cdn-images.dzcdn.net/images/cover/732888e0f39e8aa45ec9db172eb2890d/500x500-000000-80-0-0.jpg
deezer_302293897,Stranger On The Road,Shirley Caesar,2022,2020s,Gospel,https://cdn-images.dzcdn.net/images/cover/748fe4f201b9ca1bad2a19e039b65b44/500x500-000000-80-0-0.jpg
deezer_302174737,Nobody But You Lord,Shirley Caesar,2022,2020s,Gospel,https://cdn-images.dzcdn.net/images/cover/20b2d6519f9c721acd3f64f1666341cb/500x500-000000-80-0-0.jpg
deezer_271780862,Wind Storm,Shirley Caesar,2021,2020s,Gospel,https://cdn-images.dzcdn.net/images/cover/a4efa4890b14e6a3d0bfac2006a86633/500x500-000000-80-0-0.jpg
deezer_272071122,The Last Day,Shirley Caesar,2021,2020s,Gospel,https://cdn-images.dzcdn.net/images/cover/1f94e8e2f7f3fd8b6aac53aa53c73abe/500x500-000000-80-0-0.jpg
deezer_271593032,Rapture,Shirley Caesar,2021,2020s,Gospel,https://cdn-images.dzcdn.net/images/cover/86521f3eb8a2548594e28f057e330643/500x500-000000-80-0-0.jpg
deezer_271592902,Love Opens Doors,Shirley Caesar,2021,2020s,Gospel,https://cdn-images.dzcdn.net/images/cover/03e554a4bf024e3a11a0f052227f59fe/500x500-000000-80-0-0.jpg
deezer_271478512,Looking For A Home,Shirley Caesar,2021,2020s,Gospel,https://cdn-images.dzcdn.net/images/cover/749fc94577d5bf0465963d6d24a60d2d/500x500-000000-80-0-0.jpg
deezer_271781122,Stand The Storm,Shirley Caesar,2021,2020s,Gospel,https://cdn-images.dzcdn.net/images/cover/5d288481420759a83ad49793787be24a/500x500-000000-80-0-0.jpg
deezer_224034822,I'll Go,Shirley Caesar,2021,2020s,Gospel,https://cdn-images.dzcdn.net/images/cover/4b1d0d3b999a5653abcd56b54d75304d/500x500-000000-80-0-0.jpg
deezer_224100572,I Believe,Shirley Caesar,2021,2020s,Gospel,https://cdn-images.dzcdn.net/images/cover/fe543ee8e05cc9b7da8cfbd3506587ae/500x500-000000-80-0-0.jpg
deezer_224034702,Choose Ye This Day,Shirley Caesar,2021,2020s,Gospel,https://cdn-images.dzcdn.net/images/cover/903b700201cbf6087c14b1dbfd32776a/500x500-000000-80-0-0.jpg
deezer_224034672,At The Cross,Shirley Caesar,2021,2020s,Gospel,https://cdn-images.dzcdn.net/images/cover/f8bea2f294ba67659e68aa3a40eda520/500x500-000000-80-0-0.jpg
deezer_222482932,Lord Have Mercy,Shirley Caesar,2021,2020s,Gospel,https://cdn-images.dzcdn.net/images/cover/d74a22a3165b9023aa2ed976f04311e3/500x500-000000-80-0-0.jpg
deezer_221827572,Storm Is Passing Over,Shirley Caesar,2021,2020s,Gospel,https://cdn-images.dzcdn.net/images/cover/b6d95d0a9f965ab1eeb49f6793529815/500x500-000000-80-0-0.jpg
deezer_113649762,Vintage Gospel,Shirley Caesar,2019,2010s,Gospel,https://cdn-images.dzcdn.net/images/cover/1dcd7f0258bb443910b78cc298e1dc06/500x500-000000-80-0-0.jpg
deezer_80020902,He Touched Me,Shirley Caesar,2018,2010s,Gospel,https://cdn-images.dzcdn.net/images/cover/cd93cc2079919a728534b8f2e26bb3c1/500x500-000000-80-0-0.jpg
deezer_14673718,Golden Gospel Classics,Shirley Caesar,2016,2010s,Gospel,https://cdn-images.dzcdn.net/images/cover/51fa4616ee09d3da2772bfa2979b6166/500x500-000000-80-0-0.jpg
deezer_13820830,Treasures,Shirley Caesar,2016,2010s,Gospel,https://cdn-images.dzcdn.net/images/cover/dafa5e10bc8eb02c3f1c8220bb03c685/500x500-000000-80-0-0.jpg
deezer_705126271,Treasures (2024 Remastered),Shirley Caesar,2016,2010s,Gospel,https://cdn-images.dzcdn.net/images/cover/a296d379c449d6b43ae25c214eb7dcf8/500x500-000000-80-0-0.jpg
deezer_12959090,Fill This House,Shirley Caesar,2016,2010s,Gospel,https://cdn-images.dzcdn.net/images/cover/f956e48a89fd0b76601c4b4406e397c6/500x500-000000-80-0-0.jpg
deezer_6977548,Harvest Collection: Shirley Caesar,Shirley Caesar,2014,2010s,Gospel,https://cdn-images.dzcdn.net/images/cover/31c6d5adb3125ab15432a0f3b8a2176e/500x500-000000-80-0-0.jpg
deezer_6376967,Good God,Shirley Caesar,2013,2010s,Gospel,https://cdn-images.dzcdn.net/images/cover/621a9f1b6fbfef07b85620115589bebd/500x500-000000-80-0-0.jpg
deezer_5944403,Platinum Gospel-Shirley Caesar,Shirley Caesar,2011,2010s,Gospel,https://cdn-images.dzcdn.net/images/cover/d67ee53bfcf8193a54af5b063db7fecb/500x500-000000-80-0-0.jpg
deezer_14366140,Giving and Sharing - A Christmas Collection,Shirley Caesar,2011,2010s,Gospel,https://cdn-images.dzcdn.net/images/cover/13d59a6bea5af5f21922991886643f4c/500x500-000000-80-0-0.jpg
deezer_14341416,The Ultimate Collection,Shirley Caesar,2011,2010s,Gospel,https://cdn-images.dzcdn.net/images/cover/d63d7ed1597922558f09d05e7222d862/500x500-000000-80-0-0.jpg
deezer_14341392,Jesus I Love Calling Your Name,Shirley Caesar,2009,2000s,Gospel,https://cdn-images.dzcdn.net/images/cover/7820da5a85f08aa3f296823b1606aee7/500x500-000000-80-0-0.jpg
deezer_14341072,The Definitive Gospel Collection: Shirley Caesar,Shirley Caesar,2008,2000s,Gospel,https://cdn-images.dzcdn.net/images/cover/abdac8f5b592bc7917a6f78873276f6b/500x500-000000-80-0-0.jpg
deezer_14341612,Shirley Caesar and Friends,Shirley Caesar,2003,2000s,Gospel,https://cdn-images.dzcdn.net/images/cover/28f139879b991f5e8efd19428a2d5e88/500x500-000000-80-0-0.jpg
deezer_14341414,Hymns,Shirley Caesar,2001,2000s,Gospel,https://cdn-images.dzcdn.net/images/cover/9d47eab4f859be4d6e047db42cd5acdb/500x500-000000-80-0-0.jpg
deezer_14306124,You Can Make It,Shirley Caesar,2000,2000s,Gospel,https://cdn-images.dzcdn.net/images/cover/eb3b4b4d5d86ba6fa9985ed9606b521c/500x500-000000-80-0-0.jpg
deezer_14341394,Christmas With Shirley Caesar,Shirley Caesar,1998,1990s,Gospel,https://cdn-images.dzcdn.net/images/cover/7ba9eefa674b0d2f835502e14b2e6a09/500x500-000000-80-0-0.jpg
deezer_52233622,The Lord Will Make a Way,Shirley Caesar,1997,1990s,Gospel,https://cdn-images.dzcdn.net/images/cover/0468449febc61a0dc0f9c877bfe7fd02/500x500-000000-80-0-0.jpg
deezer_14341030,A Miracle In Harlem,Shirley Caesar,2007,2000s,Gospel,https://cdn-images.dzcdn.net/images/cover/3373d5d27af5645c178c14df95919542/500x500-000000-80-0-0.jpg
deezer_14340422,Just a Word,Shirley Caesar,1996,1990s,Gospel,https://cdn-images.dzcdn.net/images/cover/f86fa39f7c8be1b06688fc03f0b8bd48/500x500-000000-80-0-0.jpg
deezer_1413694,Shirley Caesar Live .... He Will Come,Shirley Caesar,1995,1990s,Gospel,https://cdn-images.dzcdn.net/images/cover/206db27cef5d23f908c40674851770dd/500x500-000000-80-0-0.jpg
deezer_1413708,Stand Still,Shirley Caesar,1993,1990s,Gospel,https://cdn-images.dzcdn.net/images/cover/14845f792a3b30d16d9c7c03908e7074/500x500-000000-80-0-0.jpg
deezer_14336864,I Remember Mama,Shirley Caesar,2005,2000s,Gospel,https://cdn-images.dzcdn.net/images/cover/1043ff5bc82413ce6db8d93a297c7b29/500x500-000000-80-0-0.jpg
deezer_14340978,He's Working It Out for You,Shirley Caesar,1991,1990s,Gospel,https://cdn-images.dzcdn.net/images/cover/908aa51be2754a4be44453b4d0ad2b59/500x500-000000-80-0-0.jpg
deezer_14366170,Live... In Chicago,Shirley Caesar,1989,1980s,Gospel,https://cdn-images.dzcdn.net/images/cover/a2324153278ef30d65ee0c7e9bc0f6f2/500x500-000000-80-0-0.jpg
deezer_14340972,Shirley Caesar: Her Very Best,Shirley Caesar,1987,1980s,Gospel,https://cdn-images.dzcdn.net/images/cover/5907c1ea2626d6f92b6362af82cf03b2/500x500-000000-80-0-0.jpg
deezer_167429842,The Return (Deluxe),The Clark Sisters,2020,2020s,Gospel,https://cdn-images.dzcdn.net/images/cover/d9f788025a23723999851caa6a1de76c/500x500-000000-80-0-0.jpg
deezer_7281157,Best Of The Clark Sisters (Live),The Clark Sisters,2014,2010s,Gospel,https://cdn-images.dzcdn.net/images/cover/18d1ea0b477831a9d5e155e0b2454a8c/500x500-000000-80-0-0.jpg
deezer_14305754,Beginnings,The Clark Sisters,2012,2010s,Gospel,https://cdn-images.dzcdn.net/images/cover/e46c2a9931f4fa87fca83b4efe9a272c/500x500-000000-80-0-0.jpg
deezer_396597,Family Christmas,The Clark Sisters,2009,2000s,Gospel,https://cdn-images.dzcdn.net/images/cover/ced8e64718e692620ae8b8b0c78c6c20/500x500-000000-80-0-0.jpg
deezer_486234,Power Play (Live),The Clark Sisters,2010,2010s,Gospel,https://cdn-images.dzcdn.net/images/cover/aea91da43442245f20c91941f117c72b/500x500-000000-80-0-0.jpg
deezer_14340628,The Definitive Gospel Collection,The Clark Sisters,2008,2000s,Gospel,https://cdn-images.dzcdn.net/images/cover/95135a0b00535acdd714a03764ed6cd6/500x500-000000-80-0-0.jpg
deezer_300644,Live: One Last Time,The Clark Sisters,2007,2000s,Gospel,https://cdn-images.dzcdn.net/images/cover/71d73d34708469084857c7b32238298e/500x500-000000-80-0-0.jpg
deezer_272468622,Count It All Joy / He Gave Me Nothing To Lose,The Clark Sisters,2002,2000s,Gospel,https://cdn-images.dzcdn.net/images/cover/56fc1ddc3aabad8e36360eb1c842344d/500x500-000000-80-0-0.jpg
deezer_272469622,You Brought The Sunshine / Unworthy,The Clark Sisters,2002,2000s,Gospel,https://cdn-images.dzcdn.net/images/cover/3a3d3fc5c62d81a7aa77d46af1fce83f/500x500-000000-80-0-0.jpg
deezer_6117466,Miracle (Reissue),The Clark Sisters,2007,2000s,Gospel,https://cdn-images.dzcdn.net/images/cover/a5fd022d88790dad5c067a2e0e3ba995/500x500-000000-80-0-0.jpg
deezer_14341398,Conqueror,The Clark Sisters,1988,1980s,Gospel,https://cdn-images.dzcdn.net/images/cover/54aee55f50bb47c53a3ea20e683b3d12/500x500-000000-80-0-0.jpg
deezer_445667905,Bringing It Back Home,The Clark Sisters,1986,1980s,Gospel,https://cdn-images.dzcdn.net/images/cover/ea5700307b8c136d22f701f0740d3271/500x500-000000-80-0-0.jpg
deezer_445667835,Heart & Soul,The Clark Sisters,1986,1980s,Gospel,https://cdn-images.dzcdn.net/images/cover/5e3afcdb0441cc8d2d7c8853f9d1dcc7/500x500-000000-80-0-0.jpg
deezer_279825672,New Dimensions of Christmas Carols,The Clark Sisters,2021,2020s,Gospel,https://cdn-images.dzcdn.net/images/cover/b4db76583ab022bd51ca10f1cb309b8c/500x500-000000-80-0-0.jpg
deezer_456578875,A Salute To Great Singing Groups,The Clark Sisters,2023,2020s,Gospel,https://cdn-images.dzcdn.net/images/cover/150529ebd60f130e877444b9128ddedf/500x500-000000-80-0-0.jpg
deezer_456578905,The Clark Sisters Swing Again,The Clark Sisters,2023,2020s,Gospel,https://cdn-images.dzcdn.net/images/cover/1880b1f695f2cb694930a462e17c5856/500x500-000000-80-0-0.jpg
deezer_374536337,Sing Sing Sing,The Clark Sisters,2008,2000s,Gospel,https://cdn-images.dzcdn.net/images/cover/51bb58a59d271c1cd4560f65ae002185/500x500-000000-80-0-0.jpg
deezer_988190091,The Hymns,CeCe Winans,2026,2020s,Gospel,https://cdn-images.dzcdn.net/images/cover/d5190bbc1a6144c9fb1bcc609f466241/500x500-000000-80-0-0.jpg
deezer_654950651,"Joyful, Joyful: A Christmas Album",CeCe Winans,2025,2020s,Gospel,https://cdn-images.dzcdn.net/images/cover/cc9729e67503115e44ee78213c86826d/500x500-000000-80-0-0.jpg
deezer_573792101,More Than This,CeCe Winans,2024,2020s,Gospel,https://cdn-images.dzcdn.net/images/cover/1ccdad75b129f547824544a0d9d67183/500x500-000000-80-0-0.jpg
deezer_305915697,Believe For It (Deluxe Edition),CeCe Winans,2022,2020s,Gospel,https://cdn-images.dzcdn.net/images/cover/d13f377b8e042af59f90c279333bca3c/500x500-000000-80-0-0.jpg
deezer_596854652,Something's Happening! A Christmas Album,CeCe Winans,2018,2010s,Gospel,https://cdn-images.dzcdn.net/images/cover/a8f629f478571567dac3cd2ac8c093b7/500x500-000000-80-0-0.jpg
deezer_597431152,Let Them Fall In Love,CeCe Winans,2017,2010s,Gospel,https://cdn-images.dzcdn.net/images/cover/84ec1eaf7088036a59edfd3a86546d50/500x500-000000-80-0-0.jpg
deezer_10844456,20th Century Masters - The Millennium Collection: The Best Of Cece Winans,CeCe Winans,2015,2010s,Gospel,https://cdn-images.dzcdn.net/images/cover/86433aa41d2e24f4c600602aeaf8fc6a/500x500-000000-80-0-0.jpg
deezer_539605,Songs Of Emotional Healing,CeCe Winans,2010,2010s,Gospel,https://cdn-images.dzcdn.net/images/cover/16b26b725eb7b9c7cf12ccb82fd1ad8b/500x500-000000-80-0-0.jpg
deezer_653131,For Always: The Best Of CeCe Winans,CeCe Winans,2010,2010s,Gospel,https://cdn-images.dzcdn.net/images/cover/922e23ac77ac33368fbfac57d3d01455/500x500-000000-80-0-0.jpg
deezer_306477,CeCe Winans Presents Pure Worship,CeCe Winans,2008,2000s,Gospel,https://cdn-images.dzcdn.net/images/cover/5c50eb977a9daf54608b7ee4bd58d689/500x500-000000-80-0-0.jpg
deezer_302386,Thy Kingdom Come,CeCe Winans,2008,2000s,Gospel,https://cdn-images.dzcdn.net/images/cover/4d689784cee96a8acc541396354d9836/500x500-000000-80-0-0.jpg
deezer_42891831,Throne Room (Gold Edition),CeCe Winans,2017,2010s,Gospel,https://cdn-images.dzcdn.net/images/cover/39c981a787b3d5a962be1ff2b34c539a/500x500-000000-80-0-0.jpg
deezer_342943,CeCe Winans,CeCe Winans,2008,2000s,Gospel,https://cdn-images.dzcdn.net/images/cover/5448a89cd6076cb6af569485c8d2af03/500x500-000000-80-0-0.jpg
deezer_342942,Alabaster Box,CeCe Winans,2008,2000s,Gospel,https://cdn-images.dzcdn.net/images/cover/6d310ab2af385a194c37db5e39e75da6/500x500-000000-80-0-0.jpg
deezer_357244,Everlasting Love,CeCe Winans,2003,2000s,Gospel,https://cdn-images.dzcdn.net/images/cover/8c5456c5a8097727a3e454bd578c2a67/500x500-000000-80-0-0.jpg
deezer_1376899,His Gift,CeCe Winans,1998,1990s,Gospel,https://cdn-images.dzcdn.net/images/cover/5ed99a21599410b3a49bac217b977783/500x500-000000-80-0-0.jpg
deezer_302154,Alone In His Presence,CeCe Winans,1995,1990s,Gospel,https://cdn-images.dzcdn.net/images/cover/9adc6daa8c9f0d2481f3db5deea647e4/500x500-000000-80-0-0.jpg
deezer_57451372,Fresh Takes,Andrae Crouch,2018,2010s,Gospel,https://cdn-images.dzcdn.net/images/cover/68b0d1d58ccad63245d21513ed7e4084/500x500-000000-80-0-0.jpg
deezer_1272207,The Journey,Andrae Crouch,2011,2010s,Gospel,https://cdn-images.dzcdn.net/images/cover/f3e7f2df829b49e93e92f8a0ed2bc86f/500x500-000000-80-0-0.jpg
deezer_11214448,"Let's Worship, Vol. 1",Andrae Crouch,2011,2010s,Gospel,https://cdn-images.dzcdn.net/images/cover/e291e82efaca0d7767dfaf753c9f8067/500x500-000000-80-0-0.jpg
deezer_1057051,Keep On Singin',Andrae Crouch,2008,2000s,Gospel,https://cdn-images.dzcdn.net/images/cover/47a0cf14116fd8f7a51c2327aaad6981/500x500-000000-80-0-0.jpg
deezer_6460479,Keep On Singing,Andrae Crouch,2008,2000s,Gospel,https://cdn-images.dzcdn.net/images/cover/e952e45e58be0ba53c8255bb237aa3c3/500x500-000000-80-0-0.jpg
deezer_1057055,Platinum Praise - Andrae Crouch,Andrae Crouch,2008,2000s,Gospel,https://cdn-images.dzcdn.net/images/cover/9daf71a7409751704fade07b6dd912dc/500x500-000000-80-0-0.jpg
deezer_6305140,Platinum Praise Collection: Andrae Crouch,Andrae Crouch,2008,2000s,Gospel,https://cdn-images.dzcdn.net/images/cover/35acc78b962d6ca304cc173a4ad2edb0/500x500-000000-80-0-0.jpg
deezer_1059684,Just Andrae,Andrae Crouch,2007,2000s,Gospel,https://cdn-images.dzcdn.net/images/cover/3feca91779b43f563d2865eeff0b3ea2/500x500-000000-80-0-0.jpg
deezer_6460477,I’ll Be Thinking Of You,Andrae Crouch,2007,2000s,Gospel,https://cdn-images.dzcdn.net/images/cover/41920fed35994a48651baa0b202b5135/500x500-000000-80-0-0.jpg
deezer_1212858,Mighty Wind,Andrae Crouch,2005,2000s,Gospel,https://cdn-images.dzcdn.net/images/cover/aaedc969434efb1496f7fc0a376dc2e1/500x500-000000-80-0-0.jpg
deezer_1057847,The Definitive Greatest Hits,Andrae Crouch,2005,2000s,Gospel,https://cdn-images.dzcdn.net/images/cover/a0487697b7f255eb7bb8f75600562748/500x500-000000-80-0-0.jpg
deezer_1057169,Take the Message Everywhere,Andrae Crouch,2005,2000s,Gospel,https://cdn-images.dzcdn.net/images/cover/b7c6e68b34f443ecebec74a571acbf68/500x500-000000-80-0-0.jpg
deezer_1059669,Soulfully,Andrae Crouch,2005,2000s,Gospel,https://cdn-images.dzcdn.net/images/cover/a6f2070df7840fe13a9a8e6613113aa8/500x500-000000-80-0-0.jpg
deezer_9707278,Volume 2…We Sing Praises,Andrae Crouch,2005,2000s,Gospel,https://cdn-images.dzcdn.net/images/cover/d93993adc1194bf6fd9bb6036a50301b/500x500-000000-80-0-0.jpg
deezer_6903193,Classic Gold: This Is Another Day: Andrae Crouch and the Disciples,Andrae Crouch,2003,2000s,Gospel,https://cdn-images.dzcdn.net/images/cover/b2e99f075234c6c3167c1a1a889e05c0/500x500-000000-80-0-0.jpg
deezer_7016735,"Mega 3 Collection, Vol. 2",Andrae Crouch,2003,2000s,Gospel,https://cdn-images.dzcdn.net/images/cover/db62b9fa0239ffe5680a02746752849e/500x500-000000-80-0-0.jpg
deezer_7346913,Mega 3: Andrae Crouch 1,Andrae Crouch,2003,2000s,Gospel,https://cdn-images.dzcdn.net/images/cover/23bd666f496dabf694d5f15e755329b0/500x500-000000-80-0-0.jpg
deezer_1057038,The Best Of Andrae Crouch,Andrae Crouch,2003,2000s,Gospel,https://cdn-images.dzcdn.net/images/cover/616270b948dcb6c66656e96114f2a613/500x500-000000-80-0-0.jpg
deezer_6903188,Classic Gold: Live In London: Andrae Crouch & The Disciples,Andrae Crouch,2003,2000s,Gospel,https://cdn-images.dzcdn.net/images/cover/12924aa572478dae51f401b31e98d83b/500x500-000000-80-0-0.jpg
deezer_6903192,Classic Gold: Best of Andrae: Andrae Crouch and the Disciples,Andrae Crouch,2003,2000s,Gospel,https://cdn-images.dzcdn.net/images/cover/00b1739cca4851fa484cb3067de0fc4f/500x500-000000-80-0-0.jpg
deezer_7016726,Live At Carnegie Hall,Andrae Crouch,2003,2000s,Gospel,https://cdn-images.dzcdn.net/images/cover/ce33881654f094bccf7f5ca8737659c0/500x500-000000-80-0-0.jpg
deezer_1059657,Classic Gold: Take Me Back: Andrae Crouch and the Disciples,Andrae Crouch,2003,2000s,Gospel,https://cdn-images.dzcdn.net/images/cover/162e4f4afe8b81397ca96081c240b2d8/500x500-000000-80-0-0.jpg
deezer_7016725,Classic Gold: Autograph: Andrae Crouch,Andrae Crouch,2003,2000s,Gospel,https://cdn-images.dzcdn.net/images/cover/7a132be47f93a78b812a8deedb931c8b/500x500-000000-80-0-0.jpg
deezer_579580601,Gospel Around the World,Andrae Crouch,2003,2000s,Gospel,https://cdn-images.dzcdn.net/images/cover/d4055152a573571a9f7924ef681385d0/500x500-000000-80-0-0.jpg
deezer_7016733,Legends Of Gospel: Andrae Crouch,Andrae Crouch,2002,2000s,Gospel,https://cdn-images.dzcdn.net/images/cover/5ede791267cca44b0cf997021241706e/500x500-000000-80-0-0.jpg
deezer_14426438,The Gift of Christmas,Andrae Crouch,1999,1990s,Gospel,https://cdn-images.dzcdn.net/images/cover/40c727f0f5731c48cbaa80ae834b6def/500x500-000000-80-0-0.jpg
deezer_7414524,Gospel Music Hall Of Fame,Andrae Crouch,1999,1990s,Gospel,https://cdn-images.dzcdn.net/images/cover/1449d40edc7bfded98edb837be79bb61/500x500-000000-80-0-0.jpg
deezer_143185962,Pray,Andrae Crouch,1997,1990s,Gospel,https://cdn-images.dzcdn.net/images/cover/da146838c19eed2ac5868447cfc2ef87/500x500-000000-80-0-0.jpg
deezer_1057236,The Light Years: Andrae Crouch,Andrae Crouch,1995,1990s,Gospel,https://cdn-images.dzcdn.net/images/cover/7bca558d0926b0da40e01d73334dfdb9/500x500-000000-80-0-0.jpg
deezer_14426442,Mercy,Andrae Crouch,1994,1990s,Gospel,https://cdn-images.dzcdn.net/images/cover/15776a43368968f69da5996344ced3ca/500x500-000000-80-0-0.jpg
deezer_7045230,Vol III … The Contemporary,Andrae Crouch,1993,1990s,Gospel,https://cdn-images.dzcdn.net/images/cover/8783ff53d510d7f9709400691fc319b1/500x500-000000-80-0-0.jpg
deezer_7011050,Classics Vol. 1,Andrae Crouch,1993,1990s,Gospel,https://cdn-images.dzcdn.net/images/cover/b3b544abd4994456b70b689f13051eb1/500x500-000000-80-0-0.jpg
deezer_6460425,Finally,Andrae Crouch,1999,1990s,Gospel,https://cdn-images.dzcdn.net/images/cover/1d1fe499fd59e32954966604619db692/500x500-000000-80-0-0.jpg
deezer_1059844,More Of The Best,Andrae Crouch,1981,1980s,Gospel,https://cdn-images.dzcdn.net/images/cover/c885c928ba8503e625602aedb59f2cfd/500x500-000000-80-0-0.jpg
deezer_855365552,Teen Challenge Addicts Choir,Andrae Crouch,1968,1960s,Gospel,https://cdn-images.dzcdn.net/images/cover/0ee05740441facc443194464a969f37a/500x500-000000-80-0-0.jpg
deezer_638674321,Sunny Days,Yolanda Adams,2024,2020s,Gospel,https://cdn-images.dzcdn.net/images/cover/a4a1f5573b1001a83b5b448e5fd759f1/500x500-000000-80-0-0.jpg
deezer_8289020,Setlist: The Very Best Of Yolanda Adams LIVE,Yolanda Adams,2011,2010s,Gospel,https://cdn-images.dzcdn.net/images/cover/34e871b9dbaff3740bb7908f04a8c15c/500x500-000000-80-0-0.jpg
deezer_14237392,Becoming,Yolanda Adams,2016,2010s,Gospel,https://cdn-images.dzcdn.net/images/cover/6e825a26ed01444b8daf682299e54ac9/500x500-000000-80-0-0.jpg
deezer_1210571,What A Wonderful Time,Yolanda Adams,2007,2000s,Gospel,https://cdn-images.dzcdn.net/images/cover/7dccbfcdb442a7150ec73a0af216cfaa/500x500-000000-80-0-0.jpg
deezer_85967,The Best of Me - Yolanda Adams Greatest Hits,Yolanda Adams,2007,2000s,Gospel,https://cdn-images.dzcdn.net/images/cover/d72ae941a79ae1c88121ffa442b55b64/500x500-000000-80-0-0.jpg
deezer_511617,At Her Very Best,Yolanda Adams,2006,2000s,Gospel,https://cdn-images.dzcdn.net/images/cover/329d3d0f9865059f13a152100f84d891/500x500-000000-80-0-0.jpg
deezer_1425518,The Essential Yolanda Adams,Yolanda Adams,2006,2000s,Gospel,https://cdn-images.dzcdn.net/images/cover/dd966db82f2ee1026b2042ea6ed6638f/500x500-000000-80-0-0.jpg
deezer_80386,Day by Day,Yolanda Adams,2005,2000s,Gospel,https://cdn-images.dzcdn.net/images/cover/049627954822d57f9e6cd79e493ac33e/500x500-000000-80-0-0.jpg
deezer_298501982,Wanda Nero Butler & Yolanda Adams,Yolanda Adams,2005,2000s,Gospel,https://cdn-images.dzcdn.net/images/cover/6038794ebb7a676aea5c1a89b2af83a3/500x500-000000-80-0-0.jpg
deezer_74793,The Praise & Worship Songs of Yolanda Adams,Yolanda Adams,2004,2000s,Gospel,https://cdn-images.dzcdn.net/images/cover/758121ce1ed7032db67f21362df282be/500x500-000000-80-0-0.jpg
deezer_8281796,Playlist: The Very Best Of Yolanda Adams,Yolanda Adams,2008,2000s,Gospel,https://cdn-images.dzcdn.net/images/cover/c84e6da0f7d4eca0a059f13fb30047a4/500x500-000000-80-0-0.jpg
deezer_366029,Believe,Yolanda Adams,2001,2000s,Gospel,https://cdn-images.dzcdn.net/images/cover/864d895ca228dd74a6df14a3f037772a/500x500-000000-80-0-0.jpg
deezer_366015,The Experience,Yolanda Adams,2001,2000s,Gospel,https://cdn-images.dzcdn.net/images/cover/da26d6b20dba8cb20a9845c4b4066142/500x500-000000-80-0-0.jpg
deezer_366009,Christmas with Yolanda Adams,Yolanda Adams,2000,2000s,Gospel,https://cdn-images.dzcdn.net/images/cover/8aac6ac34df154ba8d9d086b5d93cfdc/500x500-000000-80-0-0.jpg
deezer_1211262,The Best Of Yolanda Adams,Yolanda Adams,1999,1990s,Gospel,https://cdn-images.dzcdn.net/images/cover/955233aefc67a417694e8630153bfbc6/500x500-000000-80-0-0.jpg
deezer_366006,Mountain High Valley Low,Yolanda Adams,1999,1990s,Gospel,https://cdn-images.dzcdn.net/images/cover/b32ce8ee029c115148e6dddc8548beda/500x500-000000-80-0-0.jpg
deezer_1421293,Songs From The Heart,Yolanda Adams,1998,1990s,Gospel,https://cdn-images.dzcdn.net/images/cover/a75a536c08ffa7b89726c83601e300dc/500x500-000000-80-0-0.jpg
deezer_1421063,Live In Washington,Yolanda Adams,1997,1990s,Gospel,https://cdn-images.dzcdn.net/images/cover/1b6d0cfa6bb58614453b40387909508b/500x500-000000-80-0-0.jpg
deezer_1212801,More Than A Melody,Yolanda Adams,1997,1990s,Gospel,https://cdn-images.dzcdn.net/images/cover/332cb1a69fd365ddbb3a3ef866e48cef/500x500-000000-80-0-0.jpg
deezer_1212802,Save The World,Yolanda Adams,1997,1990s,Gospel,https://cdn-images.dzcdn.net/images/cover/ed0c254894ae5af1f27977eb26917b10/500x500-000000-80-0-0.jpg
deezer_1421311,Through The Storm,Yolanda Adams,1997,1990s,Gospel,https://cdn-images.dzcdn.net/images/cover/dfefc9aa4042d32c620098b7da48b325/500x500-000000-80-0-0.jpg
deezer_114018482,A Different Song,Donnie McClurkin,2019,2010s,Gospel,https://cdn-images.dzcdn.net/images/cover/0c69bd65cd88fc9b4a763c9e81bb752a/500x500-000000-80-0-0.jpg
deezer_13833538,The Journey (Live),Donnie McClurkin,2016,2010s,Gospel,https://cdn-images.dzcdn.net/images/cover/1ef78e09ddaaab8bc922ab394813104e/500x500-000000-80-0-0.jpg
deezer_9849512,Ministry Series: Now!,Donnie McClurkin,2015,2010s,Gospel,https://cdn-images.dzcdn.net/images/cover/e88dfb675b59ba03ca5ee1467bb5985d/500x500-000000-80-0-0.jpg
deezer_9849528,Ministry Series: Power of Praise,Donnie McClurkin,2015,2010s,Gospel,https://cdn-images.dzcdn.net/images/cover/0f12cae8a1b60db077e984f0d24b1696/500x500-000000-80-0-0.jpg
deezer_7408932,Duets,Donnie McClurkin,2014,2010s,Gospel,https://cdn-images.dzcdn.net/images/cover/5ecff92e9c8c38f63815bf706d50e92c/500x500-000000-80-0-0.jpg
deezer_533455102,Ministry Series: Attachments (Live),Donnie McClurkin,2012,2010s,Gospel,https://cdn-images.dzcdn.net/images/cover/693146a389633d8576e22008711afe20/500x500-000000-80-0-0.jpg
deezer_533455052,Ministry Series: God Sees (Live),Donnie McClurkin,2012,2010s,Gospel,https://cdn-images.dzcdn.net/images/cover/036163195ecd41bee162a341ef786694/500x500-000000-80-0-0.jpg
deezer_533455082,Ministry Series: The Valley of God (Live),Donnie McClurkin,2012,2010s,Gospel,https://cdn-images.dzcdn.net/images/cover/7805b8d99b6479582e3b27b88c261dac/500x500-000000-80-0-0.jpg
deezer_8303996,Setlist: The Very Best Of Donnie McClurkin LIVE,Donnie McClurkin,2011,2010s,Gospel,https://cdn-images.dzcdn.net/images/cover/adddfb9841416a59bb88af1e36668c31/500x500-000000-80-0-0.jpg
deezer_284687,We All Are One (Live In Detroit),Donnie McClurkin,2009,2000s,Gospel,https://cdn-images.dzcdn.net/images/cover/7e65f4949d60048ac78b3ff6b6e40be3/500x500-000000-80-0-0.jpg
deezer_1209249,Donnie McClurkin... Again,Donnie McClurkin,2003,2000s,Gospel,https://cdn-images.dzcdn.net/images/cover/08d0e1cc74e4a2364908b25c5d3ff76b/500x500-000000-80-0-0.jpg
deezer_1209264,"Psalms, Hymns & Spiritual Songs",Donnie McClurkin,2001,2000s,Gospel,https://cdn-images.dzcdn.net/images/cover/883de9da506661395f1b0c8ec05cedc5/500x500-000000-80-0-0.jpg
deezer_1210455,Live in London and More ..,Donnie McClurkin,2000,2000s,Gospel,https://cdn-images.dzcdn.net/images/cover/a3c3661490437cabcc42535952cdb831/500x500-000000-80-0-0.jpg
deezer_1054364282,Time Capsule II,Fred Hammond,2026,2020s,Gospel,https://cdn-images.dzcdn.net/images/cover/fd741fa21fc58191be409d6f9c20bff7/500x500-000000-80-0-0.jpg
deezer_628695491,Time Capsule - The Trilogy,Fred Hammond,2024,2020s,Gospel,https://cdn-images.dzcdn.net/images/cover/159e634059d60678c8e837cd72ec18fb/500x500-000000-80-0-0.jpg
deezer_272196262,Sunday Morning Fred,Fred Hammond,2021,2020s,Gospel,https://cdn-images.dzcdn.net/images/cover/ff79e1678ff71404e63517822caac990/500x500-000000-80-0-0.jpg
deezer_64220272,The Best of Fred Hammond,Fred Hammond,2018,2010s,Gospel,https://cdn-images.dzcdn.net/images/cover/67753072207a5a68328130fb4a36fe36/500x500-000000-80-0-0.jpg
deezer_62769062,Uncle Fred - Texture Of A Man - Collectors Edition,Fred Hammond,2018,2010s,Gospel,https://cdn-images.dzcdn.net/images/cover/ac7217788f599024c1c50cd9f97b3083/500x500-000000-80-0-0.jpg
deezer_14167108,Worship Journal (Live),Fred Hammond,2016,2010s,Gospel,https://cdn-images.dzcdn.net/images/cover/e4f973e73a687d23ca776055c96d00f2/500x500-000000-80-0-0.jpg
deezer_8951245,I Will Trust,Fred Hammond,2014,2010s,Gospel,https://cdn-images.dzcdn.net/images/cover/55a4e9240e975eeecce8e2ca233023bd/500x500-000000-80-0-0.jpg
deezer_6412111,United Tenors Hammond Hollister Roberson Wilson,Fred Hammond,2013,2010s,Gospel,https://cdn-images.dzcdn.net/images/cover/5bfb26bd0255e54496de5194dd3ce21a/500x500-000000-80-0-0.jpg
deezer_1512514,"God, Love & Romance",Fred Hammond,2012,2010s,Gospel,https://cdn-images.dzcdn.net/images/cover/8004d9d8b397e49f871ee1bdc219dc89/500x500-000000-80-0-0.jpg
deezer_393042,Love Unstoppable,Fred Hammond,2009,2000s,Gospel,https://cdn-images.dzcdn.net/images/cover/2e10fd396ae29c5ac07ca0841af31597/500x500-000000-80-0-0.jpg
deezer_698860971,Revival In the House,Fred Hammond,2010,2010s,Gospel,https://cdn-images.dzcdn.net/images/cover/c098155c55cc887a3908d5b9e4187c17/500x500-000000-80-0-0.jpg
deezer_1057919,Platinum Praise - Fred Hammond & Commissioned,Fred Hammond,2008,2000s,Gospel,https://cdn-images.dzcdn.net/images/cover/5b13f11ab186389ed00a70f98abeaf0e/500x500-000000-80-0-0.jpg
deezer_6305141,Platinum Praise Collection: Fred Hammond & Commissioned,Fred Hammond,2008,2000s,Gospel,https://cdn-images.dzcdn.net/images/cover/1c3a7ac0039a30f40a3345bf3e451c21/500x500-000000-80-0-0.jpg
deezer_1427092,The Essential Fred Hammond,Fred Hammond,2007,2000s,Gospel,https://cdn-images.dzcdn.net/images/cover/445bf02684e5914be549607a2fc65ca6/500x500-000000-80-0-0.jpg
deezer_8280868,Free To Worship,Fred Hammond,2006,2000s,Gospel,https://cdn-images.dzcdn.net/images/cover/5c7846afd9c57073003425b7c52c82f9/500x500-000000-80-0-0.jpg
deezer_1059673,The Definitive 16 Greatest Hits,Fred Hammond,2006,2000s,Gospel,https://cdn-images.dzcdn.net/images/cover/de050374431456e4088c48ac15e74bf2/500x500-000000-80-0-0.jpg
deezer_6989781,Somethin' 'Bout Love,Fred Hammond,2004,2000s,Gospel,https://cdn-images.dzcdn.net/images/cover/91a08900e4e9bddd0c68d044e74a5861/500x500-000000-80-0-0.jpg
deezer_573844,Playlist: The Very Best of Fred Hammond,Fred Hammond,2010,2010s,Gospel,https://cdn-images.dzcdn.net/images/cover/f3236c8e669a7e5b1565c36e7ce8116a/500x500-000000-80-0-0.jpg
deezer_1209477,Nothing But The Hits: Fred Hammond,Fred Hammond,2003,2000s,Gospel,https://cdn-images.dzcdn.net/images/cover/ca81f3f0173a0106c87415bf85a9f437/500x500-000000-80-0-0.jpg
deezer_1210988,Speak Those Things: POL Chapter 3,Fred Hammond,2002,2000s,Gospel,https://cdn-images.dzcdn.net/images/cover/ad2479de62b95b00221da2b2bfc833be/500x500-000000-80-0-0.jpg
deezer_1211483,Fred Hammond Christmas... Just Remember,Fred Hammond,2001,2000s,Gospel,https://cdn-images.dzcdn.net/images/cover/cba61edc1c31e1617b7cfd0a4d6cb35c/500x500-000000-80-0-0.jpg
deezer_1421062,Purpose By Design,Fred Hammond,2000,2000s,Gospel,https://cdn-images.dzcdn.net/images/cover/e4b9796a5d9ce456b62d00c5c9f88a83/500x500-000000-80-0-0.jpg
deezer_1421309,Pages Of Life - Chapters I & II,Fred Hammond,2004,2000s,Gospel,https://cdn-images.dzcdn.net/images/cover/cf2bc62191354d83232a254f0b292871/500x500-000000-80-0-0.jpg
deezer_1208923,Spirit Of David,Fred Hammond,1997,1990s,Gospel,https://cdn-images.dzcdn.net/images/cover/061483472daac6f21bf8af1a1cdce80a/500x500-000000-80-0-0.jpg
deezer_1210987,The Inner Court,Fred Hammond,1997,1990s,Gospel,https://cdn-images.dzcdn.net/images/cover/3b5a89e5ab9db714f1b4eabef48397da/500x500-000000-80-0-0.jpg
deezer_1421304,Deliverance,Fred Hammond,1997,1990s,Gospel,https://cdn-images.dzcdn.net/images/cover/d20ccce832bcddf8e00d0ff443a04cff/500x500-000000-80-0-0.jpg
deezer_13341495,Azusa The Next Generation 2 - Better,Hezekiah Walker,2016,2010s,Gospel,https://cdn-images.dzcdn.net/images/cover/01d44e57c2e739508f83726d0b0d4f78/500x500-000000-80-0-0.jpg
deezer_6615977,Azusa The Next Generation,Hezekiah Walker,2013,2010s,Gospel,https://cdn-images.dzcdn.net/images/cover/26c834be7cf405838bd2bfee5c02d452/500x500-000000-80-0-0.jpg
deezer_8256220,Setlist: The Very Best Of Hezekiah Walker LIVE,Hezekiah Walker,2011,2010s,Gospel,https://cdn-images.dzcdn.net/images/cover/797ad75323be9f942c05a93d29f85a07/500x500-000000-80-0-0.jpg
deezer_1388034,Souled Out,Hezekiah Walker,2008,2000s,Gospel,https://cdn-images.dzcdn.net/images/cover/481d087ddd04eea375cc586ef1fbf7ab/500x500-000000-80-0-0.jpg
deezer_1441908,The Essential Hezekiah Walker,Hezekiah Walker,2007,2000s,Gospel,https://cdn-images.dzcdn.net/images/cover/0f04835d8ec2fd85617ebc9e2d1aad5b/500x500-000000-80-0-0.jpg
deezer_1211265,Nothing But The Hits: Hezekiah Walker & The Love Fellowship Crusade Choir,Hezekiah Walker,2003,2000s,Gospel,https://cdn-images.dzcdn.net/images/cover/0b61f0804ca3c839d075d5c05af993f8/500x500-000000-80-0-0.jpg
deezer_1421983,Family Affair II - Live At Radio City Music Hall,Hezekiah Walker,2002,2000s,Gospel,https://cdn-images.dzcdn.net/images/cover/7751051e3d7f15fd92394c2022376a71/500x500-000000-80-0-0.jpg
deezer_1212845,20/85 The Experience,Hezekiah Walker,2001,2000s,Gospel,https://cdn-images.dzcdn.net/images/cover/c8a627d954a4a8bc3be9e0d41905649d/500x500-000000-80-0-0.jpg
deezer_1421307,Family Affair,Hezekiah Walker,2004,2000s,Gospel,https://cdn-images.dzcdn.net/images/cover/2347bf5df26b41cc7bb2df3a59ade11a/500x500-000000-80-0-0.jpg
deezer_1421068,"Presents The LFT Church Choir Recorded ""Live"" at Love Fellowship Tabernacle",Hezekiah Walker,1998,1990s,Gospel,https://cdn-images.dzcdn.net/images/cover/7dd93719936238f0454eda96fae602f7/500x500-000000-80-0-0.jpg
deezer_1421058,Live In London,Hezekiah Walker,2004,2000s,Gospel,https://cdn-images.dzcdn.net/images/cover/fffa57c3261c79366fcd125ea6f2f57b/500x500-000000-80-0-0.jpg
deezer_1212954,By Any Means Necessary,Hezekiah Walker,1997,1990s,Gospel,https://cdn-images.dzcdn.net/images/cover/4aa9a21858a0ecb79b76f1af2814155d/500x500-000000-80-0-0.jpg
deezer_7779064,Live In Atlanta,Hezekiah Walker,1997,1990s,Gospel,https://cdn-images.dzcdn.net/images/cover/890d3a2fe364a2ba379f10ef20b45c02/500x500-000000-80-0-0.jpg
deezer_635052831,Live Breathe Fight,Tamela Mann,2024,2020s,Gospel,https://cdn-images.dzcdn.net/images/cover/4b150b12cec36b68d3e41f22979479c0/500x500-000000-80-0-0.jpg
deezer_238273982,Overcomer,Tamela Mann,2021,2020s,Gospel,https://cdn-images.dzcdn.net/images/cover/37be9f126d581042577e6fb75105662d/500x500-000000-80-0-0.jpg
deezer_72771342,Us Against the World,Tamela Mann,2018,2010s,Gospel,https://cdn-images.dzcdn.net/images/cover/95db653a608a981670a562eacddcb160/500x500-000000-80-0-0.jpg
deezer_13406519,One Way,Tamela Mann,2016,2010s,Gospel,https://cdn-images.dzcdn.net/images/cover/63af386d21d4cb66a853452e83ea859e/500x500-000000-80-0-0.jpg
deezer_13408361,Best Days,Tamela Mann,2012,2010s,Gospel,https://cdn-images.dzcdn.net/images/cover/5f354b75d9a7c4bac3a170ac9d165379/500x500-000000-80-0-0.jpg
deezer_13408355,The Master Plan,Tamela Mann,2009,2000s,Gospel,https://cdn-images.dzcdn.net/images/cover/beb545fd3fa87ecf51731966f78c897b/500x500-000000-80-0-0.jpg
deezer_13577345,The Live Experience,Tamela Mann,2007,2000s,Gospel,https://cdn-images.dzcdn.net/images/cover/8d867496911d590164454781cd7ae6c8/500x500-000000-80-0-0.jpg
deezer_13408353,Gotta Keep Movin',Tamela Mann,2010,2010s,Gospel,https://cdn-images.dzcdn.net/images/cover/0d799bf8ba3c824498e7d5d9b72fe056/500x500-000000-80-0-0.jpg
deezer_807232641,Father in Heaven (Right Now) (Two Soul Fusion Remixes),BeBe Winans,2025,2020s,Gospel,https://cdn-images.dzcdn.net/images/cover/a99215bfd71fdcfbb701d808e7bc0d26/500x500-000000-80-0-0.jpg
deezer_106843282,Need You,BeBe Winans,2019,2010s,Gospel,https://cdn-images.dzcdn.net/images/cover/433a0871bf5edb98197ed03275e55703/500x500-000000-80-0-0.jpg
deezer_102992452,Gospel Goes Classical Present BeBe Winans and Denyce Graves Recorded Live in Orlando (Live),BeBe Winans,2019,2010s,Gospel,https://cdn-images.dzcdn.net/images/cover/c84115de4b86830042e8e2effb810760/500x500-000000-80-0-0.jpg
deezer_69578882,"He Promised Me (feat. Tobbi, Tommi & Kiandra Richardson) [Remixes]",BeBe Winans,2018,2010s,Gospel,https://cdn-images.dzcdn.net/images/cover/f3037edf6cc46a4377e4ed8e5de975f4/500x500-000000-80-0-0.jpg
deezer_320933367,America America,BeBe Winans,2012,2010s,Gospel,https://cdn-images.dzcdn.net/images/cover/da3f659227b88c8cc0f40e58f84ac813/500x500-000000-80-0-0.jpg
deezer_6463081,Cherch,BeBe Winans,2007,2000s,Gospel,https://cdn-images.dzcdn.net/images/cover/4622f7219d9d5253e6e34505a0cbdfa5/500x500-000000-80-0-0.jpg
deezer_321123657,Dream,BeBe Winans,2009,2000s,Gospel,https://cdn-images.dzcdn.net/images/cover/226e378e28d019dd611ffd4358387f62/500x500-000000-80-0-0.jpg
deezer_186080912,My Christmas Prayer (Remastered),BeBe Winans,2009,2000s,Gospel,https://cdn-images.dzcdn.net/images/cover/bef32483a70117cf729f60742f3fc5e3/500x500-000000-80-0-0.jpg
deezer_239801,Live Up & Close,BeBe Winans,2002,2000s,Gospel,https://cdn-images.dzcdn.net/images/cover/109370d21ab11fae27b795df090bb437/500x500-000000-80-0-0.jpg
deezer_239391,Love And Freedom,BeBe Winans,2009,2000s,Gospel,https://cdn-images.dzcdn.net/images/cover/3dba8bbaf20bccef39132a87f122708f/500x500-000000-80-0-0.jpg
deezer_344643,Thank You,BeBe Winans,1998,1990s,Gospel,https://cdn-images.dzcdn.net/images/cover/9d3b33dfa0f1d1c520fa32abbd18b37f/500x500-000000-80-0-0.jpg
deezer_678975,Bebe Winans,BeBe Winans,1997,1990s,Gospel,https://cdn-images.dzcdn.net/images/cover/e20e8f9a2f49855617888564a2fd4369/500x500-000000-80-0-0.jpg
deezer_635584141,Then and Now (Live),Marvin Sapp,2024,2020s,Gospel,https://cdn-images.dzcdn.net/images/cover/e7dbedcd4fefb2ee3436a9a085b2442f/500x500-000000-80-0-0.jpg
deezer_308332787,Substance,Marvin Sapp,2022,2020s,Gospel,https://cdn-images.dzcdn.net/images/cover/35b79ac11e909b3720b9b7c0d864107c/500x500-000000-80-0-0.jpg
deezer_166972032,Chosen Vessel,Marvin Sapp,2020,2020s,Gospel,https://cdn-images.dzcdn.net/images/cover/5c80a2f2be65ed7ac31118c6c32eaf4f/500x500-000000-80-0-0.jpg
deezer_47133632,Close,Marvin Sapp,2017,2010s,Gospel,https://cdn-images.dzcdn.net/images/cover/da4daee2998ba62d4706755ee8c7ffab/500x500-000000-80-0-0.jpg
deezer_10212694,You Shall Live,Marvin Sapp,2015,2010s,Gospel,https://cdn-images.dzcdn.net/images/cover/a1edd47036449b8aa07ba0e0bf69b09d/500x500-000000-80-0-0.jpg
deezer_7026520,Christmas Card,Marvin Sapp,2013,2010s,Gospel,https://cdn-images.dzcdn.net/images/cover/90b057a908b80bd425481762a403ae09/500x500-000000-80-0-0.jpg
deezer_1586970,I Win,Marvin Sapp,2012,2010s,Gospel,https://cdn-images.dzcdn.net/images/cover/91581d12fe5f521558ee78599ba55f8e/500x500-000000-80-0-0.jpg
deezer_14308316,Beginnings,Marvin Sapp,2011,2010s,Gospel,https://cdn-images.dzcdn.net/images/cover/04792da96ebced7e4b87cb0c557ff1c8/500x500-000000-80-0-0.jpg
deezer_1442234,Here I Am,Marvin Sapp,2010,2010s,Gospel,https://cdn-images.dzcdn.net/images/cover/a9f4d6d72b05231a29bcfe0aab2bc22c/500x500-000000-80-0-0.jpg
deezer_8256164,Playlist: The Very Best Of Marvin Sapp,Marvin Sapp,2012,2010s,Gospel,https://cdn-images.dzcdn.net/images/cover/26590ac79c250c1af48aa898b2cb7613/500x500-000000-80-0-0.jpg
deezer_1209531,Thirsty,Marvin Sapp,2007,2000s,Gospel,https://cdn-images.dzcdn.net/images/cover/8e1a2bc02611b29982aab97c0719cac0/500x500-000000-80-0-0.jpg
deezer_1210989,Diary Of A Psalmist,Marvin Sapp,2003,2000s,Gospel,https://cdn-images.dzcdn.net/images/cover/d58c99a30255e798df7d8907ce7fa6f8/500x500-000000-80-0-0.jpg
deezer_1421988,I Believe,Marvin Sapp,2007,2000s,Gospel,https://cdn-images.dzcdn.net/images/cover/b9bd293067871d6e3383c3a33cead799/500x500-000000-80-0-0.jpg
deezer_1211330,Be Exalted,Marvin Sapp,2000,2000s,Gospel,https://cdn-images.dzcdn.net/images/cover/f71ca629f9c379dfdebe90aecb0a8385/500x500-000000-80-0-0.jpg
deezer_14308586,Nothing Else Matters,Marvin Sapp,1999,1990s,Gospel,https://cdn-images.dzcdn.net/images/cover/599002a0ed04d0aa1eb1d136a2d90996/500x500-000000-80-0-0.jpg
deezer_14308574,Grace and Mercy,Marvin Sapp,1997,1990s,Gospel,https://cdn-images.dzcdn.net/images/cover/20167c6ea4dea7b0ed8220c27c3772a4/500x500-000000-80-0-0.jpg
deezer_14308942,Marvin Sapp,Marvin Sapp,1995,1990s,Gospel,https://cdn-images.dzcdn.net/images/cover/dffdd56e25695f85cdd9a86d8df5608c/500x500-000000-80-0-0.jpg
deezer_534425082,Live in New Orleans,The Blind Boys of Alabama,2009,2000s,Gospel,https://cdn-images.dzcdn.net/images/cover/9b8292cbe331f547ca2e9689981544c7/500x500-000000-80-0-0.jpg
deezer_440643647,Echoes of the South,The Blind Boys of Alabama,2023,2020s,Gospel,https://cdn-images.dzcdn.net/images/cover/a99106809031ba11d26f15cfec462983/500x500-000000-80-0-0.jpg
deezer_58605302,Fresh Takes,The Blind Boys of Alabama,2018,2010s,Gospel,https://cdn-images.dzcdn.net/images/cover/e7c35bc4e52b9699f364dc9a3b73dd71/500x500-000000-80-0-0.jpg
deezer_185534582,Almost Home,The Blind Boys of Alabama,2020,2020s,Gospel,https://cdn-images.dzcdn.net/images/cover/2e0e8d211c575e9f5f2413226fd35ba9/500x500-000000-80-0-0.jpg
deezer_1347819,Take The High Road,The Blind Boys of Alabama,2011,2010s,Gospel,https://cdn-images.dzcdn.net/images/cover/409e068cc69fe7b89c79e3ac0a789291/500x500-000000-80-0-0.jpg
deezer_1347809,Duets,The Blind Boys of Alabama,2009,2000s,Gospel,https://cdn-images.dzcdn.net/images/cover/6278bc537071e4f4127adabf8b80f608/500x500-000000-80-0-0.jpg
deezer_517011832,Atom Bomb,The Blind Boys of Alabama,2022,2020s,Gospel,https://cdn-images.dzcdn.net/images/cover/f6ba88eed6039572a6a284a4f7400edf/500x500-000000-80-0-0.jpg
deezer_517014832,Go Tell It On The Mountain,The Blind Boys of Alabama,2003,2000s,Gospel,https://cdn-images.dzcdn.net/images/cover/51ed337b7e44aac9373f8dd22bb766ce/500x500-000000-80-0-0.jpg
deezer_517011402,Higher Ground,The Blind Boys of Alabama,2002,2000s,Gospel,https://cdn-images.dzcdn.net/images/cover/ba634c12d9834c4e6a3219515ea3f15c/500x500-000000-80-0-0.jpg
deezer_517013652,Spirit Of The Century,The Blind Boys of Alabama,2001,2000s,Gospel,https://cdn-images.dzcdn.net/images/cover/b1c3a65c5f06abe511661da0f402b6a8/500x500-000000-80-0-0.jpg
deezer_900547832,The Original Blind Boys,The Blind Boys of Alabama,1992,1990s,Gospel,https://cdn-images.dzcdn.net/images/cover/5ad9c9584f5d29d8d22b2bd41e1d7261/500x500-000000-80-0-0.jpg
deezer_906381762,I Found a Friend,The Blind Boys of Alabama,1979,1970s,Gospel,https://cdn-images.dzcdn.net/images/cover/d4bb1b05af81ea4d58b52daa0e9282ff/500x500-000000-80-0-0.jpg
deezer_266177172,The Justice Project (50th Special Anniversary Edition),Sounds of Blackness,2021,2020s,Gospel,https://cdn-images.dzcdn.net/images/cover/f2fadd2e47ff46745eed35d1b99fd640/500x500-000000-80-0-0.jpg
deezer_6456092,"The 3rd Gift - Story, Song & Spirit",Sounds of Blackness,2009,2000s,Gospel,https://cdn-images.dzcdn.net/images/cover/629d348c64eb05fbfb260861848096bc/500x500-000000-80-0-0.jpg
deezer_6250421,Kings & Queens: Message Music From The Movement,Sounds of Blackness,2008,2000s,Gospel,https://cdn-images.dzcdn.net/images/cover/88acdeb29584d157ce234ff3186d7336/500x500-000000-80-0-0.jpg
deezer_819890301,Unity,Sounds of Blackness,2007,2000s,Gospel,https://cdn-images.dzcdn.net/images/cover/059e9242beea09cd1577e2b44a9f71fa/500x500-000000-80-0-0.jpg
deezer_989952,The Night Before Christmas 2,Sounds of Blackness,2004,2000s,Gospel,https://cdn-images.dzcdn.net/images/cover/4dcc7bdb5da9ba21a95ff62e1aea18f7/500x500-000000-80-0-0.jpg
deezer_247627,The Very Best Of Sounds Of Blackness & Ann Nesby,Sounds of Blackness,2001,2000s,Gospel,https://cdn-images.dzcdn.net/images/cover/2f02fc3865d25261afd67f1344d66991/500x500-000000-80-0-0.jpg
deezer_2378521,Time For Healing,Sounds of Blackness,2008,2000s,Gospel,https://cdn-images.dzcdn.net/images/cover/f26878351d497fa400c7118c88c6ad26/500x500-000000-80-0-0.jpg
deezer_11038866,Everything Is Gonna Be Alright,Sounds of Blackness,2015,2010s,Gospel,https://cdn-images.dzcdn.net/images/cover/19945e7eef71eddf49e4302181da2473/500x500-000000-80-0-0.jpg
deezer_518552542,Africa To America: The Journey Of The Drum,Sounds of Blackness,2023,2020s,Gospel,https://cdn-images.dzcdn.net/images/cover/882a32ca3f9c8cdbbddd70fdf9191df1/500x500-000000-80-0-0.jpg
deezer_320958867,The Night Before Christmas - A Musical Fantasy,Sounds of Blackness,2008,2000s,Gospel,https://cdn-images.dzcdn.net/images/cover/25189a09b859ff8f97a6c18be30aebe6/500x500-000000-80-0-0.jpg
deezer_321096177,Evolution Of Gospel,Sounds of Blackness,2013,2010s,Gospel,https://cdn-images.dzcdn.net/images/cover/125790c5d472e6e3fc6671efd628bfa0/500x500-000000-80-0-0.jpg
deezer_951126861,Iconic Soundtracks: Cinematic Moments,Ennio Morricone,2026,2020s,Soundtracks,https://cdn-images.dzcdn.net/images/cover/0d8f9f29e9bb211ab3cd8933783a45e1/500x500-000000-80-0-0.jpg
deezer_870981612,Gott Mit Uns - Dio e' con noi (Original Motion Picture Soundtrack) (Expanded Edition),Ennio Morricone,2026,2020s,Soundtracks,https://cdn-images.dzcdn.net/images/cover/a7e5e4368a2ceb18505ece907f0b931f/500x500-000000-80-0-0.jpg
deezer_870976722,Revolver (Original Motion Picture Soundtrack) (Expanded Edition),Ennio Morricone,2026,2020s,Soundtracks,https://cdn-images.dzcdn.net/images/cover/e7a584a8a9750b2edcdbe62b8c9ef9ef/500x500-000000-80-0-0.jpg
deezer_861115842,Maddalena (Original Motion Picture Soundtrack) (Expanded Edition),Ennio Morricone,2025,2020s,Soundtracks,https://cdn-images.dzcdn.net/images/cover/54132b4882ff3740c7b8cb26c422a07f/500x500-000000-80-0-0.jpg
deezer_799679361,L'Anticristo (Original Motion Picture Soundtrack),Ennio Morricone,2025,2020s,Soundtracks,https://cdn-images.dzcdn.net/images/cover/73663a2aff75ed23d9413e1911f358cb/500x500-000000-80-0-0.jpg
deezer_809238291,"""Lento"" - Relaxing Piano",Ennio Morricone,2025,2020s,Soundtracks,https://cdn-images.dzcdn.net/images/cover/82512d82a8a0fedc823494fc1fef4e8a/500x500-000000-80-0-0.jpg
deezer_815304811,Gli intoccabili - Machine Gun McCain (Original Motion Picture Soundtrack) (Expanded Edition),Ennio Morricone,2025,2020s,Soundtracks,https://cdn-images.dzcdn.net/images/cover/19ee267c9e62b2487ba08cc2b72f8ed8/500x500-000000-80-0-0.jpg
deezer_809203681,"""Sorrowful Reverie"" - Focus & Concentration",Ennio Morricone,2025,2020s,Soundtracks,https://cdn-images.dzcdn.net/images/cover/ea5c8b6223e901dac6e8e670d39d986c/500x500-000000-80-0-0.jpg
deezer_785866141,Il pentito - The Repenter (Original Motion Picture Soundtrack) (Expanded Edition),Ennio Morricone,2007,2000s,Soundtracks,https://cdn-images.dzcdn.net/images/cover/8f801e67c2e551581c790307a17a798f/500x500-000000-80-0-0.jpg
deezer_785864401,Il Serpente - Night Flight to Moscow (Original Motion Picture Soundtrack) (Expanded Edition),Ennio Morricone,2025,2020s,Soundtracks,https://cdn-images.dzcdn.net/images/cover/8cc9f11ced1dd6058d2eeaf365c36803/500x500-000000-80-0-0.jpg
deezer_785864421,Queimada - Burn! (Original Motion Picture Soundtrack) (Expanded Edition),Ennio Morricone,2025,2020s,Soundtracks,https://cdn-images.dzcdn.net/images/cover/f04ec84399b260660cf6ab2eae242bfe/500x500-000000-80-0-0.jpg
deezer_785864411,L'attentato - The French Conspiracy (Original Motion Picture Soundtrack) (Expanded Edition),Ennio Morricone,2025,2020s,Soundtracks,https://cdn-images.dzcdn.net/images/cover/0404e586ae9e53870b077c336644f07e/500x500-000000-80-0-0.jpg
deezer_785862341,Che c'entriamo noi con la Rivoluzione (Original Motion Picture Soundtrack) (Expanded Edition),Ennio Morricone,2010,2010s,Soundtracks,https://cdn-images.dzcdn.net/images/cover/2b8b2a7112ca6f10976644390e36ddc7/500x500-000000-80-0-0.jpg
deezer_785862301,La cugina (Original Motion Picture Soundtrack) (Expanded Edition),Ennio Morricone,2025,2020s,Soundtracks,https://cdn-images.dzcdn.net/images/cover/d3bd8e3ec21b4b476cb9ce12c0b90e3f/500x500-000000-80-0-0.jpg
deezer_775085091,OK Connery: Operation Kid Brother (Original Motion Picture Soundtrack),Ennio Morricone,2025,2020s,Soundtracks,https://cdn-images.dzcdn.net/images/cover/2f1b2347e38d276b18dfaba014ce4d0d/500x500-000000-80-0-0.jpg
deezer_646044611,Il prefetto di ferro - The Iron Prefect (Original Motion Picture Soundtrack),Ennio Morricone,2024,2020s,Soundtracks,https://cdn-images.dzcdn.net/images/cover/54e4de04cd06f975fe422b6baff00e7d/500x500-000000-80-0-0.jpg
deezer_269137402,Ennio Morricone Remixes (2021 Remastered Version),Ennio Morricone,2021,2020s,Soundtracks,https://cdn-images.dzcdn.net/images/cover/46841ee6dcb04b2c6d9c6ba8c0116d4f/500x500-000000-80-0-0.jpg
deezer_270513102,IL VOLO SINGS MORRICONE,Ennio Morricone,2021,2020s,Soundtracks,https://cdn-images.dzcdn.net/images/cover/5f11ed249709575a2789a5a7c61a50ea/500x500-000000-80-0-0.jpg
deezer_14521126,Morricone 60,Ennio Morricone,2016,2010s,Soundtracks,https://cdn-images.dzcdn.net/images/cover/d9e941ae45022fdf0edf6d5022e8a923/500x500-000000-80-0-0.jpg
deezer_12133320,Correspondence (La corrispondenza) [Original Soundtrack],Ennio Morricone,2016,2010s,Soundtracks,https://cdn-images.dzcdn.net/images/cover/f803ab4d008c84fe9d4d2601758909f1/500x500-000000-80-0-0.jpg
deezer_9778184,Il Serpente - The Serpent - Night Flight from Moscow (Original Motion Picture Soundtrack),Ennio Morricone,2015,2010s,Soundtracks,https://cdn-images.dzcdn.net/images/cover/9e24539ba14d224b4a9e7ead1565de11/500x500-000000-80-0-0.jpg
deezer_9104269,Ruba al prossimo tuo - A Fine Pair (Original Motion Picture Soundtrack),Ennio Morricone,2008,2000s,Soundtracks,https://cdn-images.dzcdn.net/images/cover/ed75c6b15e0682f22ca8a266b4249eab/500x500-000000-80-0-0.jpg
deezer_9104273,I as In Icarus (Original Motion Pictures Soundtrack),Ennio Morricone,2013,2010s,Soundtracks,https://cdn-images.dzcdn.net/images/cover/0de13531c1005788267a8f13e18091da/500x500-000000-80-0-0.jpg
deezer_9104275,Drammi Gotici - Gothic Dramas (Original Motion Picture Soundtrack),Ennio Morricone,2014,2010s,Soundtracks,https://cdn-images.dzcdn.net/images/cover/2f1f45d14558000d1b96786cd23924ed/500x500-000000-80-0-0.jpg
deezer_9104279,Gioco senza fine - The Endless Game (Original Motion Picture Soundtrack),Ennio Morricone,2013,2010s,Soundtracks,https://cdn-images.dzcdn.net/images/cover/03caec8e563c275893123cea9a16a8bb/500x500-000000-80-0-0.jpg
deezer_9104277,Copkiller - Order of Death (Original Motion Picture Soundtrack),Ennio Morricone,2013,2010s,Soundtracks,https://cdn-images.dzcdn.net/images/cover/ba57768b17a0e49600eb35a0b610fe06/500x500-000000-80-0-0.jpg
deezer_6205842,O.S.T. La migliore offerta (The Best Offer),Ennio Morricone,2013,2010s,Soundtracks,https://cdn-images.dzcdn.net/images/cover/2dfa7c952aaf3763cafc9a87cdcb82fc/500x500-000000-80-0-0.jpg
deezer_59467922,La ragion pura - The Sleeping Wife (Original Motion Picture Soundtrack),Ennio Morricone,2018,2010s,Soundtracks,https://cdn-images.dzcdn.net/images/cover/6dc04ec0c775816568027d170dea6a50/500x500-000000-80-0-0.jpg
deezer_12830702,Vamos a matar Companeros (Original Motion Picture Soundtrack) (Remastered),Ennio Morricone,2011,2010s,Soundtracks,https://cdn-images.dzcdn.net/images/cover/8d501ab9e78a5c781a2986a23c1f0cfe/500x500-000000-80-0-0.jpg
deezer_11591120,Quartiere (Original Motion Picture Soundtrack),Ennio Morricone,2011,2010s,Soundtracks,https://cdn-images.dzcdn.net/images/cover/a8a49893f43ca343e07ee66ecbf15f36/500x500-000000-80-0-0.jpg
deezer_13406213,Money: Intrigo in nove mosse (Original Motion Picture Soundtrack),Ennio Morricone,2013,2010s,Soundtracks,https://cdn-images.dzcdn.net/images/cover/82f746b6e76182323f4add9227e1b717/500x500-000000-80-0-0.jpg
deezer_13406217,The Cousin (Original Motion Picture Soundtrack),Ennio Morricone,2011,2010s,Soundtracks,https://cdn-images.dzcdn.net/images/cover/96d27939827bba5bce21fc36fe95b1d5/500x500-000000-80-0-0.jpg
deezer_13406229,Invito Allo Sport (Original Motion Picture Soundtrack),Ennio Morricone,2011,2010s,Soundtracks,https://cdn-images.dzcdn.net/images/cover/2119887836528ca824dc80538ad16714/500x500-000000-80-0-0.jpg
deezer_13436145,Le Due Stagioni Della Vita - The Two Seasons of Life (Original Motion Picture Soundtrack),Ennio Morricone,2011,2010s,Soundtracks,https://cdn-images.dzcdn.net/images/cover/ce742f4e4eea4f499af3af01d6737927/500x500-000000-80-0-0.jpg
deezer_13436099,Bluebeard - Barbablu' (Original Motion Picture Soundtrack),Ennio Morricone,2011,2010s,Soundtracks,https://cdn-images.dzcdn.net/images/cover/2a08a1acb8bab2ee4fc55805bc83a499/500x500-000000-80-0-0.jpg
deezer_1033445,Paradiso,Ennio Morricone,2011,2010s,Soundtracks,https://cdn-images.dzcdn.net/images/cover/5188dcc62fcb36281b03a8cd7f290229/500x500-000000-80-0-0.jpg
deezer_382164207,100 Greatest Western Themes,Ennio Morricone,2022,2020s,Soundtracks,https://cdn-images.dzcdn.net/images/cover/c1e8fee01551f1abcf3e8c96bf90e76a/500x500-000000-80-0-0.jpg
deezer_573783091,Dalle Ardenne all'Inferno (Original Motion Picture Soundtrack),Ennio Morricone,2024,2020s,Soundtracks,https://cdn-images.dzcdn.net/images/cover/d0d32eb5cb5df59c0bb1816721f40e09/500x500-000000-80-0-0.jpg
deezer_71336782,Baaria (Colonna sonora originale del film),Ennio Morricone,2009,2000s,Soundtracks,https://cdn-images.dzcdn.net/images/cover/a2a480e1509885f6ae63effa50f8f7cd/500x500-000000-80-0-0.jpg
deezer_447811665,Risoluzione 819 (colonna sonora del film),Ennio Morricone,2008,2000s,Soundtracks,https://cdn-images.dzcdn.net/images/cover/3e0f1e5054bbb22edeeb39380f9e9d16/500x500-000000-80-0-0.jpg
deezer_14077256,Tutte le donne della mia vita (Original Motion Picture Soundtrack),Ennio Morricone,2007,2000s,Soundtracks,https://cdn-images.dzcdn.net/images/cover/2d486ef96a316a9d8b596cd6aa76906a/500x500-000000-80-0-0.jpg
deezer_108920,Guardians Of The Clouds,Ennio Morricone,2006,2000s,Soundtracks,https://cdn-images.dzcdn.net/images/cover/6cb68a11297f75a5704e03c2c84313bb/500x500-000000-80-0-0.jpg
deezer_71334282,Karol - un Papa rimasto uomo (Colonna sonora originale della serie TV),Ennio Morricone,2006,2000s,Soundtracks,https://cdn-images.dzcdn.net/images/cover/7996c08d224583861619d2baca13012d/500x500-000000-80-0-0.jpg
deezer_463720835,La sconosciuta (colonna sonora del film),Ennio Morricone,2006,2000s,Soundtracks,https://cdn-images.dzcdn.net/images/cover/aacefe5e36f07772ca530dacbdbbbd9c/500x500-000000-80-0-0.jpg
deezer_694358641,E ridendo l'uccise (Original Motion Picture Soundtrack),Ennio Morricone,2025,2020s,Soundtracks,https://cdn-images.dzcdn.net/images/cover/d24f60ab24ac705b2fed55cedcb78f7d/500x500-000000-80-0-0.jpg
deezer_71336662,Karol - un uomo diventato Papa (Colonna sonora originale della serie TV),Ennio Morricone,2005,2000s,Soundtracks,https://cdn-images.dzcdn.net/images/cover/f08153c1af8a73ca0836eb88658b7a47/500x500-000000-80-0-0.jpg
deezer_12830730,Tepepa (Original Motion Picture Soundtrack),Ennio Morricone,2011,2010s,Soundtracks,https://cdn-images.dzcdn.net/images/cover/dbe05b5ea216d738900e282be03646d0/500x500-000000-80-0-0.jpg
deezer_1053814592,John Williams Legacy,John Williams,2026,2020s,Soundtracks,https://cdn-images.dzcdn.net/images/cover/4a161091b59f97ee695ea253ca1aaa18/500x500-000000-80-0-0.jpg
deezer_1041340072,Epic Cinema: Featuring The Music of John Williams,John Williams,2026,2020s,Soundtracks,https://cdn-images.dzcdn.net/images/cover/78479a99a99389bf18adfdefd4797f47/500x500-000000-80-0-0.jpg
deezer_994000431,"John Williams and ""The President's Own"", Vol. 3 (Live)",John Williams,2026,2020s,Soundtracks,https://cdn-images.dzcdn.net/images/cover/cb1c3d86823e21a2c4814ac07bf5c2e9/500x500-000000-80-0-0.jpg
deezer_996125821,Disclosure Day (Original Motion Picture Soundtrack),John Williams,2026,2020s,Soundtracks,https://cdn-images.dzcdn.net/images/cover/0fa86337f703033884c2fdaf38f680f4/500x500-000000-80-0-0.jpg
deezer_987289561,"""Cinema in Bloom: Iconic Soundtracks""",John Williams,2026,2020s,Soundtracks,https://cdn-images.dzcdn.net/images/cover/37019d0b37ad1aa9715f71d08eff051f/500x500-000000-80-0-0.jpg
deezer_954688731,Music of Cinema - Great Soundtracks,John Williams,2026,2020s,Soundtracks,https://cdn-images.dzcdn.net/images/cover/eb5df9403ff48cd59d3e64c06664c808/500x500-000000-80-0-0.jpg
deezer_953569841,Movies & Music - Best Film Soundtracks,John Williams,2026,2020s,Soundtracks,https://cdn-images.dzcdn.net/images/cover/44a193fa541d0e03c64efdd04382b2a4/500x500-000000-80-0-0.jpg
deezer_923655951,"""Cinema Sounds: Film Music""",John Williams,2026,2020s,Soundtracks,https://cdn-images.dzcdn.net/images/cover/072d3e9f3709648d51187b57c6c7ab00/500x500-000000-80-0-0.jpg
deezer_906333112,"""Movie Night: Iconic Soundtracks""",John Williams,2026,2020s,Soundtracks,https://cdn-images.dzcdn.net/images/cover/c92d3831c7cc9295d4710f7170af063b/500x500-000000-80-0-0.jpg
deezer_891880772,Winter Walking: Soundtracks for Cold Days,John Williams,2026,2020s,Soundtracks,https://cdn-images.dzcdn.net/images/cover/14cc449ad8316572c2ad7198231c32e0/500x500-000000-80-0-0.jpg
deezer_858351712,"""Night at the Cinema""",John Williams,2025,2020s,Soundtracks,https://cdn-images.dzcdn.net/images/cover/4b54c193d9068d60227539eee1045b53/500x500-000000-80-0-0.jpg
deezer_850128442,My Cinematic Autumn,John Williams,2025,2020s,Soundtracks,https://cdn-images.dzcdn.net/images/cover/69133284155dceac765d30cebb9dc905/500x500-000000-80-0-0.jpg
deezer_780348051,American Classical Masterpieces,John Williams,2024,2020s,Soundtracks,https://cdn-images.dzcdn.net/images/cover/3f23635c80d73eb5878775e464d591ca/500x500-000000-80-0-0.jpg
deezer_785646331,"""Film Music"" - Classic Movie Themes",John Williams,2025,2020s,Soundtracks,https://cdn-images.dzcdn.net/images/cover/708c928449ef8504f6160be093c25514/500x500-000000-80-0-0.jpg
deezer_782107891,Famous Movie Themes,John Williams,2025,2020s,Soundtracks,https://cdn-images.dzcdn.net/images/cover/18abfcfd392b36f60be3fcc91791ac1c/500x500-000000-80-0-0.jpg
deezer_781776891,Action! - Iconic Soundtracks,John Williams,2025,2020s,Soundtracks,https://cdn-images.dzcdn.net/images/cover/7760270b7b27dcaec5ec8f114f9f84e9/500x500-000000-80-0-0.jpg
deezer_770897831,"""A Cinematic Life: Iconic Soundtracks""",John Williams,2025,2020s,Soundtracks,https://cdn-images.dzcdn.net/images/cover/9d44a37c0146a92498e476934c5160a6/500x500-000000-80-0-0.jpg
deezer_767512041,"""Cinema Club"" - Iconic Soundtracks",John Williams,2025,2020s,Soundtracks,https://cdn-images.dzcdn.net/images/cover/868e73869a949a9ef6d841ca0e095d71/500x500-000000-80-0-0.jpg
deezer_707310701,Film Music of John Williams,John Williams,2025,2020s,Soundtracks,https://cdn-images.dzcdn.net/images/cover/7cf06d6cbfd48f5f83243b342ee9db7c/500x500-000000-80-0-0.jpg
deezer_672947341,John Williams - At the Movies,John Williams,2024,2020s,Soundtracks,https://cdn-images.dzcdn.net/images/cover/67e02f15a3b824754866111571eccfae/500x500-000000-80-0-0.jpg
deezer_777642821,The Essential São Paulo Symphony Orchestra,John Williams,2024,2020s,Soundtracks,https://cdn-images.dzcdn.net/images/cover/fa871cc5219a419965054835ee5390d6/500x500-000000-80-0-0.jpg
deezer_557691652,Award Winning Movie Soundtracks,John Williams,2024,2020s,Soundtracks,https://cdn-images.dzcdn.net/images/cover/e32602c1d7e6fc19f3cbd0eab04ed188/500x500-000000-80-0-0.jpg
deezer_770121761,The Essential Detroit Symphony Orchestra,John Williams,2024,2020s,Soundtracks,https://cdn-images.dzcdn.net/images/cover/e8d65144ef1cc99ae6ad46ded23b65d7/500x500-000000-80-0-0.jpg
deezer_773547341,The Essential Royal Liverpool Philharmonic Orchestra,John Williams,2024,2020s,Soundtracks,https://cdn-images.dzcdn.net/images/cover/bc574dafc9582aaf72d83dbb38cdee20/500x500-000000-80-0-0.jpg
deezer_529936942,The Music of Cinema,John Williams,2024,2020s,Soundtracks,https://cdn-images.dzcdn.net/images/cover/f59f17bb95ab684a994759c5fc8a068b/500x500-000000-80-0-0.jpg
deezer_486526485,"Bach, Bologne, Previn, Vivaldi, Williams",John Williams,2023,2020s,Soundtracks,https://cdn-images.dzcdn.net/images/cover/a34d625e845d05d1d8db84fde6e854fd/500x500-000000-80-0-0.jpg
deezer_509472721,Blockbuster Movie Soundtracks,John Williams,2023,2020s,Soundtracks,https://cdn-images.dzcdn.net/images/cover/3b7523ec5cf77ffd181bd4cd045f5f38/500x500-000000-80-0-0.jpg
deezer_456008595,Indiana Jones and the Dial of Destiny (Original Motion Picture Soundtrack),John Williams,2023,2020s,Soundtracks,https://cdn-images.dzcdn.net/images/cover/0439f6f2b7137b55e0ce5b51156ff95c/500x500-000000-80-0-0.jpg
deezer_397161037,Dudamel Conducts: John Williams Movie Themes,John Williams,2023,2020s,Soundtracks,https://cdn-images.dzcdn.net/images/cover/33a9834c2781bf1fbe3054c5f2b90d3d/500x500-000000-80-0-0.jpg
deezer_392731787,Boston Pops Orchestra: John Williams,John Williams,2023,2020s,Soundtracks,https://cdn-images.dzcdn.net/images/cover/81171dbcfb0a2994dacefe5da51b3a47/500x500-000000-80-0-0.jpg
deezer_376909057,John Williams: Movie Classics,John Williams,2022,2020s,Soundtracks,https://cdn-images.dzcdn.net/images/cover/d54d8d8b18fe560b95c1db3d3be67a30/500x500-000000-80-0-0.jpg
deezer_374729437,John Williams: Movie Time,John Williams,2022,2020s,Soundtracks,https://cdn-images.dzcdn.net/images/cover/98f23a1d7da635a9042b6cbca9f86c1f/500x500-000000-80-0-0.jpg
deezer_370453237,The Fabelmans (Original Motion Picture Soundtrack),John Williams,2022,2020s,Soundtracks,https://cdn-images.dzcdn.net/images/cover/28ddb7487471373244d9d56c402d6052/500x500-000000-80-0-0.jpg
deezer_368460797,Christmas Collection,John Williams,2022,2020s,Soundtracks,https://cdn-images.dzcdn.net/images/cover/f2ca3d871c8de3ac2f2beab88a4a95b4/500x500-000000-80-0-0.jpg
deezer_355096767,John Williams: Innovations,John Williams,2022,2020s,Soundtracks,https://cdn-images.dzcdn.net/images/cover/251bab9452b2a9c9e7983c47b5ae6c7b/500x500-000000-80-0-0.jpg
deezer_341909277,John Williams: Movie Soundtracks,John Williams,2022,2020s,Soundtracks,https://cdn-images.dzcdn.net/images/cover/03a56f21d08c6843eebfb70e64385d15/500x500-000000-80-0-0.jpg
deezer_329730207,Obi-Wan Kenobi (Original Soundtrack),John Williams,2022,2020s,Soundtracks,https://cdn-images.dzcdn.net/images/cover/85fc8dc32daa95dcb58b43d15afeef50/500x500-000000-80-0-0.jpg
deezer_322426777,Williams: Violin Concerto No. 2 & Selected Film Themes,John Williams,2022,2020s,Soundtracks,https://cdn-images.dzcdn.net/images/cover/9ecf2b84759395ccb0d5dc340eaffd83/500x500-000000-80-0-0.jpg
deezer_291213152,John Williams: The Berlin Concert,John Williams,2022,2020s,Soundtracks,https://cdn-images.dzcdn.net/images/cover/28040b3a34c53eac62636bf297c2e2cd/500x500-000000-80-0-0.jpg
deezer_264864342,The World of John Williams,John Williams,2021,2020s,Soundtracks,https://cdn-images.dzcdn.net/images/cover/2171aaa889ac5859bafa72de14738bf4/500x500-000000-80-0-0.jpg
deezer_252658522,John Williams Study,John Williams,2021,2020s,Soundtracks,https://cdn-images.dzcdn.net/images/cover/eb1cffae8d5ea984f5129dd8623e7673/500x500-000000-80-0-0.jpg
deezer_229107272,John Williams: Music from Star Wars - and more...,John Williams,2021,2020s,Soundtracks,https://cdn-images.dzcdn.net/images/cover/81d974a58f5a152f81dc8fff5fee74f3/500x500-000000-80-0-0.jpg
deezer_973294671,"John Williams and ""The President's Own"", Vols. 1 & 2 (Live)",John Williams,2026,2020s,Soundtracks,https://cdn-images.dzcdn.net/images/cover/8892d9cee3bea47c15cb9d16f491b771/500x500-000000-80-0-0.jpg
deezer_189268652,John Williams - Film Scores,John Williams,2020,2020s,Soundtracks,https://cdn-images.dzcdn.net/images/cover/db4e25ed740b674bea732e5c8ba48ab1/500x500-000000-80-0-0.jpg
deezer_165991592,John Williams in Vienna,John Williams,2020,2020s,Soundtracks,https://cdn-images.dzcdn.net/images/cover/8e55b3526d7fbc4007ded792c34c8e66/500x500-000000-80-0-0.jpg
deezer_122987032,Star Wars: The Rise of Skywalker (Original Motion Picture Soundtrack),John Williams,2019,2010s,Soundtracks,https://cdn-images.dzcdn.net/images/cover/2ad705142df21ab7bb3d15e28e4c460f/500x500-000000-80-0-0.jpg
deezer_112133222,Across The Stars (Deluxe Edition),John Williams,2019,2010s,Soundtracks,https://cdn-images.dzcdn.net/images/cover/33afbcd5fba0408d1172271893450bf1/500x500-000000-80-0-0.jpg
deezer_1050751102,Prehistoric Planet: Ice Age (Apple Original Series Soundtrack),Hans Zimmer,2026,2020s,Soundtracks,https://cdn-images.dzcdn.net/images/cover/27e2717f3b42eac679d6a3cff52eedf9/500x500-000000-80-0-0.jpg
deezer_1053816552,LION (Original Series Soundtrack),Hans Zimmer,2026,2020s,Soundtracks,https://cdn-images.dzcdn.net/images/cover/89fae3fc581e4b3eae66b6fc55e493d4/500x500-000000-80-0-0.jpg
deezer_988261771,Euphoria: Season 3 (HBO Original Series Soundtrack),Hans Zimmer,2026,2020s,Soundtracks,https://cdn-images.dzcdn.net/images/cover/99006c46b0d73b75010bb0724d363af0/500x500-000000-80-0-0.jpg
deezer_868648972,Black Gold (Music from the Original TV Series),Hans Zimmer,2025,2020s,Soundtracks,https://cdn-images.dzcdn.net/images/cover/475a0621cc6b4775a3096c808b502c9c/500x500-000000-80-0-0.jpg
deezer_870710542,Ella McCay (Original Motion Picture Soundtrack),Hans Zimmer,2025,2020s,Soundtracks,https://cdn-images.dzcdn.net/images/cover/0c9fe39b9ffc93f9ac20e899c7f627dc/500x500-000000-80-0-0.jpg
deezer_830159941,Eden (Original Motion Picture Soundtrack),Hans Zimmer,2025,2020s,Soundtracks,https://cdn-images.dzcdn.net/images/cover/61954acf334c02e32b2629afeed9ffd2/500x500-000000-80-0-0.jpg
deezer_792550371,Chief of War (Apple TV+ Original Series Soundtrack),Hans Zimmer,2025,2020s,Soundtracks,https://cdn-images.dzcdn.net/images/cover/11874ecf434eb466a88029862715195e/500x500-000000-80-0-0.jpg
deezer_781440121,F1® The Movie (Original Score By Hans Zimmer),Hans Zimmer,2025,2020s,Soundtracks,https://cdn-images.dzcdn.net/images/cover/71e725a9b21dcec7280f94c79e768115/500x500-000000-80-0-0.jpg
deezer_779244291,F1 The Album (Cinematic Edition),Hans Zimmer,2025,2020s,Soundtracks,https://cdn-images.dzcdn.net/images/cover/04fc92712f724ceb3aef570fa09fed48/500x500-000000-80-0-0.jpg
deezer_767346271,Live - Best Of,Hans Zimmer,2025,2020s,Soundtracks,https://cdn-images.dzcdn.net/images/cover/34321967268bdd9d966ec75e5a7b2b9b/500x500-000000-80-0-0.jpg
deezer_729025291,The Americas (Music from the Original Series),Hans Zimmer,2025,2020s,Soundtracks,https://cdn-images.dzcdn.net/images/cover/dcaa3dbfb63ca9e813fe55c68c913ed0/500x500-000000-80-0-0.jpg
deezer_668723011,The World of Hans Zimmer - Part II: A New Dimension,Hans Zimmer,2025,2020s,Soundtracks,https://cdn-images.dzcdn.net/images/cover/162023cc6c40e0308fea9f980bdffe62/500x500-000000-80-0-0.jpg
deezer_914685081,Fateh Original Motion Picture Soundtrack,Hans Zimmer,2024,2020s,Soundtracks,https://cdn-images.dzcdn.net/images/cover/a02e7c22c0c1460196ee80ef7982b0a2/500x500-000000-80-0-0.jpg
deezer_651646731,Dragon Age: The Veilguard (Original Soundtrack),Hans Zimmer,2024,2020s,Soundtracks,https://cdn-images.dzcdn.net/images/cover/ee47b9d3d53873f0dfb734987349ef3b/500x500-000000-80-0-0.jpg
deezer_634387381,Twilight of the Gods (Soundtrack from the Netflix Series),Hans Zimmer,2024,2020s,Soundtracks,https://cdn-images.dzcdn.net/images/cover/a6484c44df0924047cb93d939de84363/500x500-000000-80-0-0.jpg
deezer_577816881,The Tattooist of Auschwitz (Original Series Soundtrack),Hans Zimmer,2024,2020s,Soundtracks,https://cdn-images.dzcdn.net/images/cover/2d2c19f7f46db27376572c1dc0ba6f29/500x500-000000-80-0-0.jpg
deezer_551517232,Kung Fu Panda 4 (Original Motion Picture Soundtrack),Hans Zimmer,2024,2020s,Soundtracks,https://cdn-images.dzcdn.net/images/cover/941ac84d7a86efd76114fd42653cc040/500x500-000000-80-0-0.jpg
deezer_550485632,Dune: Part Two (Original Motion Picture Soundtrack),Hans Zimmer,2024,2020s,Soundtracks,https://cdn-images.dzcdn.net/images/cover/744c9e87c3b0365df4a9553f69d54d51/500x500-000000-80-0-0.jpg
deezer_805130061,Planet Earth III (Original Television Soundtrack),Hans Zimmer,2023,2020s,Soundtracks,https://cdn-images.dzcdn.net/images/cover/bcd66750dece08e6df7d1c1e998729dd/500x500-000000-80-0-0.jpg
deezer_491145795,The Creator (Original Motion Picture Soundtrack),Hans Zimmer,2023,2020s,Soundtracks,https://cdn-images.dzcdn.net/images/cover/73e21aee0b2ee906fd0e6cada307d4c0/500x500-000000-80-0-0.jpg
deezer_438062407,Prehistoric Planet: Season 2 (Apple TV+ Original Series Soundtrack),Hans Zimmer,2023,2020s,Soundtracks,https://cdn-images.dzcdn.net/images/cover/591b2f4a9e99b7757d2cb88c2b2d04ea/500x500-000000-80-0-0.jpg
deezer_414984967,La Nuit où Laurier Gaudreault s'est réveillé (Bande originale de la série),Hans Zimmer,2023,2020s,Soundtracks,https://cdn-images.dzcdn.net/images/cover/9c9f58da7dc86498654cef25aabb289b/500x500-000000-80-0-0.jpg
deezer_414984977,The Night Logan Woke Up (Original Series Soundtrack),Hans Zimmer,2023,2020s,Soundtracks,https://cdn-images.dzcdn.net/images/cover/d928b25314b6ff084e1f55235fb0eed5/500x500-000000-80-0-0.jpg
deezer_405840437,LIVE,Hans Zimmer,2023,2020s,Soundtracks,https://cdn-images.dzcdn.net/images/cover/8339e114d1ee1925c66cdf8d442574af/500x500-000000-80-0-0.jpg
deezer_370118347,The Son (Original Motion Picture Soundtrack),Hans Zimmer,2022,2020s,Soundtracks,https://cdn-images.dzcdn.net/images/cover/605c0caffdfa6c5a53160b63fb63c1b9/500x500-000000-80-0-0.jpg
deezer_805076761,Frozen Planet II (Original Television Soundtrack),Hans Zimmer,2022,2020s,Soundtracks,https://cdn-images.dzcdn.net/images/cover/a5aea768f3ad6f1fead460a67d2be8a4/500x500-000000-80-0-0.jpg
deezer_327260927,Prehistoric Planet: Season 1 (Apple TV+ Original Series Soundtrack),Hans Zimmer,2022,2020s,Soundtracks,https://cdn-images.dzcdn.net/images/cover/ddf331878914a188940b50085e1f9c0f/500x500-000000-80-0-0.jpg
deezer_321440247,Top Gun: Maverick (Music From The Motion Picture),Hans Zimmer,2022,2020s,Soundtracks,https://cdn-images.dzcdn.net/images/cover/c86f870a3ea8782da239a9dd10315cdc/500x500-000000-80-0-0.jpg
deezer_310149207,The Survivor (Original Motion Picture Soundtrack),Hans Zimmer,2022,2020s,Soundtracks,https://cdn-images.dzcdn.net/images/cover/c7e06587147eef96a4e4b034b6f97cb0/500x500-000000-80-0-0.jpg
deezer_290716642,Around The World In 80 Days (Music From The Original TV Series),Hans Zimmer,2022,2020s,Soundtracks,https://cdn-images.dzcdn.net/images/cover/b7128f27da74e554fc8697800a6ad9ea/500x500-000000-80-0-0.jpg
deezer_277174682,The Unforgivable (Soundtrack from the Netflix Film),Hans Zimmer,2021,2020s,Soundtracks,https://cdn-images.dzcdn.net/images/cover/cc825137719c2d123d446f4e34ee5e2e/500x500-000000-80-0-0.jpg
deezer_345152247,Terminal Exposure: Original Motion Picture Soundtrack,Hans Zimmer,2022,2020s,Soundtracks,https://cdn-images.dzcdn.net/images/cover/1c9c0fb3daa03370453c8a3a9b1cc5fd/500x500-000000-80-0-0.jpg
deezer_270497082,Army of Thieves (Soundtrack from the Netflix Film),Hans Zimmer,2021,2020s,Soundtracks,https://cdn-images.dzcdn.net/images/cover/8e6ca00df508186965c683898e5d119e/500x500-000000-80-0-0.jpg
deezer_263168342,The Art and Soul of Dune (Companion Book Music),Hans Zimmer,2021,2020s,Soundtracks,https://cdn-images.dzcdn.net/images/cover/950b1312d034a47e58dfdc8b7c153eed/500x500-000000-80-0-0.jpg
deezer_389014427,The Zero Boys: Original Motion Picture Soundtrack,Hans Zimmer,2022,2020s,Soundtracks,https://cdn-images.dzcdn.net/images/cover/84055c44f521eac021d3b712d6b2fea6/500x500-000000-80-0-0.jpg
deezer_261061602,No Time To Die (Original Motion Picture Soundtrack),Hans Zimmer,2021,2020s,Soundtracks,https://cdn-images.dzcdn.net/images/cover/9868e2fa902a00441cb44ba54daeab3a/500x500-000000-80-0-0.jpg
deezer_250274412,The Dune Sketchbook (Music from the Soundtrack),Hans Zimmer,2021,2020s,Soundtracks,https://cdn-images.dzcdn.net/images/cover/98d450ffe4da77ae047846b114675041/500x500-000000-80-0-0.jpg
deezer_307042927,The Wind: Original Motion Picture Soundtrack,Hans Zimmer,2022,2020s,Soundtracks,https://cdn-images.dzcdn.net/images/cover/f8f0a6fe4a742c45a0b4d76ceb108f36/500x500-000000-80-0-0.jpg
deezer_236644652,The Boss Baby: Family Business (Original Motion Picture Soundtrack),Hans Zimmer,2021,2020s,Soundtracks,https://cdn-images.dzcdn.net/images/cover/e3765440ee1c61c82106224cad298908/500x500-000000-80-0-0.jpg
deezer_221704662,The SpongeBob Movie: Sponge on the Run (Music from the Motion Picture),Hans Zimmer,2021,2020s,Soundtracks,https://cdn-images.dzcdn.net/images/cover/8666f9c62f7e8b613d7271c282dd130b/500x500-000000-80-0-0.jpg
deezer_205079592,Wonder Woman 1984 (Sketches from the Soundtrack),Hans Zimmer,2021,2020s,Soundtracks,https://cdn-images.dzcdn.net/images/cover/dd77a0ea837ab107018ca55b1d8fc02e/500x500-000000-80-0-0.jpg
deezer_192984702,Wonder Woman 1984 (Original Motion Picture Soundtrack),Hans Zimmer,2020,2020s,Soundtracks,https://cdn-images.dzcdn.net/images/cover/332643e03b484dbc780829341a7decfa/500x500-000000-80-0-0.jpg
deezer_183835042,Hillbilly Elegy (Music from the Netflix Film),Hans Zimmer,2020,2020s,Soundtracks,https://cdn-images.dzcdn.net/images/cover/0f3007592211e0dd6f07c1b23c0ae220/500x500-000000-80-0-0.jpg
deezer_182383412,Rebuilding Paradise (Original Motion Picture Soundtrack),Hans Zimmer,2020,2020s,Soundtracks,https://cdn-images.dzcdn.net/images/cover/4ac67edc962ddfd232e136db21c5d716/500x500-000000-80-0-0.jpg
deezer_804343351,Seven Worlds One Planet (Original Television Soundtrack) (Expanded Edition),Hans Zimmer,2020,2020s,Soundtracks,https://cdn-images.dzcdn.net/images/cover/7ce5866b872947ae4c7f6746e1671c04/500x500-000000-80-0-0.jpg
deezer_147689392,Xperiments from Dark Phoenix (Original Score),Hans Zimmer,2019,2010s,Soundtracks,https://cdn-images.dzcdn.net/images/cover/7c2e1c2e1b00c39dae13e1de3cefd03f/500x500-000000-80-0-0.jpg
deezer_145933442,Dark Phoenix (Original Motion Picture Soundtrack),Hans Zimmer,2019,2010s,Soundtracks,https://cdn-images.dzcdn.net/images/cover/76c34f3aa383b1195d08b1463af0288c/500x500-000000-80-0-0.jpg
deezer_743797891,The Shrouds (Original Motion Picture Soundtrack),Howard Shore,2025,2020s,Soundtracks,https://cdn-images.dzcdn.net/images/cover/8ec2425277cdaf4cc2a666e6e0fc2632/500x500-000000-80-0-0.jpg
deezer_664005271,Howard Shore: Anthology – The Paris Concerts,Howard Shore,2025,2020s,Soundtracks,https://cdn-images.dzcdn.net/images/cover/142e6e298a9e4ee2babab1152c83f96f/500x500-000000-80-0-0.jpg
deezer_708239221,Cinéma - Soundtrack Masters,Howard Shore,2025,2020s,Soundtracks,https://cdn-images.dzcdn.net/images/cover/f07d058f17e212057abf0c36506042cc/500x500-000000-80-0-0.jpg
deezer_650199061,Sound of Cinema Vol. II,Howard Shore,2024,2020s,Soundtracks,https://cdn-images.dzcdn.net/images/cover/658ff057afa518f2f11bd5ba6d595933/500x500-000000-80-0-0.jpg
deezer_632821811,Cinematic Sunset: Film Music,Howard Shore,2024,2020s,Soundtracks,https://cdn-images.dzcdn.net/images/cover/9b35340d1563846a4f5c19d9a0c40d48/500x500-000000-80-0-0.jpg
deezer_532476392,Winter Landscapes - Great Soundtracks,Howard Shore,2024,2020s,Soundtracks,https://cdn-images.dzcdn.net/images/cover/44784f33c583ff1b6880e97d6a3c47cb/500x500-000000-80-0-0.jpg
deezer_444558425,Fire With Fire (Music from the Motion Picture),Howard Shore,2023,2020s,Soundtracks,https://cdn-images.dzcdn.net/images/cover/ed6643c71ece7d15a94ef36dc0d829f5/500x500-000000-80-0-0.jpg
deezer_401324327,The City of Prague Philharmonic Orchestra Plays Music from The Lord of the Rings,Howard Shore,2023,2020s,Soundtracks,https://cdn-images.dzcdn.net/images/cover/d803008b60a9195032d8f4cac43231c3/500x500-000000-80-0-0.jpg
deezer_375825207,The Pale Blue Eye (Soundtrack from the Netflix Film),Howard Shore,2022,2020s,Soundtracks,https://cdn-images.dzcdn.net/images/cover/04a517691a12d24e97835004e48f30b4/500x500-000000-80-0-0.jpg
deezer_324239677,Crimes of the Future (Original Motion Picture Soundtrack),Howard Shore,2022,2020s,Soundtracks,https://cdn-images.dzcdn.net/images/cover/2a459ea4ad630e6e1110eea4ec94e455/500x500-000000-80-0-0.jpg
deezer_196866122,Pieces Of A Woman (Music From The Netflix Film),Howard Shore,2021,2020s,Soundtracks,https://cdn-images.dzcdn.net/images/cover/87c5240cbda1c8f2b09bae209ddcad57/500x500-000000-80-0-0.jpg
deezer_189143232,Funny Boy (Original Motion Picture Soundtrack),Howard Shore,2020,2020s,Soundtracks,https://cdn-images.dzcdn.net/images/cover/145df5f730202a5b9f1b94a267b7020f/500x500-000000-80-0-0.jpg
deezer_171998872,21st Century Cinema,Howard Shore,2020,2020s,Soundtracks,https://cdn-images.dzcdn.net/images/cover/24e23a8f7257df78d7162d2cf9b6f229/500x500-000000-80-0-0.jpg
deezer_122161642,The Song of Names (Original Motion Picture Soundtrack),Howard Shore,2019,2010s,Soundtracks,https://cdn-images.dzcdn.net/images/cover/44b5bb169f6c042515d4327387fb40eb/500x500-000000-80-0-0.jpg
deezer_382174567,The Complete Hobbit & Lord of the Rings Film Music Collection,Howard Shore,2022,2020s,Soundtracks,https://cdn-images.dzcdn.net/images/cover/3c8600fad9fdbbbc02dca3a62554b9e6/500x500-000000-80-0-0.jpg
deezer_90102742,The Hobbit: The Battle of the Five Armies (Original Motion Picture Soundtrack) (Special Edition),Howard Shore,2014,2010s,Soundtracks,https://cdn-images.dzcdn.net/images/cover/532872b87e89332ae093d3349a6d0bab/500x500-000000-80-0-0.jpg
deezer_90187572,The Hobbit: The Battle of the Five Armies (Original Motion Picture Soundtrack),Howard Shore,2014,2010s,Soundtracks,https://cdn-images.dzcdn.net/images/cover/98f69f5d460baff29ca7a3ba0e26de5f/500x500-000000-80-0-0.jpg
deezer_90104532,The Hobbit: The Desolation of Smaug (Original Motion Picture Soundtrack),Howard Shore,2013,2010s,Soundtracks,https://cdn-images.dzcdn.net/images/cover/102a1fd1ee38ab2b84abfa67741f8e6e/500x500-000000-80-0-0.jpg
deezer_90112062,The Hobbit: The Desolation of Smaug (Original Motion Picture Soundtrack) (Special Edition),Howard Shore,2013,2010s,Soundtracks,https://cdn-images.dzcdn.net/images/cover/9c820c446ce09f461ec99f34aef7c8a2/500x500-000000-80-0-0.jpg
deezer_90104592,The Hobbit: An Unexpected Journey (Original Motion Picture Soundtrack) (Special Edition),Howard Shore,2012,2010s,Soundtracks,https://cdn-images.dzcdn.net/images/cover/91cf85f2a97e4cd7b215bb8b581c848f/500x500-000000-80-0-0.jpg
deezer_90192712,The Hobbit: An Unexpected Journey (Original Motion Picture Soundtrack),Howard Shore,2012,2010s,Soundtracks,https://cdn-images.dzcdn.net/images/cover/ecd647b82ea585d52732441804d4d3ec/500x500-000000-80-0-0.jpg
deezer_382070167,Music from the Twilight Saga,Howard Shore,2022,2020s,Soundtracks,https://cdn-images.dzcdn.net/images/cover/7e76fd7e0291330d2867faaaa5a3bf2a/500x500-000000-80-0-0.jpg
deezer_321095777,The Silver Violin,Howard Shore,2012,2010s,Soundtracks,https://cdn-images.dzcdn.net/images/cover/c3c08105c8133c3882de316f55218b59/500x500-000000-80-0-0.jpg
deezer_8303838,A Dangerous Method,Howard Shore,2011,2010s,Soundtracks,https://cdn-images.dzcdn.net/images/cover/e0503d828c47a3f7a6232dbeb539ac10/500x500-000000-80-0-0.jpg
deezer_6462635,The Twilight Saga: Eclipse The Score,Howard Shore,2010,2010s,Soundtracks,https://cdn-images.dzcdn.net/images/cover/10c102f44572bfedfaf59b2f399a6795/500x500-000000-80-0-0.jpg
deezer_90122322,Edge Of Darkness (Original Score),Howard Shore,2010,2010s,Soundtracks,https://cdn-images.dzcdn.net/images/cover/399cbd3a2006f690aeaea784d880810f/500x500-000000-80-0-0.jpg
deezer_1209070,Eastern Promises - Original Motion Picture Soundtrack,Howard Shore,2007,2000s,Soundtracks,https://cdn-images.dzcdn.net/images/cover/e48aa084bb1ea66363a47ac852a874e7/500x500-000000-80-0-0.jpg
deezer_523725552,Eastern Promises - Original Motion Picture Soundtrack [iTunes Exclusive],Howard Shore,2007,2000s,Soundtracks,https://cdn-images.dzcdn.net/images/cover/56106e1b89453eaf1aa966bb10574adf/500x500-000000-80-0-0.jpg
deezer_368740217,The Last Mimzy (Original Motion Picture Soundtrack),Howard Shore,2007,2000s,Soundtracks,https://cdn-images.dzcdn.net/images/cover/c4a6c70627ca3b09a8494057eb57f364/500x500-000000-80-0-0.jpg
deezer_185752112,The Departed (Original Motion Picture Soundtrack),Howard Shore,2006,2000s,Soundtracks,https://cdn-images.dzcdn.net/images/cover/2144db97dd01beacf6e696524f3c1931/500x500-000000-80-0-0.jpg
deezer_90125632,A History of Violence (Original Score),Howard Shore,2010,2010s,Soundtracks,https://cdn-images.dzcdn.net/images/cover/58505dc7f13dff050907e542347e9aaa/500x500-000000-80-0-0.jpg
deezer_683594,The Aviator,Howard Shore,2004,2000s,Soundtracks,https://cdn-images.dzcdn.net/images/cover/549902d3bf5df8eb695154a94104c29d/500x500-000000-80-0-0.jpg
deezer_81953,The Lord of the Rings: The Return of the King (Original Motion Picture Soundtrack),Howard Shore,2003,2000s,Soundtracks,https://cdn-images.dzcdn.net/images/cover/04f1a638c9439710eab849c508510766/500x500-000000-80-0-0.jpg
deezer_338939,The Lord of the Rings - The Return of the King - The Complete Recordings (Limited Edition),Howard Shore,2003,2000s,Soundtracks,https://cdn-images.dzcdn.net/images/cover/903d1e9e41e2a57bd6323e5f579f27f0/500x500-000000-80-0-0.jpg
deezer_91747,The Lord of the Rings: The Two Towers (Original Motion Picture Soundtrack),Howard Shore,2002,2000s,Soundtracks,https://cdn-images.dzcdn.net/images/cover/6c65ce577c27183b4fa89363c7d257fd/500x500-000000-80-0-0.jpg
deezer_68111962,The Lord of the Rings: The Two Towers - the Complete Recordings,Howard Shore,2006,2000s,Soundtracks,https://cdn-images.dzcdn.net/images/cover/29928c2db9f1830e175e9f8eb217abec/500x500-000000-80-0-0.jpg
deezer_1346734,The Lord of the Rings: The Fellowship of the Ring (Original Motion Picture Soundtrack),Howard Shore,2001,2000s,Soundtracks,https://cdn-images.dzcdn.net/images/cover/c8e0799a199841a8181ca524373869bb/500x500-000000-80-0-0.jpg
deezer_60766412,The Lord of the Rings: The Fellowship of the Ring - the Complete Recordings,Howard Shore,2005,2000s,Soundtracks,https://cdn-images.dzcdn.net/images/cover/8878cab823abdeaf676f9da00b51f52c/500x500-000000-80-0-0.jpg
deezer_12920686,The Score (Original Motion Picture Soundtrack),Howard Shore,2014,2010s,Soundtracks,https://cdn-images.dzcdn.net/images/cover/403affbe27df921e0da1920aa1621101/500x500-000000-80-0-0.jpg
deezer_265563,Esther Kahn (Bande originale du film),Howard Shore,2000,2000s,Soundtracks,https://cdn-images.dzcdn.net/images/cover/92ae359a87a563e6cc6022d57bce7e5c/500x500-000000-80-0-0.jpg
deezer_90121572,Seven: Complete Original Score (Collector's Edition),Howard Shore,2016,2010s,Soundtracks,https://cdn-images.dzcdn.net/images/cover/da53f15e1ca2448f2b3a6b337e881767/500x500-000000-80-0-0.jpg
deezer_141634942,Mrs. Doubtfire (Original Soundtrack Album),Howard Shore,2020,2020s,Soundtracks,https://cdn-images.dzcdn.net/images/cover/b13daa88440045adf36b01ba16a9f3de/500x500-000000-80-0-0.jpg
deezer_12978048,M. Butterfly (Original Motion Picture Soundtrack),Howard Shore,2014,2010s,Soundtracks,https://cdn-images.dzcdn.net/images/cover/dfd99e1f65a5b5cf2ffa6f932489684a/500x500-000000-80-0-0.jpg
deezer_247451,The Silence Of The Lambs (Original Motion Picture Soundtrack),Howard Shore,2009,2000s,Soundtracks,https://cdn-images.dzcdn.net/images/cover/a9704b5f57963265e8e13a5635437bcc/500x500-000000-80-0-0.jpg
deezer_311147797,Videodrome (The Complete Restored Score),Howard Shore,2022,2020s,Soundtracks,https://cdn-images.dzcdn.net/images/cover/9bc4384fdcd1411192eaba54dff488cb/500x500-000000-80-0-0.jpg
deezer_955895111,Scenes & Themes - Film Music,Bernard Herrmann,2026,2020s,Soundtracks,https://cdn-images.dzcdn.net/images/cover/1366c1e08c610600f8d7ca214b701c22/500x500-000000-80-0-0.jpg
deezer_779466741,The Night Digger (Original Motion Picture Soundtrack),Bernard Herrmann,2025,2020s,Soundtracks,https://cdn-images.dzcdn.net/images/cover/649991c2785ad813ab17ddeaf3a4f021/500x500-000000-80-0-0.jpg
deezer_484197755,The Twilight Zone,Bernard Herrmann,2023,2020s,Soundtracks,https://cdn-images.dzcdn.net/images/cover/ebff2f9640b4b1c99149601903b243b0/500x500-000000-80-0-0.jpg
deezer_568702811,Endless Night (Music from the Motion Picture),Bernard Herrmann,2024,2020s,Soundtracks,https://cdn-images.dzcdn.net/images/cover/66fd47aaeef5e5093eb35041d56b6664/500x500-000000-80-0-0.jpg
deezer_145178592,The Bride Wore Black (Original Score),Bernard Herrmann,2018,2010s,Soundtracks,https://cdn-images.dzcdn.net/images/cover/5b2815d3dd45f39acac50dd470ad6fc8/500x500-000000-80-0-0.jpg
deezer_66176812,Vertigo (Film Score 1958),Bernard Herrmann,2018,2010s,Soundtracks,https://cdn-images.dzcdn.net/images/cover/801440f9a08e83af9c66641260a4f607/500x500-000000-80-0-0.jpg
deezer_66148942,The Man In The Gray Flannel Suit (Film Score 1956),Bernard Herrmann,2018,2010s,Soundtracks,https://cdn-images.dzcdn.net/images/cover/ff276d32af63b4129745408309324960/500x500-000000-80-0-0.jpg
deezer_66158712,Mysterious Island (Film Score 1961),Bernard Herrmann,2018,2010s,Soundtracks,https://cdn-images.dzcdn.net/images/cover/b35728a00130a7183ee8db925d83b8ab/500x500-000000-80-0-0.jpg
deezer_66128782,Jane Eyre (Film Score 1943),Bernard Herrmann,2018,2010s,Soundtracks,https://cdn-images.dzcdn.net/images/cover/8a5d9cd1e5d9d46fbcb84984fa49cd24/500x500-000000-80-0-0.jpg
deezer_66134922,Cape Fear (Film Score 1962),Bernard Herrmann,2018,2010s,Soundtracks,https://cdn-images.dzcdn.net/images/cover/71271d6ecbd0ce1a7910bdf6e26e1b34/500x500-000000-80-0-0.jpg
deezer_45932962,"Psycho Medley: Prelude / The City / Marion / Marion and Sam / Temptation / Flight / Patrol Car / Car Lot / The Package / Rainstorm (From ""Psycho"" Original Soundtrack)",Bernard Herrmann,2017,2010s,Soundtracks,https://cdn-images.dzcdn.net/images/cover/47d24da85bc6569bf3428c608fc86ccd/500x500-000000-80-0-0.jpg
deezer_536769922,"Herrmann, Gershwin, Waxman & Copland: American Chamber Music",Bernard Herrmann,2024,2020s,Soundtracks,https://cdn-images.dzcdn.net/images/cover/80046113af327d6c976367dafe94a831/500x500-000000-80-0-0.jpg
deezer_1585693,Battle of Neretva/The Naked and The Dead,Bernard Herrmann,2012,2010s,Soundtracks,https://cdn-images.dzcdn.net/images/cover/f30d55cd100f6476f422c1d431b1f4fc/500x500-000000-80-0-0.jpg
deezer_379946857,A Christmas Carol / A Child is Born (Original Soundtrack Recordings),Bernard Herrmann,2022,2020s,Soundtracks,https://cdn-images.dzcdn.net/images/cover/a540b267723a9b0294645e4c9419ea5e/500x500-000000-80-0-0.jpg
deezer_12707812,North By Northwest (Original Motion Picture Score),Bernard Herrmann,2011,2010s,Soundtracks,https://cdn-images.dzcdn.net/images/cover/98dc6fcac7f74fe0cf7a04c56f1d1468/500x500-000000-80-0-0.jpg
deezer_584994002,Scott: Piano Concerto Nos. 1 & 2 and Early One Morning,Bernard Herrmann,2007,2000s,Soundtracks,https://cdn-images.dzcdn.net/images/cover/06e63fa9f33f5cfd0e81f673f8f922d8/500x500-000000-80-0-0.jpg
deezer_12981272,The Day The Earth Stood Still (Original Motion Picture Soundtrack),Bernard Herrmann,2014,2010s,Soundtracks,https://cdn-images.dzcdn.net/images/cover/54f5a86011b9cab20d12332738c599ae/500x500-000000-80-0-0.jpg
deezer_12982602,The 3 Worlds Of Gulliver (Original Motion Picture Soundtrack),Bernard Herrmann,2014,2010s,Soundtracks,https://cdn-images.dzcdn.net/images/cover/5c68b87ddd02fba30467fc2553726a91/500x500-000000-80-0-0.jpg
deezer_12707814,Marnie (Original Motion Picture Score),Bernard Herrmann,2026,2020s,Soundtracks,https://cdn-images.dzcdn.net/images/cover/8b3635c72716a5157cef57a61ce4d11d/500x500-000000-80-0-0.jpg
deezer_13029802,Anna And The King Of Siam (Original Motion Picture Soundtrack / Vol.3),Bernard Herrmann,2016,2010s,Soundtracks,https://cdn-images.dzcdn.net/images/cover/81cd529c2d3c6542aa51018736d1a033/500x500-000000-80-0-0.jpg
deezer_1056874,Jason and the Argonauts,Bernard Herrmann,1999,1990s,Soundtracks,https://cdn-images.dzcdn.net/images/cover/ae22193287d82f3a7d552f216d16d692/500x500-000000-80-0-0.jpg
deezer_12978594,Citizen Kane (Music From The Motion Picture),Bernard Herrmann,2014,2010s,Soundtracks,https://cdn-images.dzcdn.net/images/cover/4510246f5a9a65ce4cb53ac741a7fc76/500x500-000000-80-0-0.jpg
deezer_12981578,"Bernard Herrmann At Fox, Vol. 1 (Original Motion Picture Soundtracks)",Bernard Herrmann,2014,2010s,Soundtracks,https://cdn-images.dzcdn.net/images/cover/a5f3a2b9400a93e775f9b308088d095d/500x500-000000-80-0-0.jpg
deezer_320917147,"Bernard Herrmann At Fox, Vol. 2 (Original Motion Picture Soundtracks)",Bernard Herrmann,2014,2010s,Soundtracks,https://cdn-images.dzcdn.net/images/cover/ad3aa901e49cf5ad2b28e15dbae436fb/500x500-000000-80-0-0.jpg
deezer_12978908,Torn Curtain (The Unused Score),Bernard Herrmann,2014,2010s,Soundtracks,https://cdn-images.dzcdn.net/images/cover/a2e7ea33624a378d4cbe937a72277d80/500x500-000000-80-0-0.jpg
deezer_12981608,The 7th Voyage Of Sinbad (Original Motion Picture Soundtrack),Bernard Herrmann,2014,2010s,Soundtracks,https://cdn-images.dzcdn.net/images/cover/96556f5cb688ac5bf734227243b59c98/500x500-000000-80-0-0.jpg
deezer_12981712,Souvenirs De Voyage / Echoes,Bernard Herrmann,2014,2010s,Soundtracks,https://cdn-images.dzcdn.net/images/cover/36eb99b329661e2bc08cd5687441b5f2/500x500-000000-80-0-0.jpg
deezer_12982606,The Trouble With Harry (Original Motion Picture Soundtrack),Bernard Herrmann,2021,2020s,Soundtracks,https://cdn-images.dzcdn.net/images/cover/1250a30418917113119b4972dc711bc4/500x500-000000-80-0-0.jpg
deezer_12980720,Psycho (The Complete Original Motion Picture Score),Bernard Herrmann,2008,2000s,Soundtracks,https://cdn-images.dzcdn.net/images/cover/2958ca9f49d13fe3e0be71ca91a641b9/500x500-000000-80-0-0.jpg
deezer_521276082,Erik Satie & Darius Milhaud,Bernard Herrmann,2023,2020s,Soundtracks,https://cdn-images.dzcdn.net/images/cover/09fe9c7861e0150382d731570e4ba4f0/500x500-000000-80-0-0.jpg
deezer_12599514,Fahrenheit 451 (Original Score),Bernard Herrmann,2014,2010s,Soundtracks,https://cdn-images.dzcdn.net/images/cover/2de42059669778a4407572b3910bb1de/500x500-000000-80-0-0.jpg
deezer_12920376,Vertigo (Original Motion Picture Score),Bernard Herrmann,2008,2000s,Soundtracks,https://cdn-images.dzcdn.net/images/cover/d41f19c19b61f594ddfa65ff7f914c40/500x500-000000-80-0-0.jpg
deezer_251472352,Marnie (Complete Original Motion Picture Score),Bernard Herrmann,2021,2020s,Soundtracks,https://cdn-images.dzcdn.net/images/cover/70782c33a615502c965e775d25dd4773/500x500-000000-80-0-0.jpg
deezer_937773761,Citizen Kane (Music from the 1941 Motion Picture),Bernard Herrmann,2025,2020s,Soundtracks,https://cdn-images.dzcdn.net/images/cover/3255e8a6d00f60a2b47701af7c96682e/500x500-000000-80-0-0.jpg
deezer_153154282,Laura/Jane Eyre (Original Score),Bernard Herrmann,1994,1990s,Soundtracks,https://cdn-images.dzcdn.net/images/cover/b02f5560a48a59c7ac90a9b09912d02b/500x500-000000-80-0-0.jpg
deezer_307040167,Bernard Herrmann Film Scores (From Citizen Kane to Taxi Driver),Bernard Herrmann,2003,2000s,Soundtracks,https://cdn-images.dzcdn.net/images/cover/03658dbc98ba63145ee780333c91d9bc/500x500-000000-80-0-0.jpg
deezer_5511101,Symphony No. 1 / The Fantasticks,Bernard Herrmann,2012,2010s,Soundtracks,https://cdn-images.dzcdn.net/images/cover/fd588129e74bc5fcf9e88cd494dc3e1e/500x500-000000-80-0-0.jpg
deezer_956967231,The Magnificent Ambersons (Music from the 1942 Motion Picture),Bernard Herrmann,2026,2020s,Soundtracks,https://cdn-images.dzcdn.net/images/cover/66a25384b0e124ba6c682c6551a7566f/500x500-000000-80-0-0.jpg
deezer_6473508,Great Shakespeare Films - Cinema Gala,Bernard Herrmann,2010,2010s,Soundtracks,https://cdn-images.dzcdn.net/images/cover/857bd10dce3c9020102690499923ce44/500x500-000000-80-0-0.jpg
deezer_6473566,Citizen Kane - Film Music by Bernard Herrmann,Bernard Herrmann,1989,1980s,Soundtracks,https://cdn-images.dzcdn.net/images/cover/a4efbb3560085321cd09f408443ab931/500x500-000000-80-0-0.jpg
deezer_779466171,Battle of Neretva (Original Motion Picture Soundtrack),Bernard Herrmann,2025,2020s,Soundtracks,https://cdn-images.dzcdn.net/images/cover/ab0c045e1417e851df4b2362a1529fa6/500x500-000000-80-0-0.jpg
deezer_267392302,Obsession,Bernard Herrmann,2021,2020s,Soundtracks,https://cdn-images.dzcdn.net/images/cover/8c10772d29480b1ad98686e38b06b4af/500x500-000000-80-0-0.jpg
deezer_267390132,Bernard Herrmann conducts Great British Film Music,Bernard Herrmann,2021,2020s,Soundtracks,https://cdn-images.dzcdn.net/images/cover/4cecb26f88db6ccbf2321df9ff976fa9/500x500-000000-80-0-0.jpg
deezer_267389882,The Mysterious Film World of Bernard Herrmann,Bernard Herrmann,2021,2020s,Soundtracks,https://cdn-images.dzcdn.net/images/cover/85584925b03617226980c770b178ee72/500x500-000000-80-0-0.jpg
deezer_267391522,Music From Great Shakespearean Films,Bernard Herrmann,2021,2020s,Soundtracks,https://cdn-images.dzcdn.net/images/cover/55e5d340d37b6a4c504123a84a538c35/500x500-000000-80-0-0.jpg
deezer_267390312,The Fantasy Film World of Bernard Herrmann,Bernard Herrmann,2021,2020s,Soundtracks,https://cdn-images.dzcdn.net/images/cover/7d4acc8f85073e65f46b3a2689863b19/500x500-000000-80-0-0.jpg
deezer_659055,Film Fantasy - Cinema Gala,Bernard Herrmann,1974,1970s,Soundtracks,https://cdn-images.dzcdn.net/images/cover/7636b877e4f0171da17a64faa497b107/500x500-000000-80-0-0.jpg
deezer_903307822,Send Help (Original Motion Picture Soundtrack),Danny Elfman,2026,2020s,Soundtracks,https://cdn-images.dzcdn.net/images/cover/ac4e3a07769e8381420f0367d76c07f2/500x500-000000-80-0-0.jpg
deezer_805088261,Dark Universe,Danny Elfman,2025,2020s,Soundtracks,https://cdn-images.dzcdn.net/images/cover/8dff8d7867e8dece781ab3fdc7001f76/500x500-000000-80-0-0.jpg
deezer_785846861,Dracula (Original Motion Picture Score),Danny Elfman,2025,2020s,Soundtracks,https://cdn-images.dzcdn.net/images/cover/b9a958468b05fb202653ed9e8dc2543d/500x500-000000-80-0-0.jpg
deezer_675271361,The Greatest American Movie Soundtracks,Danny Elfman,2024,2020s,Soundtracks,https://cdn-images.dzcdn.net/images/cover/1987ba47040a6dff981eade978ac4446/500x500-000000-80-0-0.jpg
deezer_654153971,Beetlejuice Beetlejuice (Score from the Original Motion Picture Soundtrack),Danny Elfman,2024,2020s,Soundtracks,https://cdn-images.dzcdn.net/images/cover/33d7e96bd036f02c0fb59658ce2b9391/500x500-000000-80-0-0.jpg
deezer_651060031,Cinematic Autumn: Iconic Soundtracks,Danny Elfman,2024,2020s,Soundtracks,https://cdn-images.dzcdn.net/images/cover/de767baab94513c5d72fc8f6016f43a9/500x500-000000-80-0-0.jpg
deezer_628117101,The Greatest Orchestral Movie Soundtracks,Danny Elfman,2024,2020s,Soundtracks,https://cdn-images.dzcdn.net/images/cover/00d461b4ed63c337d1c11674b35141ff/500x500-000000-80-0-0.jpg
deezer_579488681,Percussion Concerto & Wunderkammer,Danny Elfman,2024,2020s,Soundtracks,https://cdn-images.dzcdn.net/images/cover/00708ac54f94c7f72c41da6198a204da/500x500-000000-80-0-0.jpg
deezer_461172645,Wednesday (Original Soundtrack from the Netflix Series),Danny Elfman,2023,2020s,Soundtracks,https://cdn-images.dzcdn.net/images/cover/143c299b81447f01e99fd208ebae0553/500x500-000000-80-0-0.jpg
deezer_386686907,The City of Prague Philharmonic Orchestra Plays The Music Of Danny Elfman,Danny Elfman,2022,2020s,Soundtracks,https://cdn-images.dzcdn.net/images/cover/6b75ae7553bf1e8ea4b669cd35428237/500x500-000000-80-0-0.jpg
deezer_373465237,Wednesday (Original Series Soundtrack),Danny Elfman,2022,2020s,Soundtracks,https://cdn-images.dzcdn.net/images/cover/dd7463e9bca2455b2df74069c27b5e69/500x500-000000-80-0-0.jpg
deezer_368719147,Bigger. Messier. (Deluxe.),Danny Elfman,2022,2020s,Soundtracks,https://cdn-images.dzcdn.net/images/cover/e90a45d181bf2388b9224b2b18e18fd9/500x500-000000-80-0-0.jpg
deezer_317179147,"Aliens, Clowns And Geeks (Soundtrack)",Danny Elfman,2022,2020s,Soundtracks,https://cdn-images.dzcdn.net/images/cover/ea429998cd5f35502671a1f1c17e2c09/500x500-000000-80-0-0.jpg
deezer_319264137,Doctor Strange in the Multiverse of Madness (Original Motion Picture Soundtrack),Danny Elfman,2022,2020s,Soundtracks,https://cdn-images.dzcdn.net/images/cover/d4d152eff14c8853689a7fca10976089/500x500-000000-80-0-0.jpg
deezer_583020792,Tunes!,Danny Elfman,2022,2020s,Soundtracks,https://cdn-images.dzcdn.net/images/cover/490410665e2507517f1eff21afdb859b/500x500-000000-80-0-0.jpg
deezer_215018642,Big Mess,Danny Elfman,2021,2020s,Soundtracks,https://cdn-images.dzcdn.net/images/cover/35743e36002eb1dfa6c50d054ded600d/500x500-000000-80-0-0.jpg
deezer_124649362,Dolittle (Original Motion Picture Soundtrack),Danny Elfman,2020,2020s,Soundtracks,https://cdn-images.dzcdn.net/images/cover/91f6ca05d44ec8cc63f763b02bdf9a7c/500x500-000000-80-0-0.jpg
deezer_99134192,Men in Black: International (Original Motion Picture Score),Danny Elfman,2019,2010s,Soundtracks,https://cdn-images.dzcdn.net/images/cover/5adc6b382f469819eba8abe03604d4ce/500x500-000000-80-0-0.jpg
deezer_91335652,Dumbo (Original Motion Picture Soundtrack),Danny Elfman,2019,2010s,Soundtracks,https://cdn-images.dzcdn.net/images/cover/549ffc871ab417aa1cdc445d802fd530/500x500-000000-80-0-0.jpg
deezer_87282842,"Violin Concerto ""Eleven Eleven"" and Piano Quartet",Danny Elfman,2019,2010s,Soundtracks,https://cdn-images.dzcdn.net/images/cover/09297524ffc7653b2c123162b1f090f5/500x500-000000-80-0-0.jpg
deezer_138656402,Dr. Seuss' The Grinch (Original Motion Picture Score),Danny Elfman,2018,2010s,Soundtracks,https://cdn-images.dzcdn.net/images/cover/130383c942d3f9f69ab4670fcab2fc79/500x500-000000-80-0-0.jpg
deezer_64865002,"Don't Worry, He Won't Get Far on Foot (Original Motion Picture Soundtrack)",Danny Elfman,2018,2010s,Soundtracks,https://cdn-images.dzcdn.net/images/cover/e0e158f9d19a242449119aaf50457bf3/500x500-000000-80-0-0.jpg
deezer_137453432,Fifty Shades Freed (Original Motion Picture Score),Danny Elfman,2018,2010s,Soundtracks,https://cdn-images.dzcdn.net/images/cover/9cc51c2e7f04ccd0b920c2fa67b64f2a/500x500-000000-80-0-0.jpg
deezer_90203612,Justice League (Original Motion Picture Soundtrack),Danny Elfman,2017,2010s,Soundtracks,https://cdn-images.dzcdn.net/images/cover/51c33e74149f4acaca353710d5c97cf5/500x500-000000-80-0-0.jpg
deezer_40652221,The Circle (Original Motion Picture Soundtrack),Danny Elfman,2017,2010s,Soundtracks,https://cdn-images.dzcdn.net/images/cover/46ae0082c4429fcd2784ec6549916625/500x500-000000-80-0-0.jpg
deezer_15444170,Tulip Fever (Original Motion Picture Soundtrack),Danny Elfman,2017,2010s,Soundtracks,https://cdn-images.dzcdn.net/images/cover/ca39cbeed2caec46bef078ad37cd75fe/500x500-000000-80-0-0.jpg
deezer_135766592,Fifty Shades Darker (Original Motion Picture Score),Danny Elfman,2017,2010s,Soundtracks,https://cdn-images.dzcdn.net/images/cover/3eb8b47ce75fcfa25bafa29cc94820f8/500x500-000000-80-0-0.jpg
deezer_14229670,The Girl on the Train (Original Motion Picture Soundtrack),Danny Elfman,2016,2010s,Soundtracks,https://cdn-images.dzcdn.net/images/cover/35e92ec5d0556855a1846c636ac94ec0/500x500-000000-80-0-0.jpg
deezer_13284743,Rabbit & Rogue (Original Ballet Score),Danny Elfman,2016,2010s,Soundtracks,https://cdn-images.dzcdn.net/images/cover/38116984ef2c5c6f8d8bf418a792abd8/500x500-000000-80-0-0.jpg
deezer_13204486,Alice Through the Looking Glass (Original Motion Picture Soundtrack),Danny Elfman,2016,2010s,Soundtracks,https://cdn-images.dzcdn.net/images/cover/1007ee32baa2a82589d9d87620f4162b/500x500-000000-80-0-0.jpg
deezer_73952422,Goosebumps (Original Motion Picture Soundtrack),Danny Elfman,2015,2010s,Soundtracks,https://cdn-images.dzcdn.net/images/cover/d0b7ceab07e9b64474070f4d355e7c32/500x500-000000-80-0-0.jpg
deezer_10063880,Avengers: Age of Ultron (Original Motion Picture Soundtrack),Danny Elfman,2015,2010s,Soundtracks,https://cdn-images.dzcdn.net/images/cover/21cb23be3ccd1578a3b71e8f810c6762/500x500-000000-80-0-0.jpg
deezer_9594172,Fifty Shades Of Grey (Original Motion Picture Score),Danny Elfman,2015,2010s,Soundtracks,https://cdn-images.dzcdn.net/images/cover/5b5d43c8af551dd11254f98ee48e4556/500x500-000000-80-0-0.jpg
deezer_55338532,Before I Wake (Original Motion Picture Soundtrack),Danny Elfman,2018,2010s,Soundtracks,https://cdn-images.dzcdn.net/images/cover/5691accc5661ef278b7583606cb79489/500x500-000000-80-0-0.jpg
deezer_53942812,Good Will Hunting (Original Motion Picture Score),Danny Elfman,2017,2010s,Soundtracks,https://cdn-images.dzcdn.net/images/cover/66e534784c4be940adaeb7b7179997c7/500x500-000000-80-0-0.jpg
deezer_6656189,Epic (Original Motion Picture Soundtrack),Danny Elfman,2013,2010s,Soundtracks,https://cdn-images.dzcdn.net/images/cover/530fd85e47ee4a843c38b65f6b23b141/500x500-000000-80-0-0.jpg
deezer_6348815,Oz the Great and Powerful (Original Motion Picture Soundtrack),Danny Elfman,2013,2010s,Soundtracks,https://cdn-images.dzcdn.net/images/cover/131544506fae03737e1ddefac8572b02/500x500-000000-80-0-0.jpg
deezer_6155328,Hitchcock,Danny Elfman,2013,2010s,Soundtracks,https://cdn-images.dzcdn.net/images/cover/a762d33302194f482951302bcda0ca6c/500x500-000000-80-0-0.jpg
deezer_6088202,Silver Linings Playbook (Original Score),Danny Elfman,2012,2010s,Soundtracks,https://cdn-images.dzcdn.net/images/cover/78e1aea3d9041b3aa5b412980d342eb6/500x500-000000-80-0-0.jpg
deezer_2605071,Men in Black 3 (Original Motion Picture Soundtrack),Danny Elfman,2012,2010s,Soundtracks,https://cdn-images.dzcdn.net/images/cover/1573f408b8b459432eec61a5542c295f/500x500-000000-80-0-0.jpg
deezer_90111972,Dark Shadows (Original Score),Danny Elfman,2012,2010s,Soundtracks,https://cdn-images.dzcdn.net/images/cover/0a72d8faefdfdfcd81bd62dac7d43004/500x500-000000-80-0-0.jpg
deezer_5799651,Frankenweenie (Original Motion Picture Soundtrack),Danny Elfman,2012,2010s,Soundtracks,https://cdn-images.dzcdn.net/images/cover/13ace641107664469a382b2b4a975948/500x500-000000-80-0-0.jpg
deezer_6210050,Promised Land (Music from The Motion Picture),Danny Elfman,2012,2010s,Soundtracks,https://cdn-images.dzcdn.net/images/cover/d93f39b3b18d75526a29c97e6847e8fb/500x500-000000-80-0-0.jpg
deezer_12707800,Real Steel (Original Motion Picture Score),Danny Elfman,2014,2010s,Soundtracks,https://cdn-images.dzcdn.net/images/cover/b897faeaf91753dd990b3d7ab21cc63e/500x500-000000-80-0-0.jpg
deezer_69270092,The Next Three Days (Original Motion Picture Soundtrack),Danny Elfman,2011,2010s,Soundtracks,https://cdn-images.dzcdn.net/images/cover/8ebbb37fe6fab96d1cdb04b27b598b62/500x500-000000-80-0-0.jpg
deezer_495796,Alice in Wonderland,Danny Elfman,2010,2010s,Soundtracks,https://cdn-images.dzcdn.net/images/cover/7e2182a73820d67a38d78211d46017ba/500x500-000000-80-0-0.jpg
deezer_826911991,Play Dirty (Original Motion Picture Soundtrack),Alan Silvestri,2025,2020s,Soundtracks,https://cdn-images.dzcdn.net/images/cover/da874afd2a75e470db864130a67be1a4/500x500-000000-80-0-0.jpg
deezer_783827091,Epic Movie Soundtracks,Alan Silvestri,2025,2020s,Soundtracks,https://cdn-images.dzcdn.net/images/cover/a280811cb8cfba3c4a2aa0221c5f9be8/500x500-000000-80-0-0.jpg
deezer_753386761,Marvel Music - Movie Soundtracks,Alan Silvestri,2025,2020s,Soundtracks,https://cdn-images.dzcdn.net/images/cover/db2698af8084749d530b3cae867bf436/500x500-000000-80-0-0.jpg
deezer_712159211,The Electric State (Soundtrack from the Netflix Film),Alan Silvestri,2025,2020s,Soundtracks,https://cdn-images.dzcdn.net/images/cover/497f32ebfacf3a1856a28751385600e2/500x500-000000-80-0-0.jpg
deezer_662825091,Here (Original Motion Picture Soundtrack),Alan Silvestri,2024,2020s,Soundtracks,https://cdn-images.dzcdn.net/images/cover/73327bcf86f8448c55f39c04fa0f5cfa/500x500-000000-80-0-0.jpg
deezer_180860522,The Witches (Original Motion Picture Soundtrack),Alan Silvestri,2020,2020s,Soundtracks,https://cdn-images.dzcdn.net/images/cover/e416416dbc5f9b65cca5aa408d0ef9cf/500x500-000000-80-0-0.jpg
deezer_94506802,Avengers: Endgame (Original Motion Picture Soundtrack),Alan Silvestri,2019,2010s,Soundtracks,https://cdn-images.dzcdn.net/images/cover/92019c725a46f4716f949952564863dd/500x500-000000-80-0-0.jpg
deezer_139315692,Welcome To Marwen (Original Motion Picture Soundtrack),Alan Silvestri,2018,2010s,Soundtracks,https://cdn-images.dzcdn.net/images/cover/089abb89d3b022bb494566702267d12b/500x500-000000-80-0-0.jpg
deezer_62244402,Avengers: Infinity War (Original Motion Picture Soundtrack / Deluxe Edition),Alan Silvestri,2018,2010s,Soundtracks,https://cdn-images.dzcdn.net/images/cover/5dde7faeaa5f3ba7f0ef5dee92cffce9/500x500-000000-80-0-0.jpg
deezer_90107992,Ready Player One (Original Motion Picture Soundtrack),Alan Silvestri,2018,2010s,Soundtracks,https://cdn-images.dzcdn.net/images/cover/63c0e865b5be1077859520511390cfea/500x500-000000-80-0-0.jpg
deezer_14581714,Allied (Music from the Motion Picture),Alan Silvestri,2016,2010s,Soundtracks,https://cdn-images.dzcdn.net/images/cover/771beeab4f5ef74cf3c987a4af9647fb/500x500-000000-80-0-0.jpg
deezer_72485812,The Walk (Original Motion Picture Soundtrack),Alan Silvestri,2015,2010s,Soundtracks,https://cdn-images.dzcdn.net/images/cover/d42ab988840221d712250713c3f8d603/500x500-000000-80-0-0.jpg
deezer_353372137,Cosmos: A SpaceTime Odyssey (Music from the Original TV Series) Vol. 4,Alan Silvestri,2014,2010s,Soundtracks,https://cdn-images.dzcdn.net/images/cover/6fcf1951358ec56aca2e17dd0f1ab37e/500x500-000000-80-0-0.jpg
deezer_353365297,Cosmos: A SpaceTime Odyssey (Music from the Original TV Series) Vol. 3,Alan Silvestri,2014,2010s,Soundtracks,https://cdn-images.dzcdn.net/images/cover/6fcf1951358ec56aca2e17dd0f1ab37e/500x500-000000-80-0-0.jpg
deezer_353364347,Cosmos: A SpaceTime Odyssey (Music from the Original TV Series) Vol. 2,Alan Silvestri,2014,2010s,Soundtracks,https://cdn-images.dzcdn.net/images/cover/6fcf1951358ec56aca2e17dd0f1ab37e/500x500-000000-80-0-0.jpg
deezer_353359477,Cosmos: A SpaceTime Odyssey (Music from the Original TV Series) Vol. 1,Alan Silvestri,2014,2010s,Soundtracks,https://cdn-images.dzcdn.net/images/cover/6fcf1951358ec56aca2e17dd0f1ab37e/500x500-000000-80-0-0.jpg
deezer_68122652,Red 2 (Original Score),Alan Silvestri,2013,2010s,Soundtracks,https://cdn-images.dzcdn.net/images/cover/ccaa27ee1fed1a13d4539c9b705b4382/500x500-000000-80-0-0.jpg
deezer_6371253,The Croods (Music from the Motion Picture),Alan Silvestri,2013,2010s,Soundtracks,https://cdn-images.dzcdn.net/images/cover/d31fdd0788b859ebca0cf4fea64fe6c4/500x500-000000-80-0-0.jpg
deezer_1674608,The Avengers (Original Motion Picture Soundtrack),Alan Silvestri,2012,2010s,Soundtracks,https://cdn-images.dzcdn.net/images/cover/c49b7714e3c4b75e7604c5a86524ec27/500x500-000000-80-0-0.jpg
deezer_67043962,"Young Guns, Vol. 2 (Original Motion Picture Score)",Alan Silvestri,2018,2010s,Soundtracks,https://cdn-images.dzcdn.net/images/cover/c5840b6010d6fbd935db9ed21b98cff4/500x500-000000-80-0-0.jpg
deezer_75113042,The A-Team (Original Motion Picture Score),Alan Silvestri,2010,2010s,Soundtracks,https://cdn-images.dzcdn.net/images/cover/9472e296806f783d1e04acd0e8506491/500x500-000000-80-0-0.jpg
deezer_12330174,Night At The Museum: Secret Of The Tomb (Original Motion Picture Soundtrack),Alan Silvestri,2014,2010s,Soundtracks,https://cdn-images.dzcdn.net/images/cover/0e6fea61db35fb4635f155a1c7c25d83/500x500-000000-80-0-0.jpg
deezer_12979026,G.I. Joe: The Rise Of Cobra (Score From The Motion Picture),Alan Silvestri,2009,2000s,Soundtracks,https://cdn-images.dzcdn.net/images/cover/53589ab04c46a1c320b10757f36cd92f/500x500-000000-80-0-0.jpg
deezer_12980724,Night At The Museum: Battle Of The Smithsonian (Original Motion Picture Soundtrack),Alan Silvestri,2009,2000s,Soundtracks,https://cdn-images.dzcdn.net/images/cover/3811afaeb8f464806b9c94b43fb5ec3d/500x500-000000-80-0-0.jpg
deezer_12330180,Night At The Museum (Original Motion Picture Soundtrack),Alan Silvestri,2008,2000s,Soundtracks,https://cdn-images.dzcdn.net/images/cover/14f613729f91b4798af3f9ed4bfe6bbd/500x500-000000-80-0-0.jpg
deezer_84920822,Van Helsing (Original Motion Picture Soundtrack),Alan Silvestri,2019,2010s,Soundtracks,https://cdn-images.dzcdn.net/images/cover/f8425071427b1d66f2d3ae28c19add3d/500x500-000000-80-0-0.jpg
deezer_12330398,Lara Croft Tomb Raider: The Cradle Of Life (Original Motion Picture Score),Alan Silvestri,2008,2000s,Soundtracks,https://cdn-images.dzcdn.net/images/cover/22cfeb96a29a97d6eea552696d60ac93/500x500-000000-80-0-0.jpg
deezer_361803697,Lara Croft: Tomb Raider - Cradle Of Life (Original Motion Picture Score Deluxe Edition),Alan Silvestri,2022,2020s,Soundtracks,https://cdn-images.dzcdn.net/images/cover/9141c90793674e026e1a188eef2e6727/500x500-000000-80-0-0.jpg
deezer_753949761,Identity (Original Motion Picture Soundtrack),Alan Silvestri,2014,2010s,Soundtracks,https://cdn-images.dzcdn.net/images/cover/e29bf5cfcfa0b9c8afbbe876f6e11a02/500x500-000000-80-0-0.jpg
deezer_578387011,What Lies Beneath (Original Motion Picture Soundtrack / Deluxe Edition),Alan Silvestri,2024,2020s,Soundtracks,https://cdn-images.dzcdn.net/images/cover/4e4208779d1898f5806a4ba24eebd2eb/500x500-000000-80-0-0.jpg
deezer_12920384,What Lies Beneath (Original Motion Picture Soundtrack),Alan Silvestri,2014,2010s,Soundtracks,https://cdn-images.dzcdn.net/images/cover/2c326de9e8efad3b1d6678b724fc2df8/500x500-000000-80-0-0.jpg
deezer_12494214,The Back To The Future Trilogy,Alan Silvestri,2008,2000s,Soundtracks,https://cdn-images.dzcdn.net/images/cover/c12afaba2cd34210abfcd7c4c98d8a65/500x500-000000-80-0-0.jpg
deezer_12707654,Mouse Hunt (Original Motion Picture Soundtrack),Alan Silvestri,2008,2000s,Soundtracks,https://cdn-images.dzcdn.net/images/cover/17bf11890f88b4098f480e4f20d8e67e/500x500-000000-80-0-0.jpg
deezer_12920252,Volcano (Original Motion Picture Soundtrack),Alan Silvestri,2014,2010s,Soundtracks,https://cdn-images.dzcdn.net/images/cover/4d6272d42baac1a8a233daa3cf843ccd/500x500-000000-80-0-0.jpg
deezer_189253202,Volcano (Original Motion Picture Soundtrack / Deluxe Edition),Alan Silvestri,2020,2020s,Soundtracks,https://cdn-images.dzcdn.net/images/cover/52bed536ca6f37906566e2bd35ba6b69/500x500-000000-80-0-0.jpg
deezer_111718,Forrest Gump - Original Motion Picture Score,Alan Silvestri,1994,1990s,Soundtracks,https://cdn-images.dzcdn.net/images/cover/d7a16f666bd3acc9d783be7b10073b0b/500x500-000000-80-0-0.jpg
deezer_12707752,Richie Rich (Original Motion Picture Soundtrack),Alan Silvestri,2014,2010s,Soundtracks,https://cdn-images.dzcdn.net/images/cover/02e39eb9cbd6d4f75473dd699170eb8d/500x500-000000-80-0-0.jpg
deezer_533108372,Death Becomes Her (Original Motion Picture Soundtrack) (The Deluxe Edition),Alan Silvestri,2024,2020s,Soundtracks,https://cdn-images.dzcdn.net/images/cover/1db74949932b6a160610908c20a2bf00/500x500-000000-80-0-0.jpg
deezer_176129332,FernGully...The Last Rainforest (Original Motion Picture Score),Alan Silvestri,2020,2020s,Soundtracks,https://cdn-images.dzcdn.net/images/cover/09160e44399b09086bfcd69e87597f36/500x500-000000-80-0-0.jpg
deezer_12384210,Father Of The Bride (Music From The Motion Picture),Alan Silvestri,2013,2010s,Soundtracks,https://cdn-images.dzcdn.net/images/cover/2138afc743a7eb0e319bda966e9ad067/500x500-000000-80-0-0.jpg
deezer_135714122,Dutch (Original Motion Picture Score),Alan Silvestri,2017,2010s,Soundtracks,https://cdn-images.dzcdn.net/images/cover/be69c75aea52d3f7caf9167d198e35d0/500x500-000000-80-0-0.jpg
deezer_587780332,Predator 2 (Original Motion Picture Soundtrack),Alan Silvestri,2024,2020s,Soundtracks,https://cdn-images.dzcdn.net/images/cover/40b3f56a4209d6fd31ad1d09fa51aab5/500x500-000000-80-0-0.jpg
deezer_11429020,Back To The Future Part III: 25th Anniversary Edition (Original Motion Picture Soundtrack),Alan Silvestri,2015,2010s,Soundtracks,https://cdn-images.dzcdn.net/images/cover/533ac1f0c37294efabbf84b65a40d9c1/500x500-000000-80-0-0.jpg
deezer_923175301,In the Blink of an Eye (Original Soundtrack),Thomas Newman,2026,2020s,Soundtracks,https://cdn-images.dzcdn.net/images/cover/d1c8a87d44aa98b750ce34258471afea/500x500-000000-80-0-0.jpg
deezer_737190481,Of Mice and Men (Music from the Original Ballet),Thomas Newman,2025,2020s,Soundtracks,https://cdn-images.dzcdn.net/images/cover/4cb05d1a70eddfd3d87cb0350f4dac43/500x500-000000-80-0-0.jpg
deezer_639355461,White Bird (Original Motion Picture Soundtrack),Thomas Newman,2024,2020s,Soundtracks,https://cdn-images.dzcdn.net/images/cover/441ef53d6c99e2a5f972c6e567745e3a/500x500-000000-80-0-0.jpg
deezer_590097872,At Midnight: Film Music,Thomas Newman,2024,2020s,Soundtracks,https://cdn-images.dzcdn.net/images/cover/56ac8d70499804d286edf7701e120299/500x500-000000-80-0-0.jpg
deezer_476147795,Cinematic Summer Vol. 3,Thomas Newman,2023,2020s,Soundtracks,https://cdn-images.dzcdn.net/images/cover/ce6b90d6cf85d4842f0ebe174ee868af/500x500-000000-80-0-0.jpg
deezer_452894105,Elemental (Original Motion Picture Soundtrack),Thomas Newman,2023,2020s,Soundtracks,https://cdn-images.dzcdn.net/images/cover/25af80888ef5686388b717f9566f94af/500x500-000000-80-0-0.jpg
deezer_374787167,Thomas Newman: Movie Classics,Thomas Newman,2022,2020s,Soundtracks,https://cdn-images.dzcdn.net/images/cover/2458a6359eec8fd8087803b3e9f68ba6/500x500-000000-80-0-0.jpg
deezer_355770317,Cinematic Nights,Thomas Newman,2022,2020s,Soundtracks,https://cdn-images.dzcdn.net/images/cover/3c0875ee8f94e190eed7f330f43b36ff/500x500-000000-80-0-0.jpg
deezer_331538287,Cinematic Summer,Thomas Newman,2022,2020s,Soundtracks,https://cdn-images.dzcdn.net/images/cover/eb491a73ba547fbb55432500cd974933/500x500-000000-80-0-0.jpg
deezer_302257187,Operation Mincemeat (Soundtrack from the Netflix Film),Thomas Newman,2022,2020s,Soundtracks,https://cdn-images.dzcdn.net/images/cover/e6560702843d5fff9f08ff7c861a1215/500x500-000000-80-0-0.jpg
deezer_202864962,The Little Things (Original Motion Picture Soundtrack),Thomas Newman,2021,2020s,Soundtracks,https://cdn-images.dzcdn.net/images/cover/1573381fd0ecad1ddd610a9a8586a071/500x500-000000-80-0-0.jpg
deezer_193479272,Let Them All Talk (Original Motion Picture Soundtrack),Thomas Newman,2020,2020s,Soundtracks,https://cdn-images.dzcdn.net/images/cover/79147a950c140af23634d5b84253d1fe/500x500-000000-80-0-0.jpg
deezer_121283082,1917 (Original Motion Picture Soundtrack),Thomas Newman,2019,2010s,Soundtracks,https://cdn-images.dzcdn.net/images/cover/549c9a2b6576221b54abe7fb8a5b6c18/500x500-000000-80-0-0.jpg
deezer_93908252,Tolkien (Original Motion Picture Soundtrack),Thomas Newman,2019,2010s,Soundtracks,https://cdn-images.dzcdn.net/images/cover/bba440e6b2adc70184db3934ed4e7275/500x500-000000-80-0-0.jpg
deezer_90841572,The Highwaymen (Music From the Netflix Film),Thomas Newman,2019,2010s,Soundtracks,https://cdn-images.dzcdn.net/images/cover/3a605ffc85cfb21a33f5947f8026a2d1/500x500-000000-80-0-0.jpg
deezer_49602872,Thank You for Your Service (Original Motion Picture Soundtrack),Thomas Newman,2017,2010s,Soundtracks,https://cdn-images.dzcdn.net/images/cover/879366f9e647873caa40078ec7cb55a2/500x500-000000-80-0-0.jpg
deezer_137281442,Victoria & Abdul (Original Motion Picture Soundtrack),Thomas Newman,2017,2010s,Soundtracks,https://cdn-images.dzcdn.net/images/cover/ffbd11a941751f06945862d81c86d2f4/500x500-000000-80-0-0.jpg
deezer_14831393,Passengers (Original Motion Picture Soundtrack),Thomas Newman,2016,2010s,Soundtracks,https://cdn-images.dzcdn.net/images/cover/ffccba333dccc99dd5686db3a7758346/500x500-000000-80-0-0.jpg
deezer_13366813,Finding Dory (Original Motion Picture Soundtrack),Thomas Newman,2016,2010s,Soundtracks,https://cdn-images.dzcdn.net/images/cover/817611288ed67d174201c50493ba4750/500x500-000000-80-0-0.jpg
deezer_11472168,Spectre (Original Motion Picture Soundtrack),Thomas Newman,2015,2010s,Soundtracks,https://cdn-images.dzcdn.net/images/cover/ed8e5493cc91b610882dc9ce6b6aa884/500x500-000000-80-0-0.jpg
deezer_11254550,He Named Me Malala (Original Motion Picture Soundtrack),Thomas Newman,2015,2010s,Soundtracks,https://cdn-images.dzcdn.net/images/cover/9bc68e065f219de190372bc0ed1ab336/500x500-000000-80-0-0.jpg
deezer_9620686,The Second Best Exotic Marigold Hotel (Original Motion Picture Soundtrack),Thomas Newman,2015,2010s,Soundtracks,https://cdn-images.dzcdn.net/images/cover/234e48c825f47ff879bf411fd94e7190/500x500-000000-80-0-0.jpg
deezer_11428532,Bridge of Spies (Original Motion Picture Soundtrack),Thomas Newman,2015,2010s,Soundtracks,https://cdn-images.dzcdn.net/images/cover/836013d6fd8e2f6dd210887472a76fdc/500x500-000000-80-0-0.jpg
deezer_90170432,The Judge (Original Motion Picture Soundtrack),Thomas Newman,2014,2010s,Soundtracks,https://cdn-images.dzcdn.net/images/cover/470824d5db28c1c6bd9644ad3c7fe51c/500x500-000000-80-0-0.jpg
deezer_244531022,Side Effects (Original Motion Picture Soundtrack),Thomas Newman,2014,2010s,Soundtracks,https://cdn-images.dzcdn.net/images/cover/8ab244ca00f5a18ef1b6a68c02be5c47/500x500-000000-80-0-0.jpg
deezer_7104279,Saving Mr. Banks (Original Motion Picture Soundtrack),Thomas Newman,2013,2010s,Soundtracks,https://cdn-images.dzcdn.net/images/cover/2bf01193bf9015aa0d3b940defecc62c/500x500-000000-80-0-0.jpg
deezer_7164351,Saving Mr. Banks (Original Motion Picture Soundtrack Deluxe Edition),Thomas Newman,2013,2010s,Soundtracks,https://cdn-images.dzcdn.net/images/cover/58217eef4c7076788522111fe0d3a5c9/500x500-000000-80-0-0.jpg
deezer_6025412,Skyfall,Thomas Newman,2012,2010s,Soundtracks,https://cdn-images.dzcdn.net/images/cover/c027e11fb7e5b7f18b4833aecb285e86/500x500-000000-80-0-0.jpg
deezer_1538083,The Best Exotic Marigold Hotel,Thomas Newman,2012,2010s,Soundtracks,https://cdn-images.dzcdn.net/images/cover/5ca3b10e49c63e2c26605db4e0846e86/500x500-000000-80-0-0.jpg
deezer_1394162,The Iron Lady,Thomas Newman,2012,2010s,Soundtracks,https://cdn-images.dzcdn.net/images/cover/68201757da936659142ef19d58ccade6/500x500-000000-80-0-0.jpg
deezer_804491231,The Debt (Original Motion Picture Soundtrack),Thomas Newman,2011,2010s,Soundtracks,https://cdn-images.dzcdn.net/images/cover/baf64e787efbc396b095f154bfdd750d/500x500-000000-80-0-0.jpg
deezer_6187841,Original Motion Picture Soundtrack The Adjustment Bureau,Thomas Newman,2011,2010s,Soundtracks,https://cdn-images.dzcdn.net/images/cover/b929f83957d40e0d577fa953cb92d4a7/500x500-000000-80-0-0.jpg
deezer_321096927,The Help (Original Motion Picture Score),Thomas Newman,2011,2010s,Soundtracks,https://cdn-images.dzcdn.net/images/cover/5a47653bef794f1db5b0d287e5c14a2b/500x500-000000-80-0-0.jpg
deezer_260080,Revolutionary Road,Thomas Newman,2008,2000s,Soundtracks,https://cdn-images.dzcdn.net/images/cover/4d973a02853c8e00972f4417c3037433/500x500-000000-80-0-0.jpg
deezer_90184602,Little Children (Original Motion Picture Score),Thomas Newman,2006,2000s,Soundtracks,https://cdn-images.dzcdn.net/images/cover/b8469e7c2266fa94bab33d0c0b4fba8e/500x500-000000-80-0-0.jpg
deezer_12979194,The Good German (Original Motion Picture Soundtrack),Thomas Newman,2014,2010s,Soundtracks,https://cdn-images.dzcdn.net/images/cover/7b3343782a7229ec57af80412062a916/500x500-000000-80-0-0.jpg
deezer_291765,Cinderella Man (Original Motion Picture Soundtrack),Thomas Newman,2008,2000s,Soundtracks,https://cdn-images.dzcdn.net/images/cover/951b5be78aabbb55f53bbd51f258eecd/500x500-000000-80-0-0.jpg
deezer_231743,Jarhead,Thomas Newman,2005,2000s,Soundtracks,https://cdn-images.dzcdn.net/images/cover/eef3ae71facb39621e892508d2c9aede/500x500-000000-80-0-0.jpg
deezer_76080,Lemony Snicket's: A Series of Unfortunate Events (Music from the Motion Picture),Thomas Newman,2004,2000s,Soundtracks,https://cdn-images.dzcdn.net/images/cover/a45546beb7bdea76a8be8aec2138bf2c/500x500-000000-80-0-0.jpg
deezer_1031243422,Symphony No. 3 (Metaphysica) & Harp Concerto,Joe Hisaishi,2026,2020s,Soundtracks,https://cdn-images.dzcdn.net/images/cover/ee9f4e1fccac1eae53c160dd25dcb8c6/500x500-000000-80-0-0.jpg
deezer_892053362,Kiki: Entregas a domicilio,Joe Hisaishi,2026,2020s,Soundtracks,https://cdn-images.dzcdn.net/images/cover/60da6e8ba6f77ccdbeec9f44c0857e5a/500x500-000000-80-0-0.jpg
deezer_821829311,A Big Bold Beautiful Journey (Original Motion Picture Soundtrack),Joe Hisaishi,2025,2020s,Soundtracks,https://cdn-images.dzcdn.net/images/cover/65aa1ec6cb0a79acda7fdeb02a108499/500x500-000000-80-0-0.jpg
deezer_797562151,Joe Hisaishi Conducts,Joe Hisaishi,2025,2020s,Soundtracks,https://cdn-images.dzcdn.net/images/cover/6c67805d408d9936d7982cd5edfc66ea/500x500-000000-80-0-0.jpg
deezer_623974541,Merry-Go-Round: Studio Ghibli Music,Joe Hisaishi,2024,2020s,Soundtracks,https://cdn-images.dzcdn.net/images/cover/43c31bc3831a1fe821775b02c3b852ac/500x500-000000-80-0-0.jpg
deezer_734882991,"Schubert: Symphony No. 7 ""Unfinished"" & No. 8 ""The Great”",Joe Hisaishi,2024,2020s,Soundtracks,https://cdn-images.dzcdn.net/images/cover/84f37432e8aaefc53522aa1c43da839c/500x500-000000-80-0-0.jpg
deezer_604612792,Joe Hisaishi in Vienna: Symphony No. 2; Viola Saga,Joe Hisaishi,2024,2020s,Soundtracks,https://cdn-images.dzcdn.net/images/cover/1c5088309649ba569adc851d6ce16d0a/500x500-000000-80-0-0.jpg
deezer_535754902,Silent Love (Original Motion Picture Soundtrack),Joe Hisaishi,2024,2020s,Soundtracks,https://cdn-images.dzcdn.net/images/cover/b62ff4a30c7aac0df6dfaeddb56f5d9c/500x500-000000-80-0-0.jpg
deezer_518443962,Ghibli and Nostalgic Moments,Joe Hisaishi,2023,2020s,Soundtracks,https://cdn-images.dzcdn.net/images/cover/b208a7a33330d36f0ee6f289e8e814d7/500x500-000000-80-0-0.jpg
deezer_493048291,Studio Ghibli: Anime Music,Joe Hisaishi,2023,2020s,Soundtracks,https://cdn-images.dzcdn.net/images/cover/25a0079ce9723d8e7918be5170e3b6b1/500x500-000000-80-0-0.jpg
deezer_517003192,The Boy and the Heron - Original Soundtrack,Joe Hisaishi,2023,2020s,Soundtracks,https://cdn-images.dzcdn.net/images/cover/306b463a7ba93a9198a3ca25d5d76166/500x500-000000-80-0-0.jpg
deezer_456578265,A Symphonic Celebration - Music from the Studio Ghibli Films of Hayao Miyazaki,Joe Hisaishi,2023,2020s,Soundtracks,https://cdn-images.dzcdn.net/images/cover/8fede65ff738a612c3761829dcf071d9/500x500-000000-80-0-0.jpg
deezer_446250125,Studio Ghibli Wayô Piano Collection,Joe Hisaishi,2023,2020s,Soundtracks,https://cdn-images.dzcdn.net/images/cover/bff2ac5b050139a8df2f46036dabe7ae/500x500-000000-80-0-0.jpg
deezer_381594027,Joe Hisaishi presents Music Future Ⅵ,Joe Hisaishi,2022,2020s,Soundtracks,https://cdn-images.dzcdn.net/images/cover/58f323380495f0962fa39f8efdd51e92/500x500-000000-80-0-0.jpg
deezer_355707837,Studio Ghibli Official B-Sides and Rarities Album,Joe Hisaishi,2022,2020s,Soundtracks,https://cdn-images.dzcdn.net/images/cover/5ffedf569a94eb98ace7934fc72f3468/500x500-000000-80-0-0.jpg
deezer_335406707,Symphonic Suite “Princess Mononoke”2021 (Live),Joe Hisaishi,2022,2020s,Soundtracks,https://cdn-images.dzcdn.net/images/cover/5ab652193305af852ba2df1078b1d4e4/500x500-000000-80-0-0.jpg
deezer_422177747,Joe Hisaishi presents Music Future V,Joe Hisaishi,2021,2020s,Soundtracks,https://cdn-images.dzcdn.net/images/cover/d16334a2270e0d757a8d6fa093f2b908/500x500-000000-80-0-0.jpg
deezer_251535762,Songs of Hope: The Essential Joe Hisaishi Vol. 2,Joe Hisaishi,2021,2020s,Soundtracks,https://cdn-images.dzcdn.net/images/cover/144b2edf89a354e928f67758c351fa60/500x500-000000-80-0-0.jpg
deezer_242334742,MinimalRhythm IV,Joe Hisaishi,2021,2020s,Soundtracks,https://cdn-images.dzcdn.net/images/cover/a7c79a34401e3409858f666d7e161e13/500x500-000000-80-0-0.jpg
deezer_207138052,Soul Snatcher (Original Motion Picture Soundtrack),Joe Hisaishi,2021,2020s,Soundtracks,https://cdn-images.dzcdn.net/images/cover/2c00dccad291355a7cbf924aa682f125/500x500-000000-80-0-0.jpg
deezer_167063912,Symphonic Suite “Kiki’s Delivery Service”,Joe Hisaishi,2020,2020s,Soundtracks,https://cdn-images.dzcdn.net/images/cover/ebbab9c02fc56082a093a63209415409/500x500-000000-80-0-0.jpg
deezer_278497362,Brahms: Symphony No. 1,Joe Hisaishi,2020,2020s,Soundtracks,https://cdn-images.dzcdn.net/images/cover/afe93246ed9f49df7198b71587dc9989/500x500-000000-80-0-0.jpg
deezer_132007832,Dream Songs: The Essential Joe Hisaishi,Joe Hisaishi,2020,2020s,Soundtracks,https://cdn-images.dzcdn.net/images/cover/94368294da0e04877624f70516362d9c/500x500-000000-80-0-0.jpg
deezer_278367472,Stravinsky: The Rite of Spring,Joe Hisaishi,2020,2020s,Soundtracks,https://cdn-images.dzcdn.net/images/cover/dacfb614fedc40b7a10ce552b6125530/500x500-000000-80-0-0.jpg
deezer_107646372,Ni No Kuni The Movie (Original Motion Pictrure Soundtrack),Joe Hisaishi,2019,2010s,Soundtracks,https://cdn-images.dzcdn.net/images/cover/60805c614d94c5062eef24a6c494a931/500x500-000000-80-0-0.jpg
deezer_130750862,Spirited Away Suite (Live),Joe Hisaishi,2019,2010s,Soundtracks,https://cdn-images.dzcdn.net/images/cover/d7501f9aab8aef2ad5925a9eb0fda96e/500x500-000000-80-0-0.jpg
deezer_132010242,Children of The Sea (Original Motion Picture Soundtrack),Joe Hisaishi,2019,2010s,Soundtracks,https://cdn-images.dzcdn.net/images/cover/f6fc276992e24ed5aed39bc0717d8cb5/500x500-000000-80-0-0.jpg
deezer_132009312,Symphonic Suite Castle In The Sky,Joe Hisaishi,2018,2010s,Soundtracks,https://cdn-images.dzcdn.net/images/cover/01897506c87f61a195a02078238ccc34/500x500-000000-80-0-0.jpg
deezer_277576262,Beethoven: Symphonies No. 7 & No. 8,Joe Hisaishi,2018,2010s,Soundtracks,https://cdn-images.dzcdn.net/images/cover/1519a59327ccb9dd836456e70f996a7d/500x500-000000-80-0-0.jpg
deezer_278521492,Beethoven: Symphony No. 2 & No. 5,Joe Hisaishi,2018,2010s,Soundtracks,https://cdn-images.dzcdn.net/images/cover/26230ad2b49820624f2f6352ea53303f/500x500-000000-80-0-0.jpg
deezer_59888912,"TV Drama ""Onna Nobunaga"" Original Soundtrack",Joe Hisaishi,2017,2010s,Soundtracks,https://cdn-images.dzcdn.net/images/cover/206b25ea8e10cb00087232bcb60c7afe/500x500-000000-80-0-0.jpg
deezer_278505362,Beethoven: Symphonies No. 1 & No. 3 ''Eroica'',Joe Hisaishi,2017,2010s,Soundtracks,https://cdn-images.dzcdn.net/images/cover/d0aa61062b2b032595b3afb4ce5fda61/500x500-000000-80-0-0.jpg
deezer_132008632,Minimalrhythm III,Joe Hisaishi,2017,2010s,Soundtracks,https://cdn-images.dzcdn.net/images/cover/3d0ffa98560fa5419bb8158638da189e/500x500-000000-80-0-0.jpg
deezer_278349922,Joe Hisaishi presents Music Future 2015,Joe Hisaishi,2017,2010s,Soundtracks,https://cdn-images.dzcdn.net/images/cover/6cc28c8f20cda1dfe27af192f8ab54f2/500x500-000000-80-0-0.jpg
deezer_132008752,The End of the World (Live At Joe Hisaishi & World Dream Orchestra 2015),Joe Hisaishi,2016,2010s,Soundtracks,https://cdn-images.dzcdn.net/images/cover/a3aa5c24bc57b11f230948024fc9abea/500x500-000000-80-0-0.jpg
deezer_132008512,MinimalRhythm II,Joe Hisaishi,2015,2010s,Soundtracks,https://cdn-images.dzcdn.net/images/cover/dec5510a91bb6c3d657c3c30de4d8070/500x500-000000-80-0-0.jpg
deezer_8760597,Works IV -Dream of W.D.O.- (Live),Joe Hisaishi,2014,2010s,Soundtracks,https://cdn-images.dzcdn.net/images/cover/4694eb190f6643560e3c91056239e360/500x500-000000-80-0-0.jpg
deezer_893838762,THE LITTLE HOUSE (Original Motion Picture Soundtrack),Joe Hisaishi,2014,2010s,Soundtracks,https://cdn-images.dzcdn.net/images/cover/316a9520c72aa64771884a568eb0088c/500x500-000000-80-0-0.jpg
deezer_181915102,The Tale of The Princess Kaguya Soundtrack,Joe Hisaishi,2013,2010s,Soundtracks,https://cdn-images.dzcdn.net/images/cover/bfab60c00cec084de130073733c24c10/500x500-000000-80-0-0.jpg
deezer_181914382,The Wind Rises Soundtrack,Joe Hisaishi,2013,2010s,Soundtracks,https://cdn-images.dzcdn.net/images/cover/9e24ab9892e7bd9a5e92b82a89c21ae8/500x500-000000-80-0-0.jpg
deezer_137306092,Ni no Kuni: Wrath of the White Witch [Original Soundtrack],Joe Hisaishi,2013,2010s,Soundtracks,https://cdn-images.dzcdn.net/images/cover/09f9fb4e841fdd878a0a4f31fbba5a34/500x500-000000-80-0-0.jpg
deezer_893833132,TOKYO FAMILY (Original Motion Picture Soundtrack),Joe Hisaishi,2013,2010s,Soundtracks,https://cdn-images.dzcdn.net/images/cover/97f1f12f9f8ad05c95e58c28121f6bd1/500x500-000000-80-0-0.jpg
deezer_636180191,"NHK Special Drama ""Saka No Ue No Kumo"" (Original Motion Picture Soundtrack Soushuhen)",Joe Hisaishi,2012,2010s,Soundtracks,https://cdn-images.dzcdn.net/images/cover/d8295f741955b9fdc1d2a48d83945eea/500x500-000000-80-0-0.jpg
deezer_181914322,La Folía - Mr. Dough and the Egg Princess Soundtrack,Joe Hisaishi,2014,2010s,Soundtracks,https://cdn-images.dzcdn.net/images/cover/22aa6c632eb4de171dcf3f1ae482ddbb/500x500-000000-80-0-0.jpg
deezer_132007502,Melodyphony,Joe Hisaishi,2020,2020s,Soundtracks,https://cdn-images.dzcdn.net/images/cover/a2298130b9989cd77659042f1286b7a1/500x500-000000-80-0-0.jpg
deezer_151880982,Akunin,Joe Hisaishi,2010,2010s,Soundtracks,https://cdn-images.dzcdn.net/images/cover/a587ef9f73d966dc1fa25e8d47b4fdcd/500x500-000000-80-0-0.jpg
deezer_132009812,MinimalRhythm,Joe Hisaishi,2020,2020s,Soundtracks,https://cdn-images.dzcdn.net/images/cover/3b91c6e056d1cab0256d527a1087a545/500x500-000000-80-0-0.jpg
deezer_132007462,Another Piano Stories -The End of the World-,Joe Hisaishi,2020,2020s,Soundtracks,https://cdn-images.dzcdn.net/images/cover/a1e2b5b38e83f28a9057f4164a1c3745/500x500-000000-80-0-0.jpg
deezer_132010022,Departures (Original Motion Picture Soundtrack),Joe Hisaishi,2020,2020s,Soundtracks,https://cdn-images.dzcdn.net/images/cover/d5a0036639d089424fad1ec8e4c973cc/500x500-000000-80-0-0.jpg
deezer_181915702,Ponyo on the Cliff by the Sea Soundtrack,Joe Hisaishi,2009,2000s,Soundtracks,https://cdn-images.dzcdn.net/images/cover/d3a5cc7105270604335da46a95c2e125/500x500-000000-80-0-0.jpg
deezer_1027942262,12 Conversations,Ryuichi Sakamoto,2026,2020s,Soundtracks,https://cdn-images.dzcdn.net/images/cover/b0f95b859a177316a2e1dcf913119fbf/500x500-000000-80-0-0.jpg
deezer_618777311,Opus,Ryuichi Sakamoto,2024,2020s,Soundtracks,https://cdn-images.dzcdn.net/images/cover/1e9c0140469d0cd40460179ea3bacd4f/500x500-000000-80-0-0.jpg
deezer_509299281,Monster (Original Motion Picture Soundtrack),Ryuichi Sakamoto,2023,2020s,Soundtracks,https://cdn-images.dzcdn.net/images/cover/b8b6175d6e5a8788291c9fae5be05823/500x500-000000-80-0-0.jpg
deezer_448022285,Travesía,Ryuichi Sakamoto,2023,2020s,Soundtracks,https://cdn-images.dzcdn.net/images/cover/06d9cb8ad52a6eeb3f363b296cdf12f8/500x500-000000-80-0-0.jpg
deezer_376111667,12,Ryuichi Sakamoto,2023,2020s,Soundtracks,https://cdn-images.dzcdn.net/images/cover/4b85d59a718b18287e9260b375c6d04d/500x500-000000-80-0-0.jpg
deezer_375354227,A Tribute to Ryuichi Sakamoto - To the Moon and Back,Ryuichi Sakamoto,2022,2020s,Soundtracks,https://cdn-images.dzcdn.net/images/cover/38e5045e20c4ec888c601de4b5cdc17d/500x500-000000-80-0-0.jpg
deezer_354130707,"Opening for ""Exception"" / oxygen [from ""Exception"" Soundtrack]",Ryuichi Sakamoto,2022,2020s,Soundtracks,https://cdn-images.dzcdn.net/images/cover/1767f287e49a4f8158a7eedc0f25d43a/500x500-000000-80-0-0.jpg
deezer_363542017,Exception (Soundtrack from the Netflix Anime Series),Ryuichi Sakamoto,2022,2020s,Soundtracks,https://cdn-images.dzcdn.net/images/cover/e066abac646396913d9acf23ddb560d0/500x500-000000-80-0-0.jpg
deezer_340477057,Suite for Krug in 2008,Ryuichi Sakamoto,2022,2020s,Soundtracks,https://cdn-images.dzcdn.net/images/cover/cb84e9fcc55b97b37747b9634be183ac/500x500-000000-80-0-0.jpg
deezer_271778162,Playing the Piano 12122020,Ryuichi Sakamoto,2021,2020s,Soundtracks,https://cdn-images.dzcdn.net/images/cover/49cad0e7d6e63c2a95dfbb7f0354b490/500x500-000000-80-0-0.jpg
deezer_259157922,GARDEN OF SHADOWS AND LIGHT,Ryuichi Sakamoto,2021,2020s,Soundtracks,https://cdn-images.dzcdn.net/images/cover/83d289e953dc4d7309e0d1e36bff62ac/500x500-000000-80-0-0.jpg
deezer_247154662,Beckett (Music from the Netflix Film),Ryuichi Sakamoto,2021,2020s,Soundtracks,https://cdn-images.dzcdn.net/images/cover/aa77e9c81e9f42c73a4fb13a42bc5fbb/500x500-000000-80-0-0.jpg
deezer_243687282,Minamata (Original Motion Picture Soundtrack),Ryuichi Sakamoto,2021,2020s,Soundtracks,https://cdn-images.dzcdn.net/images/cover/a5b6e0265583c5335a5c8e213ab63fe9/500x500-000000-80-0-0.jpg
deezer_710795711,The Staggering Girl (Original Motion Picture Soundtrack),Ryuichi Sakamoto,2020,2020s,Soundtracks,https://cdn-images.dzcdn.net/images/cover/7b0d66cd930f6f2da4e5d3b5065cee1e/500x500-000000-80-0-0.jpg
deezer_119690752,Proxima (Original Motion Picture Soundtrack),Ryuichi Sakamoto,2019,2010s,Soundtracks,https://cdn-images.dzcdn.net/images/cover/4fbf2331d16bb4d073a5d88df8fadc22/500x500-000000-80-0-0.jpg
deezer_144946172,Two (Live at Sydney Opera House),Ryuichi Sakamoto,2019,2010s,Soundtracks,https://cdn-images.dzcdn.net/images/cover/5657bcb9376f7097f4702dbcc8a7af1a/500x500-000000-80-0-0.jpg
deezer_159861142,Live In London,Ryuichi Sakamoto,2019,2010s,Soundtracks,https://cdn-images.dzcdn.net/images/cover/583229e7da9d65cd0ff910186df39d10/500x500-000000-80-0-0.jpg
deezer_159237562,Black Mirror: Smithereens (Original Soundtrack),Ryuichi Sakamoto,2019,2010s,Soundtracks,https://cdn-images.dzcdn.net/images/cover/327e86490f46ec228c8e27518b110510/500x500-000000-80-0-0.jpg
deezer_151880622,Glenn Gould Gathering,Ryuichi Sakamoto,2018,2010s,Soundtracks,https://cdn-images.dzcdn.net/images/cover/379cd574dda7d3deb1cddbf271837f0e/500x500-000000-80-0-0.jpg
deezer_143991532,Glass,Ryuichi Sakamoto,2018,2010s,Soundtracks,https://cdn-images.dzcdn.net/images/cover/42e2b32fe4e36bdb81cb439aed98ed8b/500x500-000000-80-0-0.jpg
deezer_203525672,The Fortress (Original Motion Picture Soundtrack),Ryuichi Sakamoto,2017,2010s,Soundtracks,https://cdn-images.dzcdn.net/images/cover/5de9a6a978cebe02c7b9417192d337e7/500x500-000000-80-0-0.jpg
deezer_140733492,async,Ryuichi Sakamoto,2017,2010s,Soundtracks,https://cdn-images.dzcdn.net/images/cover/ee4d7f4427dcc9bf350203bbadbf92ea/500x500-000000-80-0-0.jpg
deezer_548871102,async - immersion 2023,Ryuichi Sakamoto,2024,2020s,Soundtracks,https://cdn-images.dzcdn.net/images/cover/fe476fac553b8c37c453a4fe0b456465/500x500-000000-80-0-0.jpg
deezer_140688922,async remodels,Ryuichi Sakamoto,2017,2010s,Soundtracks,https://cdn-images.dzcdn.net/images/cover/c0d44a63e84d40485ba3e61a1d5ff54b/500x500-000000-80-0-0.jpg
deezer_804552471,Ryuichi Sakamoto - Music For Film,Ryuichi Sakamoto,2016,2010s,Soundtracks,https://cdn-images.dzcdn.net/images/cover/129455c1e6d1e0e75687e18e3ec0ac50/500x500-000000-80-0-0.jpg
deezer_130050062,Rage (Original Soundtrack Album),Ryuichi Sakamoto,2020,2020s,Soundtracks,https://cdn-images.dzcdn.net/images/cover/04fd34735d5993fc4856bc5331092008/500x500-000000-80-0-0.jpg
deezer_515612072,Plankton,Ryuichi Sakamoto,2016,2010s,Soundtracks,https://cdn-images.dzcdn.net/images/cover/30a2a567e6e96d844b38c938ad0690c9/500x500-000000-80-0-0.jpg
deezer_152169872,The Revenant (Original Motion Picture Soundtrack),Ryuichi Sakamoto,2016,2010s,Soundtracks,https://cdn-images.dzcdn.net/images/cover/e50322eb4a524078ae5c72de9816d8b7/500x500-000000-80-0-0.jpg
deezer_518104902,Nagasaki: Memories of my Son (Original Soundtrack Album),Ryuichi Sakamoto,2015,2010s,Soundtracks,https://cdn-images.dzcdn.net/images/cover/b12b1ec5e885716d84a63b545264a431/500x500-000000-80-0-0.jpg
deezer_327995907,The Best of 'Playing the Orchestra 2014',Ryuichi Sakamoto,2015,2010s,Soundtracks,https://cdn-images.dzcdn.net/images/cover/239eb8b45bc35a3e655fee24a75808d0/500x500-000000-80-0-0.jpg
deezer_9477710,Perpetual,Ryuichi Sakamoto,2015,2010s,Soundtracks,https://cdn-images.dzcdn.net/images/cover/ecf3b18b7854c3bc0eae5527b190172f/500x500-000000-80-0-0.jpg
deezer_385772027,NHK大河ﾄﾞﾗﾏ｢八重の桜｣- ｵﾘｼﾞﾅﾙ･ｻｳﾝﾄﾞﾄﾗｯｸ III,Ryuichi Sakamoto,2013,2010s,Soundtracks,https://cdn-images.dzcdn.net/images/cover/d2b8b9adbcb01cebf9183879deb4cf09/500x500-000000-80-0-0.jpg
deezer_6845139,Disappearance,Ryuichi Sakamoto,2013,2010s,Soundtracks,https://cdn-images.dzcdn.net/images/cover/4d0a4369fd12beea3a938ed86280ce68/500x500-000000-80-0-0.jpg
deezer_385771997,NHK大河ﾄﾞﾗﾏ｢八重の桜｣ｵﾘｼﾞﾅﾙ･ｻｳﾝﾄﾞﾄﾗｯｸ II,Ryuichi Sakamoto,2013,2010s,Soundtracks,https://cdn-images.dzcdn.net/images/cover/09c19e632b0b5e3f66f9a389bcb26c2d/500x500-000000-80-0-0.jpg
deezer_385771907,NHK大河ﾄﾞﾗﾏ｢八重の桜｣ｵﾘｼﾞﾅﾙ･ｻｳﾝﾄﾞﾄﾗｯｸ I,Ryuichi Sakamoto,2013,2010s,Soundtracks,https://cdn-images.dzcdn.net/images/cover/e904abc94f4a1a938b9b00ca95edb1bb/500x500-000000-80-0-0.jpg
deezer_385779247,NHK大河ﾄﾞﾗﾏ｢八重の桜｣ ｵﾘｼﾞﾅﾙ･ｻｳﾝﾄﾞﾄﾗｯｸ ｺﾝﾌﾟﾘｰﾄ盤,Ryuichi Sakamoto,2014,2010s,Soundtracks,https://cdn-images.dzcdn.net/images/cover/ece46611600deb5d50815518ccedb6bf/500x500-000000-80-0-0.jpg
deezer_251645122,THREE,Ryuichi Sakamoto,2013,2010s,Soundtracks,https://cdn-images.dzcdn.net/images/cover/71d475a65a044382f2caef662c2762f4/500x500-000000-80-0-0.jpg
deezer_6808913,Ancient Future,Ryuichi Sakamoto,2012,2010s,Soundtracks,https://cdn-images.dzcdn.net/images/cover/4c8e15f60af60e5a02cdf1006b274c7b/500x500-000000-80-0-0.jpg
deezer_1342063,Flumina,Ryuichi Sakamoto,2011,2010s,Soundtracks,https://cdn-images.dzcdn.net/images/cover/2dc8c8a6120e89ca13af76179cdf4ee0/500x500-000000-80-0-0.jpg
deezer_144059602,Summvs,Ryuichi Sakamoto,2011,2010s,Soundtracks,https://cdn-images.dzcdn.net/images/cover/2a6ab1435220ccc0ef42c22f62ec4b8e/500x500-000000-80-0-0.jpg
deezer_251640812,Playing The Piano,Ryuichi Sakamoto,2009,2000s,Soundtracks,https://cdn-images.dzcdn.net/images/cover/bfd3a5191002ceb1f778905d57820c72/500x500-000000-80-0-0.jpg
deezer_251645202,out of noise,Ryuichi Sakamoto,2009,2000s,Soundtracks,https://cdn-images.dzcdn.net/images/cover/2913496edd794e6621a661ac78cf5123/500x500-000000-80-0-0.jpg
deezer_144900332,Utp_,Ryuichi Sakamoto,2009,2000s,Soundtracks,https://cdn-images.dzcdn.net/images/cover/27c64282b3f97d569cd9fa20b7c11776/500x500-000000-80-0-0.jpg
deezer_704245,Cendre,Ryuichi Sakamoto,2007,2000s,Soundtracks,https://cdn-images.dzcdn.net/images/cover/79a0d22b328f6d73e8aa46e546f8c4fa/500x500-000000-80-0-0.jpg
deezer_119044282,Bricolages,Ryuichi Sakamoto,2006,2000s,Soundtracks,https://cdn-images.dzcdn.net/images/cover/90d6cb442db64fbe8de4c967289f0599/500x500-000000-80-0-0.jpg
deezer_119527932,Tony Takitani,Ryuichi Sakamoto,2005,2000s,Soundtracks,https://cdn-images.dzcdn.net/images/cover/0f723020908fc1d52617649648de64ec/500x500-000000-80-0-0.jpg
deezer_119528002,Shining Boy & Little Randy (Original Motion Picture Soundtrack),Ryuichi Sakamoto,2005,2000s,Soundtracks,https://cdn-images.dzcdn.net/images/cover/6df6e338df8247edeff9bc6be3d98d04/500x500-000000-80-0-0.jpg
deezer_496745501,Favorite Visions,Ryuichi Sakamoto,2005,2000s,Soundtracks,https://cdn-images.dzcdn.net/images/cover/d9aff6959fb0407440ed1e0323385904/500x500-000000-80-0-0.jpg
deezer_9398014,Peter Gunn,Henry Mancini,2014,2010s,Soundtracks,https://cdn-images.dzcdn.net/images/cover/0e8ea94c9a4bc56fdec23cc3e4152486/500x500-000000-80-0-0.jpg
deezer_9070601,The Classic Soundtrack Collection,Henry Mancini,2015,2010s,Soundtracks,https://cdn-images.dzcdn.net/images/cover/0f1f0223db422f6623cbe7d7a1ecb2e6/500x500-000000-80-0-0.jpg
deezer_281400051,Playboy Themes,Henry Mancini,2014,2010s,Soundtracks,https://cdn-images.dzcdn.net/images/cover/fb5c8cf9d0d5dde6d6b9f67256dedb5b/500x500-000000-80-0-0.jpg
deezer_6955631,Lifeforce (Original Motion Picture Soundtrack),Henry Mancini,2013,2010s,Soundtracks,https://cdn-images.dzcdn.net/images/cover/eeefead0e8b75c163e3c7b6c0016efa5/500x500-000000-80-0-0.jpg
deezer_235035202,Condorman (Original Motion Picture Soundtrack),Henry Mancini,2021,2020s,Soundtracks,https://cdn-images.dzcdn.net/images/cover/f6a2d2a9cb139958ba9169881f260d32/500x500-000000-80-0-0.jpg
deezer_8286864,The Essential Henry Mancini,Henry Mancini,2010,2010s,Soundtracks,https://cdn-images.dzcdn.net/images/cover/c8796786c6d59a2e8c6da869c7e92c19/500x500-000000-80-0-0.jpg
deezer_73836,Pink Panther Lounge,Henry Mancini,2006,2000s,Soundtracks,https://cdn-images.dzcdn.net/images/cover/d36382c8661bd196d60800e1a7a817e6/500x500-000000-80-0-0.jpg
deezer_747503591,The Thorn Birds (Original Television Soundtrack / Deluxe Encore Edition),Henry Mancini,2025,2020s,Soundtracks,https://cdn-images.dzcdn.net/images/cover/4727bba4d148e783ff3e1c94fe7983da/500x500-000000-80-0-0.jpg
deezer_76261,"Midnight, Moonlight & Magic: The Very Best of Henry Mancini",Henry Mancini,2004,2000s,Soundtracks,https://cdn-images.dzcdn.net/images/cover/cc8f25d4b0955b7eb8bcab17c01db96a/500x500-000000-80-0-0.jpg
deezer_100919,Ultimate Mancini,Henry Mancini,2004,2000s,Soundtracks,https://cdn-images.dzcdn.net/images/cover/b823a50956fe975938e01eba2f43b387/500x500-000000-80-0-0.jpg
deezer_7063050,Adagio Paradiso,Henry Mancini,2002,2000s,Soundtracks,https://cdn-images.dzcdn.net/images/cover/3d23f4a1d20af8a8734105b52d2866da/500x500-000000-80-0-0.jpg
deezer_107477,Greatest Hits - The Best of Henry Mancini,Henry Mancini,2000,2000s,Soundtracks,https://cdn-images.dzcdn.net/images/cover/b2c596688fe485e1bfb75bb89ed6fbc8/500x500-000000-80-0-0.jpg
deezer_1456610,Greatest Christmas Songs,Henry Mancini,2000,2000s,Soundtracks,https://cdn-images.dzcdn.net/images/cover/89aba4e8725b15f2d7026673e76209ec/500x500-000000-80-0-0.jpg
deezer_73122,Legends - Henry Mancini,Henry Mancini,2004,2000s,Soundtracks,https://cdn-images.dzcdn.net/images/cover/42fded43d97abfcb20842fe7967cd2d1/500x500-000000-80-0-0.jpg
deezer_114162,Martinis With Mancini,Henry Mancini,1997,1990s,Soundtracks,https://cdn-images.dzcdn.net/images/cover/37ad77e51bfc3383cd5658b69456d461/500x500-000000-80-0-0.jpg
deezer_114510,The Days Of Wine And Roses,Henry Mancini,1995,1990s,Soundtracks,https://cdn-images.dzcdn.net/images/cover/c99f8eafb188c9e24d15bb43f20933af/500x500-000000-80-0-0.jpg
deezer_1213141,"Themes From The Godfather, Romeo & Juliet, Jaws, Earthquake, Love Story, Summer of '42",Henry Mancini,1993,1990s,Soundtracks,https://cdn-images.dzcdn.net/images/cover/94c36d379e585d9008270bf35febacd8/500x500-000000-80-0-0.jpg
deezer_1213463,Moon River,Henry Mancini,1993,1990s,Soundtracks,https://cdn-images.dzcdn.net/images/cover/e828c23f622059f9b9a3b333590af206/500x500-000000-80-0-0.jpg
deezer_1213948,Mancini In Hollywood - Mr. Lucky & Other Film & TV Greats,Henry Mancini,1993,1990s,Soundtracks,https://cdn-images.dzcdn.net/images/cover/69746da3e17460b7c5788b38edf92d81/500x500-000000-80-0-0.jpg
deezer_1210995,Legendary Performer,Henry Mancini,1992,1990s,Soundtracks,https://cdn-images.dzcdn.net/images/cover/4e46bca35d7b67cfca5072e1d16f6e25/500x500-000000-80-0-0.jpg
deezer_1210735,As Time Goes By,Henry Mancini,1992,1990s,Soundtracks,https://cdn-images.dzcdn.net/images/cover/3b25cf7a4528836269808ccfcdf06334/500x500-000000-80-0-0.jpg
deezer_320874347,The Adventures Of The Great Mouse Detective (Original Motion Picture Soundtrack),Henry Mancini,2014,2010s,Soundtracks,https://cdn-images.dzcdn.net/images/cover/72316dcaa2d1b8deb9804648c75c48d0/500x500-000000-80-0-0.jpg
deezer_13028884,Switch (Music From The Film Score),Henry Mancini,2014,2010s,Soundtracks,https://cdn-images.dzcdn.net/images/cover/b5c5dd2c69df0a40fedac2a7b9717b92/500x500-000000-80-0-0.jpg
deezer_931787301,"Mancini In Surround - Mostly Monsters, Murders & Mysteries",Henry Mancini,2026,2020s,Soundtracks,https://cdn-images.dzcdn.net/images/cover/4c146f0a33412e9bd3df2625d95c9647/500x500-000000-80-0-0.jpg
deezer_74438222,Mancini Rocks The Pops,Henry Mancini,2018,2010s,Soundtracks,https://cdn-images.dzcdn.net/images/cover/1a767e5a9ff0cf4de4c276b9d480ef5f/500x500-000000-80-0-0.jpg
deezer_1209598,"All Time Greatest Hits, Vol. 1",Henry Mancini,1988,1980s,Soundtracks,https://cdn-images.dzcdn.net/images/cover/cfa95fdfde8ec7c90f5d01e2a0a50ce0/500x500-000000-80-0-0.jpg
deezer_79089602,Premier Pops,Henry Mancini,2009,2000s,Soundtracks,https://cdn-images.dzcdn.net/images/cover/64ca01c8005e6b307e5094a3626d5270/500x500-000000-80-0-0.jpg
deezer_659082,The Third Man - Cinema Gala,Henry Mancini,2010,2010s,Soundtracks,https://cdn-images.dzcdn.net/images/cover/668aeb75a79547b7d73a9497700ba22b/500x500-000000-80-0-0.jpg
deezer_1208926,The Pink Panther And Other Hits,Henry Mancini,1992,1990s,Soundtracks,https://cdn-images.dzcdn.net/images/cover/c829aa81ccf9e299047fd0bb3ac2304e/500x500-000000-80-0-0.jpg
deezer_1211184,The Hollywood Musicals,Henry Mancini,1986,1980s,Soundtracks,https://cdn-images.dzcdn.net/images/cover/a4cc1d1055cdc03a3f744d196b93578d/500x500-000000-80-0-0.jpg
deezer_6446567,Mamma,Henry Mancini,2007,2000s,Soundtracks,https://cdn-images.dzcdn.net/images/cover/0210966e5990b35f16dc52e2ee87771b/500x500-000000-80-0-0.jpg
deezer_8722085,In The Pink,Henry Mancini,2014,2010s,Soundtracks,https://cdn-images.dzcdn.net/images/cover/7da2db5ffa9e7e0815ce9de0265c5712/500x500-000000-80-0-0.jpg
deezer_304330,The Trail of the Pink Panther: Music From The Motion Picture,Henry Mancini,2009,2000s,Soundtracks,https://cdn-images.dzcdn.net/images/cover/c23d7ed440b0e3fdfc61503f56176e90/500x500-000000-80-0-0.jpg
deezer_1211492,Best Of,Henry Mancini,1988,1980s,Soundtracks,https://cdn-images.dzcdn.net/images/cover/393624b062128a4cd986d7d9ad356a15/500x500-000000-80-0-0.jpg
deezer_9398008,Who Is Killing the Great Chefs of Europe?,Henry Mancini,2014,2010s,Soundtracks,https://cdn-images.dzcdn.net/images/cover/65e0ba9ae2e1a8a487281807dc2fff12/500x500-000000-80-0-0.jpg
deezer_8304890,The Theme Scene,Henry Mancini,2012,2010s,Soundtracks,https://cdn-images.dzcdn.net/images/cover/55a870fb7adb3fd71e6f24155b527006/500x500-000000-80-0-0.jpg
deezer_306537,Revenge Of The Pink Panther (Original Motion Picture Soundtrack),Henry Mancini,2009,2000s,Soundtracks,https://cdn-images.dzcdn.net/images/cover/f53e6d8fa1360ed8b142b2b8a10a51c4/500x500-000000-80-0-0.jpg
deezer_8304896,Mancini's Angels,Henry Mancini,1977,1970s,Soundtracks,https://cdn-images.dzcdn.net/images/cover/c631ecbb9de2ebf12ecc3fb1892f8904/500x500-000000-80-0-0.jpg
deezer_11043464,Just You and Me Together Love,Henry Mancini,2015,2010s,Soundtracks,https://cdn-images.dzcdn.net/images/cover/2c4acdbb4cfb326f97a62f5498571bab/500x500-000000-80-0-0.jpg
deezer_562869202,In a Concert of Film Music,Henry Mancini,1976,1970s,Soundtracks,https://cdn-images.dzcdn.net/images/cover/7acabf5ec7c4bb43ad22b3010951b319/500x500-000000-80-0-0.jpg
deezer_1041585522,Henry Mancini Conducts The London Symphony Orchestra In A Concert Of Film Music,Henry Mancini,1976,1970s,Soundtracks,https://cdn-images.dzcdn.net/images/cover/e28acc697fd43d60710711d51c191b90/500x500-000000-80-0-0.jpg
deezer_12330264,The Great Waldo Pepper (Original Motion Picture Soundtrack),Henry Mancini,2016,2010s,Soundtracks,https://cdn-images.dzcdn.net/images/cover/a1334c493631dab86975b34be3a8906f/500x500-000000-80-0-0.jpg
deezer_12384450,W.C. Fields And Me (Original Motion Picture Soundtrack),Henry Mancini,2016,2010s,Soundtracks,https://cdn-images.dzcdn.net/images/cover/a9c48c5e7b5b4d880c906f86336c4470/500x500-000000-80-0-0.jpg
deezer_11043458,The Cop Show Themes,Henry Mancini,2015,2010s,Soundtracks,https://cdn-images.dzcdn.net/images/cover/97905e7d1fd84dd89fc810444bad1ee4/500x500-000000-80-0-0.jpg
deezer_620961,Pure Gold,Henry Mancini,1975,1970s,Soundtracks,https://cdn-images.dzcdn.net/images/cover/40d9c18c3ecd05eda50532fa92817b1d/500x500-000000-80-0-0.jpg
deezer_555238,"Brass, Ivory & Strings",Henry Mancini,2010,2010s,Soundtracks,https://cdn-images.dzcdn.net/images/cover/f8c1c14ddb3ae29dfb6308b6c99b495b/500x500-000000-80-0-0.jpg
deezer_555223,Brass On Ivory (with Doc Severinsen & His Orchestra and Chorus),Henry Mancini,2010,2010s,Soundtracks,https://cdn-images.dzcdn.net/images/cover/5e7fef71ded64c5ade75d537ea4c5034/500x500-000000-80-0-0.jpg
deezer_555226,"Big Screen, Little Screen",Henry Mancini,1972,1970s,Soundtracks,https://cdn-images.dzcdn.net/images/cover/32ec10037b53da0f5fd95f6c072e7d36/500x500-000000-80-0-0.jpg
deezer_484897635,Miss Sloane (Original Motion Picture Soundtrack),Max Richter,2016,2010s,Soundtracks,https://cdn-images.dzcdn.net/images/cover/505cbd328b3ab5d5f4aca88a1684e277/500x500-000000-80-0-0.jpg
deezer_1050911942,WH1TNEY (Expanded Edition),Whitney Houston,2026,2020s,R&B,https://cdn-images.dzcdn.net/images/cover/984749b7328d2e4e6c0db485e1c7e1c4/500x500-000000-80-0-0.jpg
deezer_663209571,The Concert for a New South Africa (Durban) (Live),Whitney Houston,2024,2020s,R&B,https://cdn-images.dzcdn.net/images/cover/e98a783709bebfd81792acad86edd930/500x500-000000-80-0-0.jpg
deezer_418782957,I Go To The Rock: The Gospel Music Of Whitney Houston,Whitney Houston,2023,2020s,R&B,https://cdn-images.dzcdn.net/images/cover/20a58a57273ca96824c866952689ec5a/500x500-000000-80-0-0.jpg
deezer_400941747,Don't Cry For Me (The Remixes),Whitney Houston,2023,2020s,R&B,https://cdn-images.dzcdn.net/images/cover/a70ea0e5e6cfefbc0925428024e7e932/500x500-000000-80-0-0.jpg
deezer_386468787,"I Wanna Dance With Somebody (The Movie: Whitney New, Classic and Reimagined)",Whitney Houston,2022,2020s,R&B,https://cdn-images.dzcdn.net/images/cover/0a9ca37020494e89898c68f617ca396a/500x500-000000-80-0-0.jpg
deezer_51387972,I Wish You Love: More From The Bodyguard,Whitney Houston,2017,2010s,R&B,https://cdn-images.dzcdn.net/images/cover/98d8a89a2b37c248340b1db790bba21f/500x500-000000-80-0-0.jpg
deezer_8985823,Whitney Houston Live: Her Greatest Performances,Whitney Houston,2014,2010s,R&B,https://cdn-images.dzcdn.net/images/cover/71f18ecc50a34231f7beb25dff590d1f/500x500-000000-80-0-0.jpg
deezer_250932152,I Will Always Love You: The Best Of Whitney Houston,Whitney Houston,2021,2020s,R&B,https://cdn-images.dzcdn.net/images/cover/161f3d08bc535518f89426855ed1b191/500x500-000000-80-0-0.jpg
deezer_438520,Million Dollar Bill Remixes,Whitney Houston,2009,2000s,R&B,https://cdn-images.dzcdn.net/images/cover/b0951ff19397f69a8528053948ffd22c/500x500-000000-80-0-0.jpg
deezer_112897462,I Look To You,Whitney Houston,2009,2000s,R&B,https://cdn-images.dzcdn.net/images/cover/3030bed3993801c4de11d40711bef712/500x500-000000-80-0-0.jpg
deezer_73404,Dance Vault Mixes - My Love Is Your Love,Whitney Houston,2006,2000s,R&B,https://cdn-images.dzcdn.net/images/cover/4fd9aa78d5438d9597dc4e4edc3337df/500x500-000000-80-0-0.jpg
deezer_73446,"Dance Vault Mixes - Same Script, Different Cast",Whitney Houston,2006,2000s,R&B,https://cdn-images.dzcdn.net/images/cover/cbcbdea6f43acfc5eed46644fdaf4886/500x500-000000-80-0-0.jpg
deezer_73447,Dance Vault Mixes -Step By Step,Whitney Houston,2006,2000s,R&B,https://cdn-images.dzcdn.net/images/cover/96971f76074eeb481907b82cadb06188/500x500-000000-80-0-0.jpg
deezer_73402,Dance Vault Mixes - I'm Every Woman/Who Do You Love,Whitney Houston,2006,2000s,R&B,https://cdn-images.dzcdn.net/images/cover/f32845e2f27a7b50a2012a15c61def68/500x500-000000-80-0-0.jpg
deezer_73355,Dance Vault Remixes - I Learned from the Best,Whitney Houston,2006,2000s,R&B,https://cdn-images.dzcdn.net/images/cover/4c58fe0f905794d650e4c14ef5f11d0b/500x500-000000-80-0-0.jpg
deezer_220453,Dance Vault Remixes - It's Not Right But It's Okay,Whitney Houston,2006,2000s,R&B,https://cdn-images.dzcdn.net/images/cover/7b4f3812207263eacc32077c424fd8a9/500x500-000000-80-0-0.jpg
deezer_8815209,Dance Vault Mixes - Queen Of The Night,Whitney Houston,2014,2010s,R&B,https://cdn-images.dzcdn.net/images/cover/cbcbdea6f43acfc5eed46644fdaf4886/500x500-000000-80-0-0.jpg
deezer_1208832,One Wish / The Holiday Album,Whitney Houston,2003,2000s,R&B,https://cdn-images.dzcdn.net/images/cover/bd5e8f01282110d880b1a68ae4c3e1ff/500x500-000000-80-0-0.jpg
deezer_1422883,Love That Man,Whitney Houston,2003,2000s,R&B,https://cdn-images.dzcdn.net/images/cover/2eb440974398e22d40ea5c49bcda91be/500x500-000000-80-0-0.jpg
deezer_1421995,Just Whitney,Whitney Houston,1998,1990s,R&B,https://cdn-images.dzcdn.net/images/cover/b85f53945c8e0c3429c823dbaaebaad8/500x500-000000-80-0-0.jpg
deezer_4622251,Dance Vault Mixes - The Unreleased Mixes (Special Collector's Box Set),Whitney Houston,2006,2000s,R&B,https://cdn-images.dzcdn.net/images/cover/d588ac157db94f28510e6b8e7433c214/500x500-000000-80-0-0.jpg
deezer_107854,My Love Is Your Love,Whitney Houston,1998,1990s,R&B,https://cdn-images.dzcdn.net/images/cover/5116544ed84bc468877d02fcfe4bf8f6/500x500-000000-80-0-0.jpg
deezer_107847,The Preacher's Wife,Whitney Houston,1996,1990s,R&B,https://cdn-images.dzcdn.net/images/cover/b3f90d1f90378200ab20badd145c8121/500x500-000000-80-0-0.jpg
deezer_708692,The Bodyguard - Original Soundtrack Album,Whitney Houston,2008,2000s,R&B,https://cdn-images.dzcdn.net/images/cover/d071ab8d81111be6434c2f2cf372ab13/500x500-000000-80-0-0.jpg
deezer_469615135,I'm Your Baby Tonight (EP),Whitney Houston,1990,1990s,R&B,https://cdn-images.dzcdn.net/images/cover/b5da4b50fa5de016a3ba25d998c20522/500x500-000000-80-0-0.jpg
deezer_753328,I'm Your Baby Tonight,Whitney Houston,2007,2000s,R&B,https://cdn-images.dzcdn.net/images/cover/ae3c96eda6ff123bf537b78387d4a11d/500x500-000000-80-0-0.jpg
deezer_248940842,So Emotional (Remixes),Whitney Houston,1987,1980s,R&B,https://cdn-images.dzcdn.net/images/cover/ecb5ebce6a55fb0ec36d8e75021f3b72/500x500-000000-80-0-0.jpg
deezer_168633822,Whitney Dancin' Special,Whitney Houston,1986,1980s,R&B,https://cdn-images.dzcdn.net/images/cover/22caa31293d98edec1bacc4528351514/500x500-000000-80-0-0.jpg
deezer_474982,Whitney Houston (The Deluxe Anniversary Edition),Whitney Houston,1985,1980s,R&B,https://cdn-images.dzcdn.net/images/cover/ac85bc3f01075fd854ff04f4446a7d6e/500x500-000000-80-0-0.jpg
deezer_96637192,Control: The Remixes,Janet Jackson,2019,2010s,R&B,https://cdn-images.dzcdn.net/images/cover/feb4d1d15139438d4ec54dd7b6a25214/500x500-000000-80-0-0.jpg
deezer_76256812,Best Of Number Ones,Janet Jackson,2010,2010s,R&B,https://cdn-images.dzcdn.net/images/cover/526f0bc2f19b4eab375ebae2601ec2d8/500x500-000000-80-0-0.jpg
deezer_456581095,Feedback Remixes,Janet Jackson,2023,2020s,R&B,https://cdn-images.dzcdn.net/images/cover/71e2b449be36af379f6a38ea9fdc1989/500x500-000000-80-0-0.jpg
deezer_400976817,Discipline (Deluxe Edition),Janet Jackson,2023,2020s,R&B,https://cdn-images.dzcdn.net/images/cover/83f023dbbe7dba4dfef0f2bb022c1630/500x500-000000-80-0-0.jpg
deezer_300632,So Excited (Remix),Janet Jackson,2006,2000s,R&B,https://cdn-images.dzcdn.net/images/cover/5a27d96dc3c1cffe477866c066c81567/500x500-000000-80-0-0.jpg
deezer_301243,20 Y.O.,Janet Jackson,2006,2000s,R&B,https://cdn-images.dzcdn.net/images/cover/80b364b65b2d3271e19b06cacd647c17/500x500-000000-80-0-0.jpg
deezer_304265,Damita Jo,Janet Jackson,2004,2000s,R&B,https://cdn-images.dzcdn.net/images/cover/008c1e5797196e77d4325b2153cca9b3/500x500-000000-80-0-0.jpg
deezer_304272,All For You,Janet Jackson,2001,2000s,R&B,https://cdn-images.dzcdn.net/images/cover/ff125d71cdbd7314f68e44d331356e09/500x500-000000-80-0-0.jpg
deezer_361792807,The Velvet Rope (Deluxe Edition),Janet Jackson,2022,2020s,R&B,https://cdn-images.dzcdn.net/images/cover/9ef879250b2a691568be7f1bbb91cdb6/500x500-000000-80-0-0.jpg
deezer_302368,Together Again,Janet Jackson,1997,1990s,R&B,https://cdn-images.dzcdn.net/images/cover/2b9d03a83ce86dc74191f7f3890667be/500x500-000000-80-0-0.jpg
deezer_485346915,The Best Things In Life Are Free,Janet Jackson,2023,2020s,R&B,https://cdn-images.dzcdn.net/images/cover/7a48c74ac6eb95a5569377d929de04da/500x500-000000-80-0-0.jpg
deezer_68614921,Design Of A Decade 1986/1996,Janet Jackson,2014,2010s,R&B,https://cdn-images.dzcdn.net/images/cover/9eda4941e245d9c334994ddd78888da6/500x500-000000-80-0-0.jpg
deezer_144487462,Because Of Love,Janet Jackson,2020,2020s,R&B,https://cdn-images.dzcdn.net/images/cover/15ce5c02cee8eb3ae4891b10563e7e4c/500x500-000000-80-0-0.jpg
deezer_459287475,janet. (Deluxe Edition),Janet Jackson,2023,2020s,R&B,https://cdn-images.dzcdn.net/images/cover/c586e4b302c27c7ed795c12b24a57af9/500x500-000000-80-0-0.jpg
deezer_111279862,State Of The World: The Remixes,Janet Jackson,2019,2010s,R&B,https://cdn-images.dzcdn.net/images/cover/5b1d8aec9fd68793aecf3a2022c978b6/500x500-000000-80-0-0.jpg
deezer_111279812,Love Will Never Do (Without You): The Remixes,Janet Jackson,2019,2010s,R&B,https://cdn-images.dzcdn.net/images/cover/372c7cf935a9f6ce486a5de9babe4597/500x500-000000-80-0-0.jpg
deezer_111279852,Black Cat: The Remixes,Janet Jackson,2019,2010s,R&B,https://cdn-images.dzcdn.net/images/cover/08698b2d80dd4648c95351b6ed32f847/500x500-000000-80-0-0.jpg
deezer_111279882,Come Back To Me: The Remixes,Janet Jackson,2019,2010s,R&B,https://cdn-images.dzcdn.net/images/cover/3c0a217a6a4946f2bfb7552a3e59c34b/500x500-000000-80-0-0.jpg
deezer_111279842,Escapade: The Remixes,Janet Jackson,2019,2010s,R&B,https://cdn-images.dzcdn.net/images/cover/3244f56550ab268f34f5b8394ceb4511/500x500-000000-80-0-0.jpg
deezer_111279872,Alright: The Remixes,Janet Jackson,2019,2010s,R&B,https://cdn-images.dzcdn.net/images/cover/45017993a009277092ad28d759385a63/500x500-000000-80-0-0.jpg
deezer_111279822,Miss You Much: The Remixes,Janet Jackson,2019,2010s,R&B,https://cdn-images.dzcdn.net/images/cover/c5d1b2fd4df441d8f8cb93c78cd49702/500x500-000000-80-0-0.jpg
deezer_111279832,Rhythm Nation: The Remixes,Janet Jackson,2019,2010s,R&B,https://cdn-images.dzcdn.net/images/cover/b2a95818078756f12c1b514f2d5a8718/500x500-000000-80-0-0.jpg
deezer_7927718,Dream Street,Janet Jackson,2007,2000s,R&B,https://cdn-images.dzcdn.net/images/cover/62bab01ce57681bff2f7436055e45f1d/500x500-000000-80-0-0.jpg
deezer_321119677,Janet Jackson,Janet Jackson,1982,1980s,R&B,https://cdn-images.dzcdn.net/images/cover/8b4b399609b95bc68590518d5f32be55/500x500-000000-80-0-0.jpg
deezer_756582541,Hell's Kitchen (Original Broadway Cast Recording) (Deluxe Edition),Alicia Keys,2025,2020s,R&B,https://cdn-images.dzcdn.net/images/cover/9843fa0517480b9fcf8c44b02fbee8b8/500x500-000000-80-0-0.jpg
deezer_515216252,The Diary Of Alicia Keys 20,Alicia Keys,2023,2020s,R&B,https://cdn-images.dzcdn.net/images/cover/afa0b6975709730f6a0463ae691ee08d/500x500-000000-80-0-0.jpg
deezer_436228017,Queen Charlotte: A Bridgerton Story (Covers from the Netflix Series),Alicia Keys,2023,2020s,R&B,https://cdn-images.dzcdn.net/images/cover/f4d1c73d5fadef71a6257e78b44f3af4/500x500-000000-80-0-0.jpg
deezer_489328365,Santa Baby,Alicia Keys,2022,2020s,R&B,https://cdn-images.dzcdn.net/images/cover/4670789094e34d9940967f5073ce10e6/500x500-000000-80-0-0.jpg
deezer_336326547,KEYS II,Alicia Keys,2022,2020s,R&B,https://cdn-images.dzcdn.net/images/cover/87b3104c75ee8eb7416ab63ca9c6f74d/500x500-000000-80-0-0.jpg
deezer_278407792,KEYS,Alicia Keys,2021,2020s,R&B,https://cdn-images.dzcdn.net/images/cover/f688f9e5c7d96cec6b1747cd992733b1/500x500-000000-80-0-0.jpg
deezer_193540342,ALICIA,Alicia Keys,2020,2020s,R&B,https://cdn-images.dzcdn.net/images/cover/54bff29c8ab9329e1c236a164d9e2761/500x500-000000-80-0-0.jpg
deezer_244379712,ALICIA: The Selects,Alicia Keys,2021,2020s,R&B,https://cdn-images.dzcdn.net/images/cover/870b44da51b391f6b888345ee907e989/500x500-000000-80-0-0.jpg
deezer_14459562,HERE,Alicia Keys,2016,2010s,R&B,https://cdn-images.dzcdn.net/images/cover/132a2ec9016682aeb361c029d8acfe46/500x500-000000-80-0-0.jpg
deezer_6676580,Alicia Keys - VH1 Storytellers,Alicia Keys,2013,2010s,R&B,https://cdn-images.dzcdn.net/images/cover/e6b61fea035a1b9e3e040a0f5c3b49ef/500x500-000000-80-0-0.jpg
deezer_6088144,Girl On Fire,Alicia Keys,2012,2010s,R&B,https://cdn-images.dzcdn.net/images/cover/fc44655a4f3058246ce0ab9c020b7141/500x500-000000-80-0-0.jpg
deezer_438306,The Element Of Freedom,Alicia Keys,2009,2000s,R&B,https://cdn-images.dzcdn.net/images/cover/74406abeb7ba1e28ebf4a7e7a01c4e1f/500x500-000000-80-0-0.jpg
deezer_13898826,Remixed,Alicia Keys,2016,2010s,R&B,https://cdn-images.dzcdn.net/images/cover/ab44e0e1f7647395e79befbdf9782c01/500x500-000000-80-0-0.jpg
deezer_242347,As I Am (Expanded Edition),Alicia Keys,2007,2000s,R&B,https://cdn-images.dzcdn.net/images/cover/b9f3ff7c0514902ec94751360154f25b/500x500-000000-80-0-0.jpg
deezer_418798807,No One (Remixes),Alicia Keys,2007,2000s,R&B,https://cdn-images.dzcdn.net/images/cover/78d67a9a7d986df2112c18530cf0f062/500x500-000000-80-0-0.jpg
deezer_1423345,Unplugged,Alicia Keys,2005,2000s,R&B,https://cdn-images.dzcdn.net/images/cover/aa63201f7b0d163ff0136a39f14ac6cb/500x500-000000-80-0-0.jpg
deezer_829490301,Unplugged (20th Anniversary),Alicia Keys,2025,2020s,R&B,https://cdn-images.dzcdn.net/images/cover/88014c2e1545283342d7e772a5bf81f2/500x500-000000-80-0-0.jpg
deezer_513923262,Diary (Remixes),Alicia Keys,2004,2000s,R&B,https://cdn-images.dzcdn.net/images/cover/74157d596848777294903651fd3a8fb8/500x500-000000-80-0-0.jpg
deezer_513923632,If I Ain't Got You (Remixes),Alicia Keys,2004,2000s,R&B,https://cdn-images.dzcdn.net/images/cover/e258ccfbc59ec89f1ec90b00f268aff3/500x500-000000-80-0-0.jpg
deezer_78637,The Diary Of Alicia Keys,Alicia Keys,2003,2000s,R&B,https://cdn-images.dzcdn.net/images/cover/cef30c1c2a5a63c773d26d56049c81e5/500x500-000000-80-0-0.jpg
deezer_107584,Songs In A Minor,Alicia Keys,2001,2000s,R&B,https://cdn-images.dzcdn.net/images/cover/d83318951e3899a096ed96c6fd422032/500x500-000000-80-0-0.jpg
deezer_709622201,SOS Deluxe: LANA,SZA,2025,2020s,R&B,https://cdn-images.dzcdn.net/images/cover/59bc09c9de157574278546857c0bd33d/500x500-000000-80-0-0.jpg
deezer_383703577,SOS,SZA,2022,2020s,R&B,https://cdn-images.dzcdn.net/images/cover/a3c3b409f0d5bd781821ec0fd79d5b15/500x500-000000-80-0-0.jpg
deezer_260180562,Dear Evan Hansen (Original Motion Picture Soundtrack),SZA,2021,2020s,R&B,https://cdn-images.dzcdn.net/images/cover/7675f91826f9bfa1203723b06ca6dad0/500x500-000000-80-0-0.jpg
deezer_56202752,Black Panther The Album Music From And Inspired By,SZA,2018,2010s,R&B,https://cdn-images.dzcdn.net/images/cover/85a8f14b8f104b4d617cff2efd0e2e35/500x500-000000-80-0-0.jpg
deezer_42724001,Ctrl,SZA,2017,2010s,R&B,https://cdn-images.dzcdn.net/images/cover/a1a3326c5d9176c763fc3fd847b86681/500x500-000000-80-0-0.jpg
deezer_12624398,SZA,SZA,2016,2010s,R&B,https://cdn-images.dzcdn.net/images/cover/5c35b2ca17d7cf60989fc5cfc15b2140/500x500-000000-80-0-0.jpg
deezer_7594233,Z,SZA,2014,2010s,R&B,https://cdn-images.dzcdn.net/images/cover/1159962710260d77e5e18fa66bfd92e4/500x500-000000-80-0-0.jpg
deezer_705649321,Hurry Up Tomorrow,The Weeknd,2025,2020s,R&B,https://cdn-images.dzcdn.net/images/cover/e4b16c1afe136140bba34368357e8f05/500x500-000000-80-0-0.jpg
deezer_411519667,Live At SoFi Stadium,The Weeknd,2023,2020s,R&B,https://cdn-images.dzcdn.net/images/cover/17bf5f732c2943ad4cb2bf3778b806cc/500x500-000000-80-0-0.jpg
deezer_285758422,Dawn FM,The Weeknd,2022,2020s,R&B,https://cdn-images.dzcdn.net/images/cover/478a544d29275755b3b8f7b4a1fd7a3c/500x500-000000-80-0-0.jpg
deezer_349788647,Dawn FM (Alternate World),The Weeknd,2022,2020s,R&B,https://cdn-images.dzcdn.net/images/cover/f5d3f860ea2542b6a99d13de7ccb4d47/500x500-000000-80-0-0.jpg
deezer_203644252,The Highlights,The Weeknd,2021,2020s,R&B,https://cdn-images.dzcdn.net/images/cover/7c5999407b612875c906d7ded6358664/500x500-000000-80-0-0.jpg
deezer_137272602,After Hours,The Weeknd,2020,2020s,R&B,https://cdn-images.dzcdn.net/images/cover/f520bf0be2e3cfc476824e75d20a164a/500x500-000000-80-0-0.jpg
deezer_417097317,Starboy (Deluxe),The Weeknd,2023,2020s,R&B,https://cdn-images.dzcdn.net/images/cover/81bd09c29b309917c80adb1a1ac8eabb/500x500-000000-80-0-0.jpg
deezer_6884969,Kiss Land,The Weeknd,2013,2010s,R&B,https://cdn-images.dzcdn.net/images/cover/922d6979a91ce20e45e65c860b8eca45/500x500-000000-80-0-0.jpg
deezer_508206231,Trilogy,The Weeknd,2023,2020s,R&B,https://cdn-images.dzcdn.net/images/cover/a7ceabbd600a2d4a4f51010ff7f07c69/500x500-000000-80-0-0.jpg
deezer_280120652,Echoes Of Silence (Original),The Weeknd,2021,2020s,R&B,https://cdn-images.dzcdn.net/images/cover/f115e1aaebba0dd82bb46eeb8f2f6c11/500x500-000000-80-0-0.jpg
deezer_250970932,Thursday (Original),The Weeknd,2021,2020s,R&B,https://cdn-images.dzcdn.net/images/cover/ef5abb0ea84232ad1bfd99f6eca0a100/500x500-000000-80-0-0.jpg
deezer_215604342,House Of Balloons (Original),The Weeknd,2021,2020s,R&B,https://cdn-images.dzcdn.net/images/cover/912594cc88625ecbeeb6fce8ee178a74/500x500-000000-80-0-0.jpg
deezer_104660202,Blonde,Frank Ocean,2016,2010s,R&B,https://cdn-images.dzcdn.net/images/cover/f798a866107715dd6dc1049e498ce21f/500x500-000000-80-0-0.jpg
deezer_9908666,channel ORANGE,Frank Ocean,2012,2010s,R&B,https://cdn-images.dzcdn.net/images/cover/519400e29d268f449cf00af879e71af6/500x500-000000-80-0-0.jpg
deezer_9366536,Black Messiah,D'Angelo,2014,2010s,R&B,https://cdn-images.dzcdn.net/images/cover/b81cb52321c9061e01df7e6b86df5b87/500x500-000000-80-0-0.jpg
deezer_15416402,The Best So Far,D'Angelo,2017,2010s,R&B,https://cdn-images.dzcdn.net/images/cover/9e7489595d18f6bab0547bd73d2232a1/500x500-000000-80-0-0.jpg
deezer_14949665,Voodoo,D'Angelo,2016,2010s,R&B,https://cdn-images.dzcdn.net/images/cover/5d18f588dbadfae952e81b274052f7e4/500x500-000000-80-0-0.jpg
deezer_7519113,"Live At The Jazz Cafe, London",D'Angelo,2014,2010s,R&B,https://cdn-images.dzcdn.net/images/cover/a06146700be2aeddf1733a54ff7ebd71/500x500-000000-80-0-0.jpg
deezer_14949781,Brown Sugar,D'Angelo,2000,2000s,R&B,https://cdn-images.dzcdn.net/images/cover/1e627aca5ceb452dbc527f06c333e1c7/500x500-000000-80-0-0.jpg
deezer_1047626112,Before The World Blows,Erykah Badu,2026,2020s,R&B,https://cdn-images.dzcdn.net/images/cover/b0c4ed80c89bbaad8224a90ce108e0d8/500x500-000000-80-0-0.jpg
deezer_11848830,But You Caint Use My Phone (Mixtape),Erykah Badu,2015,2010s,R&B,https://cdn-images.dzcdn.net/images/cover/77946e09f9f14960dd08b2e054d66bce/500x500-000000-80-0-0.jpg
deezer_515577,New Amerykah Part Two: Return Of The Ankh,Erykah Badu,2009,2000s,R&B,https://cdn-images.dzcdn.net/images/cover/544592fee0ee44957de4926e57594f21/500x500-000000-80-0-0.jpg
deezer_86305722,New Amerykah Part One (4th World War),Erykah Badu,2019,2010s,R&B,https://cdn-images.dzcdn.net/images/cover/19197835da91bb96ae65f60a18e84053/500x500-000000-80-0-0.jpg
deezer_213094,Mama's Gun,Erykah Badu,2000,2000s,R&B,https://cdn-images.dzcdn.net/images/cover/362b626099fff89887b04c8ab35feba7/500x500-000000-80-0-0.jpg
deezer_215304,Live,Erykah Badu,1997,1990s,R&B,https://cdn-images.dzcdn.net/images/cover/016695d671d2353ebbd1d242649ce20b/500x500-000000-80-0-0.jpg
deezer_120836,Baduizm - Special Edition,Erykah Badu,2007,2000s,R&B,https://cdn-images.dzcdn.net/images/cover/98a24d07545ed7fa17805b4ca34be636/500x500-000000-80-0-0.jpg
deezer_212837,Baduizm,Erykah Badu,1998,1990s,R&B,https://cdn-images.dzcdn.net/images/cover/7f673442e11d2cc1fca831b64a88d328/500x500-000000-80-0-0.jpg
deezer_124136252,Next Lifetime,Erykah Badu,2019,2010s,R&B,https://cdn-images.dzcdn.net/images/cover/5701bd157d52734f0eb17dfbf7fe62fd/500x500-000000-80-0-0.jpg
deezer_46461052,Under the Streetlight,Boyz II Men,2017,2010s,R&B,https://cdn-images.dzcdn.net/images/cover/26aa9992d1fb16f2a2c7963a3cce2c8a/500x500-000000-80-0-0.jpg
deezer_880409612,Collide,Boyz II Men,2015,2010s,R&B,https://cdn-images.dzcdn.net/images/cover/bc0c1f58176e47c1991ca4acd88320da/500x500-000000-80-0-0.jpg
deezer_1277171,Twenty,Boyz II Men,2011,2010s,R&B,https://cdn-images.dzcdn.net/images/cover/c69e51d0b2f50b0427ae56a90f94eaf8/500x500-000000-80-0-0.jpg
deezer_8425512,The Best Of Boyz II Men 20th Century Masters The Millennium Collection,Boyz II Men,2011,2010s,R&B,https://cdn-images.dzcdn.net/images/cover/27a23ccf2907d371eb1cf9e1e1c271f3/500x500-000000-80-0-0.jpg
deezer_320444457,Love,Boyz II Men,2009,2000s,R&B,https://cdn-images.dzcdn.net/images/cover/250d1da234f6bd3461f0aa6ca6333d6f/500x500-000000-80-0-0.jpg
deezer_6463199,Throwback,Boyz II Men,2004,2000s,R&B,https://cdn-images.dzcdn.net/images/cover/d8f2c1940796d0dd6de4d7ff9a35f621/500x500-000000-80-0-0.jpg
deezer_107634,Full Circle,Boyz II Men,2002,2000s,R&B,https://cdn-images.dzcdn.net/images/cover/e9f4e2df4e32f2d3ecdfa830314b5851/500x500-000000-80-0-0.jpg
deezer_90597642,Legacy: The Greatest Hits Collection (Deluxe Edition),Boyz II Men,2004,2000s,R&B,https://cdn-images.dzcdn.net/images/cover/c1b551a1210f89e119ef87a33086cbea/500x500-000000-80-0-0.jpg
deezer_50607642,Nathan Michael Shawn Wanya,Boyz II Men,2000,2000s,R&B,https://cdn-images.dzcdn.net/images/cover/ea210fa369771306ed46cff735562ab9/500x500-000000-80-0-0.jpg
deezer_227352,Evolucion,Boyz II Men,1997,1990s,R&B,https://cdn-images.dzcdn.net/images/cover/40d491145620e63e431c51dc0d42cc0f/500x500-000000-80-0-0.jpg
deezer_320886637,Evolution,Boyz II Men,1997,1990s,R&B,https://cdn-images.dzcdn.net/images/cover/b33fa1913fd15402e1161a3a865c9d3d/500x500-000000-80-0-0.jpg
deezer_304675267,Thank You,Boyz II Men,2022,2020s,R&B,https://cdn-images.dzcdn.net/images/cover/0c46e5f7da26230cf29135d957fb73e5/500x500-000000-80-0-0.jpg
deezer_1573761,II - Yo Te Voy A Amar,Boyz II Men,1999,1990s,R&B,https://cdn-images.dzcdn.net/images/cover/aa0d982dcd6be6bfdf95f290a36342cc/500x500-000000-80-0-0.jpg
deezer_675028,II,Boyz II Men,1994,1990s,R&B,https://cdn-images.dzcdn.net/images/cover/23b4dc6b342ec65b88361c2bc465be67/500x500-000000-80-0-0.jpg
deezer_653554321,Christmas Interpretations (Remastered 2024),Boyz II Men,2024,2020s,R&B,https://cdn-images.dzcdn.net/images/cover/71404e113352a02f953a10e7ba18b42e/500x500-000000-80-0-0.jpg
deezer_390210,Cooleyhighharmony (Expanded Edition),Boyz II Men,2009,2000s,R&B,https://cdn-images.dzcdn.net/images/cover/3ae09988b5b93cb91c3dd312a5b1d56b/500x500-000000-80-0-0.jpg
deezer_151531812,TLC: Greatest Hits,TLC,2020,2020s,R&B,https://cdn-images.dzcdn.net/images/cover/55e1e14cffa5dc1be1316e544b59dd67/500x500-000000-80-0-0.jpg
deezer_117843312,Creep (Remixes),TLC,1994,1990s,R&B,https://cdn-images.dzcdn.net/images/cover/effd2c670a19b000d23ddc22639d3a20/500x500-000000-80-0-0.jpg
deezer_118139222,Diggin' On You (Remixes),TLC,2019,2010s,R&B,https://cdn-images.dzcdn.net/images/cover/45d9be5172a2df575c7b88f9b5edd7b2/500x500-000000-80-0-0.jpg
deezer_41027641,TLC,TLC,2017,2010s,R&B,https://cdn-images.dzcdn.net/images/cover/24ab3d41226a57c0e20da04fbf1eb3d1/500x500-000000-80-0-0.jpg
deezer_42864441,Ain't 2 Proud 2 Beg (Remixes),TLC,2017,2010s,R&B,https://cdn-images.dzcdn.net/images/cover/4f51df563588a55813c34e5555227df7/500x500-000000-80-0-0.jpg
deezer_42864461,What About Your Friends (Remixes),TLC,2017,2010s,R&B,https://cdn-images.dzcdn.net/images/cover/d96c5f761be9dbf1c1dcfc056306bbe6/500x500-000000-80-0-0.jpg
deezer_42864481,Hat 2 Da Back / Get It Up (Remixes),TLC,2017,2010s,R&B,https://cdn-images.dzcdn.net/images/cover/ca2d7a879add35799943e6722ae87de7/500x500-000000-80-0-0.jpg
deezer_42864501,Sleigh Ride (Remixes),TLC,2017,2010s,R&B,https://cdn-images.dzcdn.net/images/cover/c6334622232c3073e5afff01c51c90f1/500x500-000000-80-0-0.jpg
deezer_59628432,20 Unreleased,TLC,2016,2010s,R&B,https://cdn-images.dzcdn.net/images/cover/f885856e448273894e3914fed1014341/500x500-000000-80-0-0.jpg
deezer_7013404,20,TLC,2013,2010s,R&B,https://cdn-images.dzcdn.net/images/cover/afd86b243f176f37bc41e5531e248a7e/500x500-000000-80-0-0.jpg
deezer_7359026,Now & Forever - The Hits,TLC,2014,2010s,R&B,https://cdn-images.dzcdn.net/images/cover/0962c95935b2530fbd7c2c3af81c7683/500x500-000000-80-0-0.jpg
deezer_71441,3D,TLC,2002,2000s,R&B,https://cdn-images.dzcdn.net/images/cover/1e080e20a7c06c760763c4ca29c6be6b/500x500-000000-80-0-0.jpg
deezer_548563462,Unpretty,TLC,1999,1990s,R&B,https://cdn-images.dzcdn.net/images/cover/76466364e075db8526ba1e99e4718c17/500x500-000000-80-0-0.jpg
deezer_231413,Fanmail,TLC,1999,1990s,R&B,https://cdn-images.dzcdn.net/images/cover/3e0d5e8b40ccd04e401fa0fc236a5d3a/500x500-000000-80-0-0.jpg
deezer_118139752,Red Light Special (Remixes),TLC,2019,2010s,R&B,https://cdn-images.dzcdn.net/images/cover/9c5ce6769fe88c68343b80163548d2bf/500x500-000000-80-0-0.jpg
deezer_113976,Crazysexycool,TLC,1994,1990s,R&B,https://cdn-images.dzcdn.net/images/cover/3134fd3fba883b4e6c8df8dc1487dbef/500x500-000000-80-0-0.jpg
deezer_667175331,CrazySexyCool (30th Anniversary Edition),TLC,2024,2020s,R&B,https://cdn-images.dzcdn.net/images/cover/5328b3862962f7feba48b04b0a9b1028/500x500-000000-80-0-0.jpg
deezer_42864421,Baby-Baby-Baby (Remixes),TLC,2017,2010s,R&B,https://cdn-images.dzcdn.net/images/cover/7499c77f6f10e8cbcabfcb8e88bc8be1/500x500-000000-80-0-0.jpg
deezer_116320,Ooooooohhh... On The TLC Tip,TLC,1992,1990s,R&B,https://cdn-images.dzcdn.net/images/cover/6b4ddb3c59104a450d9539bd6dc527ac/500x500-000000-80-0-0.jpg
deezer_168870392,Spell My Name,Toni Braxton,2020,2020s,R&B,https://cdn-images.dzcdn.net/images/cover/ef83e65c3c1a428e585efd204a5ccd91/500x500-000000-80-0-0.jpg
deezer_165986362,Home All Alone,Toni Braxton,2020,2020s,R&B,https://cdn-images.dzcdn.net/images/cover/317feb4bd1868a3e641d25938d709837/500x500-000000-80-0-0.jpg
deezer_158401112,Un-Break My Heart: The Best of Toni Braxton,Toni Braxton,2020,2020s,R&B,https://cdn-images.dzcdn.net/images/cover/fc9c3d80f5cefdbb110754339c0aa72c/500x500-000000-80-0-0.jpg
deezer_152805092,You Mean the World to Me: The Best Love Songs of Toni Braxton,Toni Braxton,2020,2020s,R&B,https://cdn-images.dzcdn.net/images/cover/a07c0a49496d857b5bb8cc1bac08ad20/500x500-000000-80-0-0.jpg
deezer_149913822,Breathe Again: The Best of Toni Braxton,Toni Braxton,2020,2020s,R&B,https://cdn-images.dzcdn.net/images/cover/f1a759ec9fd434d33592b1a48a3131a5/500x500-000000-80-0-0.jpg
deezer_160102732,You're Makin' Me High: The Best of Toni Braxton,Toni Braxton,2020,2020s,R&B,https://cdn-images.dzcdn.net/images/cover/2f2bdcb6cc9e2937f2c92c2fa5d4d786/500x500-000000-80-0-0.jpg
deezer_59268042,Sex & Cigarettes,Toni Braxton,2018,2010s,R&B,https://cdn-images.dzcdn.net/images/cover/fdb9c00976af33b632dd82d9cdf32f73/500x500-000000-80-0-0.jpg
deezer_7351436,"Love, Marriage‎ & Divorce",Toni Braxton,2014,2010s,R&B,https://cdn-images.dzcdn.net/images/cover/0a537e38e855440945fe88b7cc17744a/500x500-000000-80-0-0.jpg
deezer_544371,Pulse (Deluxe),Toni Braxton,2010,2010s,R&B,https://cdn-images.dzcdn.net/images/cover/b3c8640bfc0ab4e130725e155b788c42/500x500-000000-80-0-0.jpg
deezer_1345442,Make My Heart [DJ Spen & The MuthaFunkaz Mixes],Toni Braxton,2010,2010s,R&B,https://cdn-images.dzcdn.net/images/cover/e0b2be02052780c3630cb75bcf8be707/500x500-000000-80-0-0.jpg
deezer_1345456,Make My Heart [Remixes Part 2],Toni Braxton,2010,2010s,R&B,https://cdn-images.dzcdn.net/images/cover/d9a3485acdaadce0566747fb8582325c/500x500-000000-80-0-0.jpg
deezer_1345462,Make My Heart [Remixes Part 1],Toni Braxton,2010,2010s,R&B,https://cdn-images.dzcdn.net/images/cover/d9a3485acdaadce0566747fb8582325c/500x500-000000-80-0-0.jpg
deezer_232673902,The Essential Toni Braxton,Toni Braxton,2007,2000s,R&B,https://cdn-images.dzcdn.net/images/cover/25da3fcf0db212bfd94c4bf3742b1abd/500x500-000000-80-0-0.jpg
deezer_761244011,Libra,Toni Braxton,2020,2020s,R&B,https://cdn-images.dzcdn.net/images/cover/7b1895ec88468ffc78d76cee03df1067/500x500-000000-80-0-0.jpg
deezer_74017,Un-Break My Heart: The Remix Collection,Toni Braxton,2005,2000s,R&B,https://cdn-images.dzcdn.net/images/cover/fdf6734d80b265a14ef8097a382e688c/500x500-000000-80-0-0.jpg
deezer_1421314,Ultimate Toni Braxton,Toni Braxton,2003,2000s,R&B,https://cdn-images.dzcdn.net/images/cover/b39ca0eabb8b4a494454b11cb31df46e/500x500-000000-80-0-0.jpg
deezer_1430494,More Than A Woman,Toni Braxton,2002,2000s,R&B,https://cdn-images.dzcdn.net/images/cover/1f6502e4acc93157c80dccdc2c2c0196/500x500-000000-80-0-0.jpg
deezer_109222,Snowflakes,Toni Braxton,2001,2000s,R&B,https://cdn-images.dzcdn.net/images/cover/6706b5abbdf0af584011fbcbc86ab5bd/500x500-000000-80-0-0.jpg
deezer_107855,The Heat,Toni Braxton,2000,2000s,R&B,https://cdn-images.dzcdn.net/images/cover/709194c219613c16b12217da009620fa/500x500-000000-80-0-0.jpg
deezer_6568751,Secrets,Toni Braxton,1996,1990s,R&B,https://cdn-images.dzcdn.net/images/cover/cb185c2e379f6539745512a323622ff9/500x500-000000-80-0-0.jpg
deezer_113971,Toni Braxton,Toni Braxton,1993,1990s,R&B,https://cdn-images.dzcdn.net/images/cover/b906011f5618872a8cfca1695fdd1059/500x500-000000-80-0-0.jpg
deezer_660533521,Gratitude,Mary J. Blige,2024,2020s,R&B,https://cdn-images.dzcdn.net/images/cover/2e71f259ddfb7ef039aa173640da4727/500x500-000000-80-0-0.jpg
deezer_292657532,Good Morning Gorgeous,Mary J. Blige,2022,2020s,R&B,https://cdn-images.dzcdn.net/images/cover/2f3ce0cbae4623fcc9734256404fa67f/500x500-000000-80-0-0.jpg
deezer_121153652,HERstory Vol. 1,Mary J. Blige,2019,2010s,R&B,https://cdn-images.dzcdn.net/images/cover/583802ded2835bdd28c1fa6b3a3c504d/500x500-000000-80-0-0.jpg
deezer_40447331,Strength Of A Woman,Mary J. Blige,2017,2010s,R&B,https://cdn-images.dzcdn.net/images/cover/b8ed44f2215edee52262c4621d1e25f2/500x500-000000-80-0-0.jpg
deezer_9157797,The London Sessions,Mary J. Blige,2014,2010s,R&B,https://cdn-images.dzcdn.net/images/cover/9e6dc349fbdb4960c46c91ec4bce11de/500x500-000000-80-0-0.jpg
deezer_9883856,Right Now (Remix),Mary J. Blige,2015,2010s,R&B,https://cdn-images.dzcdn.net/images/cover/4142de5773b83527689c75052bd31928/500x500-000000-80-0-0.jpg
deezer_7892239,Think Like a Man Too (Music from and Inspired by the Film),Mary J. Blige,2014,2010s,R&B,https://cdn-images.dzcdn.net/images/cover/c9d2be49bb04d6c6e0610fe112159cb2/500x500-000000-80-0-0.jpg
deezer_494049241,A Mary Christmas (Anniversary Edition),Mary J. Blige,2023,2020s,R&B,https://cdn-images.dzcdn.net/images/cover/2f848539815269fad82954cf2e8f6801/500x500-000000-80-0-0.jpg
deezer_9070697,My Life II...The Journey Continues (Act 1),Mary J. Blige,2011,2010s,R&B,https://cdn-images.dzcdn.net/images/cover/bbf4a424408a8bdd9764251ce5d380dc/500x500-000000-80-0-0.jpg
deezer_453546,Stronger withEach Tear,Mary J. Blige,2009,2000s,R&B,https://cdn-images.dzcdn.net/images/cover/504454f1690887b7b077b055835db497/500x500-000000-80-0-0.jpg
deezer_102917,Growing Pains,Mary J. Blige,2007,2000s,R&B,https://cdn-images.dzcdn.net/images/cover/973653ce57aa28c92674642dfda29a34/500x500-000000-80-0-0.jpg
deezer_124386,Reflections - A Retrospective,Mary J. Blige,2006,2000s,R&B,https://cdn-images.dzcdn.net/images/cover/a3939a5b62df412e83d898dfd85035c9/500x500-000000-80-0-0.jpg
deezer_246848,The Breakthrough,Mary J. Blige,2006,2000s,R&B,https://cdn-images.dzcdn.net/images/cover/54f4de6cadc6e5687cdcfbeefa918a98/500x500-000000-80-0-0.jpg
deezer_160778,Love & Life (Deluxe),Mary J. Blige,2003,2000s,R&B,https://cdn-images.dzcdn.net/images/cover/bea339f7d528be6495a152597d9127f5/500x500-000000-80-0-0.jpg
deezer_224701,Dance For Me,Mary J. Blige,2002,2000s,R&B,https://cdn-images.dzcdn.net/images/cover/7be904e742f9c2b74fcdb71594b8c902/500x500-000000-80-0-0.jpg
deezer_453499,No More Drama,Mary J. Blige,2007,2000s,R&B,https://cdn-images.dzcdn.net/images/cover/ce056f483049881d4f51192dacd8fca7/500x500-000000-80-0-0.jpg
deezer_2376091,Mary,Mary J. Blige,1999,1990s,R&B,https://cdn-images.dzcdn.net/images/cover/df845aacd16d4c764a90dc932a235011/500x500-000000-80-0-0.jpg
deezer_118413,The Tour,Mary J. Blige,2008,2000s,R&B,https://cdn-images.dzcdn.net/images/cover/f9ef84145044595a1e3ab5eb60ef1f10/500x500-000000-80-0-0.jpg
deezer_9148705,Share My World,Mary J. Blige,1997,1990s,R&B,https://cdn-images.dzcdn.net/images/cover/fea6e924e5f3047318eb8c8dba900b79/500x500-000000-80-0-0.jpg
deezer_248396,What's The 411? (Remix),Mary J. Blige,1999,1990s,R&B,https://cdn-images.dzcdn.net/images/cover/a40faa2d9bb31f614111a0291dd414a8/500x500-000000-80-0-0.jpg
deezer_212179,What's The 411?,Mary J. Blige,1992,1990s,R&B,https://cdn-images.dzcdn.net/images/cover/f8a928b589473ce7f0d08b0cb572cd74/500x500-000000-80-0-0.jpg
deezer_970728301,CONFESSIONS II,Madonna,2026,2020s,Pop,https://cdn-images.dzcdn.net/images/cover/368e162b61376cf1a35311d69e5744c8/500x500-000000-80-0-0.jpg
deezer_1030107202,CONFESSIONS II: Afterhours Edition,Madonna,2026,2020s,Pop,https://cdn-images.dzcdn.net/images/cover/f632e8e20997aa3ead712b830348b55a/500x500-000000-80-0-0.jpg
deezer_856219632,Bedtime Stories – The Untold Chapter,Madonna,2025,2020s,Pop,https://cdn-images.dzcdn.net/images/cover/a16dce84a937e55ee7ac46c721811ef9/500x500-000000-80-0-0.jpg
deezer_765206541,Veronica Electronica,Madonna,2025,2020s,Pop,https://cdn-images.dzcdn.net/images/cover/34d381d06fe6132348de656b716b619f/500x500-000000-80-0-0.jpg
deezer_343865387,Finally Enough Love: 50 Number Ones,Madonna,2022,2020s,Pop,https://cdn-images.dzcdn.net/images/cover/cf56cf5990068f6970bced9d788bfc32/500x500-000000-80-0-0.jpg
deezer_328592967,Finally Enough Love,Madonna,2022,2020s,Pop,https://cdn-images.dzcdn.net/images/cover/a2cf9fab51d6a7b24450b80c63dd0dc9/500x500-000000-80-0-0.jpg
deezer_264235682,Madame X - Music From The Theater Xperience (Live),Madonna,2021,2020s,Pop,https://cdn-images.dzcdn.net/images/cover/d1c3b1ea7026f20696d579e65552b427/500x500-000000-80-0-0.jpg
deezer_879733492,Madame X (Deluxe),Madonna,2021,2020s,Pop,https://cdn-images.dzcdn.net/images/cover/5c538551fe873f5bd115a10bc8874d47/500x500-000000-80-0-0.jpg
deezer_229524782,Beautiful Stranger,Madonna,2021,2020s,Pop,https://cdn-images.dzcdn.net/images/cover/ae57d9390a89c35024d2c8e2a7b25839/500x500-000000-80-0-0.jpg
deezer_226846142,Express Yourself,Madonna,2021,2020s,Pop,https://cdn-images.dzcdn.net/images/cover/e46db6bb4fbda2e5478affe348f19603/500x500-000000-80-0-0.jpg
deezer_879733232,I Don't Search I Find (Remixes),Madonna,2010,2010s,Pop,https://cdn-images.dzcdn.net/images/cover/21ea2923eff251fffaf22d1aa84b99bb/500x500-000000-80-0-0.jpg
deezer_879733372,Medellín (Remixes),Madonna,2019,2010s,Pop,https://cdn-images.dzcdn.net/images/cover/730742460b50a924f78d3b33933f084e/500x500-000000-80-0-0.jpg
deezer_879733742,Crave (Remixes),Madonna,2019,2010s,Pop,https://cdn-images.dzcdn.net/images/cover/222fb4ab5f350de026677c3e3c2aa8be/500x500-000000-80-0-0.jpg
deezer_1060151932,Rebel Heart Tour (Live),Madonna,2017,2010s,Pop,https://cdn-images.dzcdn.net/images/cover/50eb6f9542d983840ad05453bad9d0a1/500x500-000000-80-0-0.jpg
deezer_879734112,Ghosttown (Remixes),Madonna,2015,2010s,Pop,https://cdn-images.dzcdn.net/images/cover/616a8436c02eed4a58f0d5ac833f5c98/500x500-000000-80-0-0.jpg
deezer_879733512,Rebel Heart,Madonna,2015,2010s,Pop,https://cdn-images.dzcdn.net/images/cover/964815fe51b503e4d1dcfb0fd881c19f/500x500-000000-80-0-0.jpg
deezer_879735602,MDNA World Tour (Live),Madonna,2013,2010s,Pop,https://cdn-images.dzcdn.net/images/cover/c1fb2e67d4f267ce381c0b32c4722398/500x500-000000-80-0-0.jpg
deezer_879733502,MDNA,Madonna,2012,2010s,Pop,https://cdn-images.dzcdn.net/images/cover/891d5e6d6762c3743e60d7bddf236134/500x500-000000-80-0-0.jpg
deezer_879733532,Turn Up The Radio (Remixes),Madonna,2012,2010s,Pop,https://cdn-images.dzcdn.net/images/cover/a3553501cc56f6511eea9fb4b25962a2/500x500-000000-80-0-0.jpg
deezer_879733702,Girl Gone Wild (Remixes),Madonna,2012,2010s,Pop,https://cdn-images.dzcdn.net/images/cover/8129ebcffa2cf2ec26a08c6444507552/500x500-000000-80-0-0.jpg
deezer_1240799,Sticky & Sweet Tour,Madonna,2010,2010s,Pop,https://cdn-images.dzcdn.net/images/cover/b8be3a3904f8139a2512190599c91aa5/500x500-000000-80-0-0.jpg
deezer_466700,Revolver,Madonna,2009,2000s,Pop,https://cdn-images.dzcdn.net/images/cover/31356a355d56055698c22188d0333016/500x500-000000-80-0-0.jpg
deezer_912174791,Celebration (Deluxe Version),Madonna,2009,2000s,Pop,https://cdn-images.dzcdn.net/images/cover/4d2889b2f34142eef8fc1056dfda8ce9/500x500-000000-80-0-0.jpg
deezer_918729851,Celebration (Remixes),Madonna,2009,2000s,Pop,https://cdn-images.dzcdn.net/images/cover/79f2a323fd459a25cbbfb1fea6bf9a23/500x500-000000-80-0-0.jpg
deezer_92719,Hard Candy,Madonna,2008,2000s,Pop,https://cdn-images.dzcdn.net/images/cover/e6f20f5a022403e93a94e5b9e7c1b81d/500x500-000000-80-0-0.jpg
deezer_918729951,4 Minutes (feat. Justin Timberlake and Timbaland) (Remixes),Madonna,2008,2000s,Pop,https://cdn-images.dzcdn.net/images/cover/897c860bcb75ac65c0b31a1b6f153b2e/500x500-000000-80-0-0.jpg
deezer_82086,The Confessions Tour (Live),Madonna,2007,2000s,Pop,https://cdn-images.dzcdn.net/images/cover/17a003da6044b48d9b15b56dbc0f1b47/500x500-000000-80-0-0.jpg
deezer_918729831,Jump (Remixes),Madonna,2006,2000s,Pop,https://cdn-images.dzcdn.net/images/cover/ed2f8e47ecaa976dcf6bc119ef372387/500x500-000000-80-0-0.jpg
deezer_90551,Get Together,Madonna,2006,2000s,Pop,https://cdn-images.dzcdn.net/images/cover/31e6b0cb404442bd0c30e29252019b17/500x500-000000-80-0-0.jpg
deezer_918730341,Sorry (Remixes),Madonna,2006,2000s,Pop,https://cdn-images.dzcdn.net/images/cover/4a6d8f47c8f1ec1c91339ffed95bcaee/500x500-000000-80-0-0.jpg
deezer_82006,Confessions on a Dance Floor,Madonna,2005,2000s,Pop,https://cdn-images.dzcdn.net/images/cover/8e499d7b0e9be5b77eb6c2697e179fe3/500x500-000000-80-0-0.jpg
deezer_851331162,Confessions On A Dance Floor (Twenty Years Edition),Madonna,2005,2000s,Pop,https://cdn-images.dzcdn.net/images/cover/89c79cc5474f897ac7fe3b32ed709bcd/500x500-000000-80-0-0.jpg
deezer_918730111,Hung Up (Remixes),Madonna,2005,2000s,Pop,https://cdn-images.dzcdn.net/images/cover/376cde65e732101ece849e5acd00c610/500x500-000000-80-0-0.jpg
deezer_463923855,Hollywood (Remixes),Madonna,2023,2020s,Pop,https://cdn-images.dzcdn.net/images/cover/2c934f278c9340812f6313f60c475e24/500x500-000000-80-0-0.jpg
deezer_91780,American Life,Madonna,2003,2000s,Pop,https://cdn-images.dzcdn.net/images/cover/af94cdc12a0efb407953badd264ef5a8/500x500-000000-80-0-0.jpg
deezer_91576,GHV2,Madonna,2001,2000s,Pop,https://cdn-images.dzcdn.net/images/cover/794bed34926e8d06623f0442e15e467b/500x500-000000-80-0-0.jpg
deezer_91299,Ray of Light,Madonna,1998,1990s,Pop,https://cdn-images.dzcdn.net/images/cover/b75d884b15db9c2b3376f93caa059a93/500x500-000000-80-0-0.jpg
deezer_297003932,Don't Cry For Me Argentina,Madonna,2022,2020s,Pop,https://cdn-images.dzcdn.net/images/cover/2130a75464ced1a95913a03007cb6701/500x500-000000-80-0-0.jpg
deezer_91109,Something to Remember,Madonna,1995,1990s,Pop,https://cdn-images.dzcdn.net/images/cover/458e44f0d8359889999aa353aada5e13/500x500-000000-80-0-0.jpg
deezer_90986,Bedtime Stories,Madonna,1994,1990s,Pop,https://cdn-images.dzcdn.net/images/cover/dbff9be13e1addf5d364932d4ef5c582/500x500-000000-80-0-0.jpg
deezer_372958997,Rain,Madonna,2022,2020s,Pop,https://cdn-images.dzcdn.net/images/cover/72e6cc5d6fab0b8743405f54e5c9581d/500x500-000000-80-0-0.jpg
deezer_369850057,Deeper and Deeper,Madonna,2022,2020s,Pop,https://cdn-images.dzcdn.net/images/cover/9a9e710df65d7870e4f5ea06b2d81669/500x500-000000-80-0-0.jpg
deezer_81862,Erotica (PA Version),Madonna,1992,1990s,Pop,https://cdn-images.dzcdn.net/images/cover/00eba6517f89cd953072782206b3bad9/500x500-000000-80-0-0.jpg
deezer_971750301,The Devil Wears Prada 2 (Music From The Motion Picture),Lady Gaga,2026,2020s,Pop,https://cdn-images.dzcdn.net/images/cover/ba3e4221f68fb24fc5128a3e94050f7f/500x500-000000-80-0-0.jpg
deezer_722147851,MAYHEM,Lady Gaga,2025,2020s,Pop,https://cdn-images.dzcdn.net/images/cover/5f70ffc30c43410fc2a88ae10baa91c7/500x500-000000-80-0-0.jpg
deezer_651151851,Joker: Folie à Deux (Music From The Motion Picture),Lady Gaga,2024,2020s,Pop,https://cdn-images.dzcdn.net/images/cover/64e5506f120e486c1524fc14c8b6e128/500x500-000000-80-0-0.jpg
deezer_648347821,Harlequin,Lady Gaga,2024,2020s,Pop,https://cdn-images.dzcdn.net/images/cover/ccb1df300d343dad1b47d4508b21cdee/500x500-000000-80-0-0.jpg
deezer_262383752,Love For Sale (Deluxe),Lady Gaga,2021,2020s,Pop,https://cdn-images.dzcdn.net/images/cover/ddadb531b08cd1e192eb1a4497f64138/500x500-000000-80-0-0.jpg
deezer_256096052,Dawn Of Chromatica,Lady Gaga,2021,2020s,Pop,https://cdn-images.dzcdn.net/images/cover/816af041222847c88803c8306253cf6c/500x500-000000-80-0-0.jpg
deezer_74434962,A Star Is Born Soundtrack,Lady Gaga,2018,2010s,Pop,https://cdn-images.dzcdn.net/images/cover/88a8288e14f61ffa39c14ac2ef9210d8/500x500-000000-80-0-0.jpg
deezer_74441042,A Star Is Born Soundtrack (Without Dialogue),Lady Gaga,2018,2010s,Pop,https://cdn-images.dzcdn.net/images/cover/88a8288e14f61ffa39c14ac2ef9210d8/500x500-000000-80-0-0.jpg
deezer_14344084,Joanne,Lady Gaga,2016,2010s,Pop,https://cdn-images.dzcdn.net/images/cover/614af5cb69dd52e4de82dd2cd9e217c9/500x500-000000-80-0-0.jpg
deezer_8548983,Cheek To Cheek,Lady Gaga,2014,2010s,Pop,https://cdn-images.dzcdn.net/images/cover/9c41477abb788d4b74471bda1ca9d0f3/500x500-000000-80-0-0.jpg
deezer_86712972,ARTPOP,Lady Gaga,2019,2010s,Pop,https://cdn-images.dzcdn.net/images/cover/2355b9a023e34665e347afa8b53fd9e1/500x500-000000-80-0-0.jpg
deezer_239796412,BORN THIS WAY THE TENTH ANNIVERSARY,Lady Gaga,2021,2020s,Pop,https://cdn-images.dzcdn.net/images/cover/978f47c36f2b688992c88c0dcae211a0/500x500-000000-80-0-0.jpg
deezer_8447093,Born This Way (Special Edition),Lady Gaga,2011,2010s,Pop,https://cdn-images.dzcdn.net/images/cover/201e33b7b988112a8504b8b3f5f75e24/500x500-000000-80-0-0.jpg
deezer_320932967,Born This Way,Lady Gaga,2011,2010s,Pop,https://cdn-images.dzcdn.net/images/cover/2f6c6c5a9525020b5e664334c9afbe2e/500x500-000000-80-0-0.jpg
deezer_320949817,Yoü And I (The Remixes),Lady Gaga,2011,2010s,Pop,https://cdn-images.dzcdn.net/images/cover/c25f4dc59d4147b610ae92ccb251182c/500x500-000000-80-0-0.jpg
deezer_2383521,The Remix,Lady Gaga,2010,2010s,Pop,https://cdn-images.dzcdn.net/images/cover/c018b78436c46c9b2cee5c3ac5e58bcc/500x500-000000-80-0-0.jpg
deezer_107876612,The Fame Monster (Deluxe Edition),Lady Gaga,2009,2000s,Pop,https://cdn-images.dzcdn.net/images/cover/62f368993ddb68c5364cd03221d07ac6/500x500-000000-80-0-0.jpg
deezer_906090462,The Fame,Lady Gaga,2008,2000s,Pop,https://cdn-images.dzcdn.net/images/cover/f5e631e39c92d19e34ac41f8aa918ad7/500x500-000000-80-0-0.jpg
deezer_191559942,Glory (Deluxe),Britney Spears,2020,2020s,Pop,https://cdn-images.dzcdn.net/images/cover/0402b144ec60ddc0901a8e90b5672bf3/500x500-000000-80-0-0.jpg
deezer_7135221,Britney Jean (Deluxe Version),Britney Spears,2013,2010s,Pop,https://cdn-images.dzcdn.net/images/cover/d1a4a86f6841de681aa8fd329656c4fc/500x500-000000-80-0-0.jpg
deezer_940646,Femme Fatale (Deluxe Version),Britney Spears,2011,2010s,Pop,https://cdn-images.dzcdn.net/images/cover/be502f78a0b035b5a8f366d2f26d080c/500x500-000000-80-0-0.jpg
deezer_905714522,3 (Remixes),Britney Spears,2009,2000s,Pop,https://cdn-images.dzcdn.net/images/cover/94ec802db1936b44a41c0d334e49cd2c/500x500-000000-80-0-0.jpg
deezer_8244316,Circus (Deluxe Version),Britney Spears,2008,2000s,Pop,https://cdn-images.dzcdn.net/images/cover/16d60157d51a9e21ffac61b50a7d02d0/500x500-000000-80-0-0.jpg
deezer_1441004,Blackout,Britney Spears,2007,2000s,Pop,https://cdn-images.dzcdn.net/images/cover/76763b33422eb22b46ffa7c1d8bfe910/500x500-000000-80-0-0.jpg
deezer_1205314,Greatest Hits: My Prerogative,Britney Spears,2007,2000s,Pop,https://cdn-images.dzcdn.net/images/cover/a203fdb6fba815bf3929a8b0047884f2/500x500-000000-80-0-0.jpg
deezer_1421245,In The Zone,Britney Spears,2003,2000s,Pop,https://cdn-images.dzcdn.net/images/cover/8a2b95cda407d004d829831d20e2e20b/500x500-000000-80-0-0.jpg
deezer_71570,Britney (Digital Deluxe Version),Britney Spears,2001,2000s,Pop,https://cdn-images.dzcdn.net/images/cover/f2da1d30e3232ebcf663cb466be034e8/500x500-000000-80-0-0.jpg
deezer_755622821,Don't Let Me Be The Last To Know,Britney Spears,2001,2000s,Pop,https://cdn-images.dzcdn.net/images/cover/498fcccb11e605f97ade2c3e080ca6e9/500x500-000000-80-0-0.jpg
deezer_1206015,Oops!... I Did It Again,Britney Spears,2000,2000s,Pop,https://cdn-images.dzcdn.net/images/cover/2ee378abaa92e28306850b4b0efe2f03/500x500-000000-80-0-0.jpg
deezer_755616751,Oops!... I Did It Again (25th Anniversary Edition),Britney Spears,2025,2020s,Pop,https://cdn-images.dzcdn.net/images/cover/bf25139df25d4cc3c447104b091530ea/500x500-000000-80-0-0.jpg
deezer_71569,...Baby One More Time (Digital Deluxe Version),Britney Spears,1999,1990s,Pop,https://cdn-images.dzcdn.net/images/cover/f685d32254a59b6162be0d1082ff8805/500x500-000000-80-0-0.jpg
deezer_981700521,The Ones That Got The Plays,Katy Perry,2026,2020s,Pop,https://cdn-images.dzcdn.net/images/cover/1cf4f021d2daba9df460168b7722bf05/500x500-000000-80-0-0.jpg
deezer_683251891,1432,Katy Perry,2024,2020s,Pop,https://cdn-images.dzcdn.net/images/cover/d3425d1b88de11e59000fae8b1db9f15/500x500-000000-80-0-0.jpg
deezer_643029871,143,Katy Perry,2024,2020s,Pop,https://cdn-images.dzcdn.net/images/cover/1bcee41abfa055d1b88cf5c24cfd0d9b/500x500-000000-80-0-0.jpg
deezer_168871152,Smile,Katy Perry,2020,2020s,Pop,https://cdn-images.dzcdn.net/images/cover/527ec2ec9ebf2263e66043b5516a5ec0/500x500-000000-80-0-0.jpg
deezer_65277502,Witness (Deluxe),Katy Perry,2018,2010s,Pop,https://cdn-images.dzcdn.net/images/cover/37c2ae774491a9bf309c403fe21fcba9/500x500-000000-80-0-0.jpg
deezer_7040437,PRISM (Deluxe),Katy Perry,2013,2010s,Pop,https://cdn-images.dzcdn.net/images/cover/fe781ecd9879a82beed80f6d3e80745b/500x500-000000-80-0-0.jpg
deezer_1450100,Teenage Dream,Katy Perry,2010,2010s,Pop,https://cdn-images.dzcdn.net/images/cover/770d18694739ed7a241f97f81367caf4/500x500-000000-80-0-0.jpg
deezer_1603030,Teenage Dream: The Complete Confection,Katy Perry,2012,2010s,Pop,https://cdn-images.dzcdn.net/images/cover/99578b0bb8c838383c414a5b62b5e15d/500x500-000000-80-0-0.jpg
deezer_11029180,"Unplugged (Live At MTV Unplugged, New York, NY/2009)",Katy Perry,2009,2000s,Pop,https://cdn-images.dzcdn.net/images/cover/35da5d8b864af3cbf81591a5b24495f9/500x500-000000-80-0-0.jpg
deezer_1450093,One Of The Boys,Katy Perry,2008,2000s,Pop,https://cdn-images.dzcdn.net/images/cover/9b89e105ff77bc840e6062a2ef5b05da/500x500-000000-80-0-0.jpg
deezer_453903445,One Of The Boys (15th Anniversary Edition),Katy Perry,2023,2020s,Pop,https://cdn-images.dzcdn.net/images/cover/f9c8eb5d450cf45b6fc289e8f971125f/500x500-000000-80-0-0.jpg
deezer_298400782,An Evening With Silk Sonic,Bruno Mars,2021,2020s,Pop,https://cdn-images.dzcdn.net/images/cover/faada8a8c545b2e3d454267b55c82e14/500x500-000000-80-0-0.jpg
deezer_6157080,Unorthodox Jukebox,Bruno Mars,2012,2010s,Pop,https://cdn-images.dzcdn.net/images/cover/2ae8e9f1714cc6cc9393f7873008f45c/500x500-000000-80-0-0.jpg
deezer_820180031,The Devil Wears Prada: A New Musical,Elton John,2025,2020s,Pop,https://cdn-images.dzcdn.net/images/cover/cee778db3c184806785901d02a00a409/500x500-000000-80-0-0.jpg
deezer_790079241,Live From The Rainbow Theatre With Ray Cooper,Elton John,2025,2020s,Pop,https://cdn-images.dzcdn.net/images/cover/f52679b402d3cd17e2e1a8aa531b01f3/500x500-000000-80-0-0.jpg
deezer_736013731,Who Believes In Angels?,Elton John,2025,2020s,Pop,https://cdn-images.dzcdn.net/images/cover/62c1e31336517bad965d8bf034c82790/500x500-000000-80-0-0.jpg
deezer_683178571,Never Too Late: The Deeper Cuts,Elton John,2024,2020s,Pop,https://cdn-images.dzcdn.net/images/cover/dcb4fdb69b201131cadf2a9ea8e33abc/500x500-000000-80-0-0.jpg
deezer_507624801,Step Into Christmas,Elton John,2023,2020s,Pop,https://cdn-images.dzcdn.net/images/cover/52d731186c91480bbfca3414ba836e2c/500x500-000000-80-0-0.jpg
deezer_360418607,The Lockdown Sessions,Elton John,2022,2020s,Pop,https://cdn-images.dzcdn.net/images/cover/9f8cb9a379688dad509143cb916cb550/500x500-000000-80-0-0.jpg
deezer_275691022,The Lockdown Sessions (Christmas Edition),Elton John,2021,2020s,Pop,https://cdn-images.dzcdn.net/images/cover/9f8cb9a379688dad509143cb916cb550/500x500-000000-80-0-0.jpg
deezer_332027167,Regimental Sgt. Zippo,Elton John,2022,2020s,Pop,https://cdn-images.dzcdn.net/images/cover/706e764e8947042794d75724d7063834/500x500-000000-80-0-0.jpg
deezer_215645102,Jewel Box,Elton John,2021,2020s,Pop,https://cdn-images.dzcdn.net/images/cover/39bcbc0d18ce5e8a4758de7f951e93ff/500x500-000000-80-0-0.jpg
deezer_97394832,Rocketman (Music From The Motion Picture),Elton John,2019,2010s,Pop,https://cdn-images.dzcdn.net/images/cover/5a8d1e5691a9beecc8b67bf9f937f83d/500x500-000000-80-0-0.jpg
deezer_127507082,Live From Moscow (Live From Moscow / 1979),Elton John,2020,2020s,Pop,https://cdn-images.dzcdn.net/images/cover/7838a5a03036cd22b91d0f8c57c91ede/500x500-000000-80-0-0.jpg
deezer_372565547,Diamonds (Deluxe),Elton John,2022,2020s,Pop,https://cdn-images.dzcdn.net/images/cover/4b153a543cd5f14e3264af3fe1c4404c/500x500-000000-80-0-0.jpg
deezer_12330420,Wonderful Crazy Night (Deluxe),Elton John,2016,2010s,Pop,https://cdn-images.dzcdn.net/images/cover/876611b69e4522756ed2d2d42a43bd97/500x500-000000-80-0-0.jpg
deezer_6892394,The Diving Board (Deluxe Version),Elton John,2013,2010s,Pop,https://cdn-images.dzcdn.net/images/cover/d62518f944506c9e16c9edd4c7243612/500x500-000000-80-0-0.jpg
deezer_666645,The Union,Elton John,2010,2010s,Pop,https://cdn-images.dzcdn.net/images/cover/1f6e86b0d0ed6757cee55594c474cabf/500x500-000000-80-0-0.jpg
deezer_671153,Elton 60 - Live At Madison Square Garden,Elton John,2007,2000s,Pop,https://cdn-images.dzcdn.net/images/cover/af5f83bd512df5d024c0a3d1d9e74c6b/500x500-000000-80-0-0.jpg
deezer_246855,The Captain and The Kid,Elton John,2006,2000s,Pop,https://cdn-images.dzcdn.net/images/cover/95526f54ef5d157738cf251a1a2cb4e8/500x500-000000-80-0-0.jpg
deezer_124426,Peachtree Road (Expanded Edition),Elton John,2007,2000s,Pop,https://cdn-images.dzcdn.net/images/cover/90fd58035209bb8f55e982b01e26e75e/500x500-000000-80-0-0.jpg
deezer_245338,Songs From The West Coast,Elton John,2015,2010s,Pop,https://cdn-images.dzcdn.net/images/cover/45f8525700eda0649987162086ec25d1/500x500-000000-80-0-0.jpg
deezer_700771,One Night Only,Elton John,2000,2000s,Pop,https://cdn-images.dzcdn.net/images/cover/a450186c8f725cc5275636b30e0243b2/500x500-000000-80-0-0.jpg
deezer_22231771,The Road To El Dorado (Original Motion Picture Soundtrack),Elton John,2016,2010s,Pop,https://cdn-images.dzcdn.net/images/cover/e64aa21315d2209b9ed7d88dc584089e/500x500-000000-80-0-0.jpg
deezer_693755,Aida,Elton John,1999,1990s,Pop,https://cdn-images.dzcdn.net/images/cover/e1068a57f9bb8c5857ec7f7898628efc/500x500-000000-80-0-0.jpg
deezer_125501,The Big Picture,Elton John,1997,1990s,Pop,https://cdn-images.dzcdn.net/images/cover/5fcf397bfb2ce0381c3e14526d560b97/500x500-000000-80-0-0.jpg
deezer_229742,Pavarotti & Friends for War Child,Elton John,1996,1990s,Pop,https://cdn-images.dzcdn.net/images/cover/6f83f60e0b9e39e8a7bc64e33a232a37/500x500-000000-80-0-0.jpg
deezer_114447442,Love Songs,Elton John,2001,2000s,Pop,https://cdn-images.dzcdn.net/images/cover/9eec4ff41f53bd903edb24fcb51c9243/500x500-000000-80-0-0.jpg
deezer_123491,Made In England,Elton John,2007,2000s,Pop,https://cdn-images.dzcdn.net/images/cover/ff107a10e45bf4d110c79e4ab7f12fb7/500x500-000000-80-0-0.jpg
deezer_4009551,Duets,Elton John,1993,1990s,Pop,https://cdn-images.dzcdn.net/images/cover/bd76e50c54c1298735a0ebe320aafd94/500x500-000000-80-0-0.jpg
deezer_103027662,Rare Masters,Elton John,2019,2010s,Pop,https://cdn-images.dzcdn.net/images/cover/269acb0d9952c7b0c760bc195a47177d/500x500-000000-80-0-0.jpg
deezer_125597,The One,Elton John,2007,2000s,Pop,https://cdn-images.dzcdn.net/images/cover/789512558e01af0f3cd7f1c5384df14a/500x500-000000-80-0-0.jpg
deezer_13816464,To Be Continued...,Elton John,2000,2000s,Pop,https://cdn-images.dzcdn.net/images/cover/e96b5274f7836c58a2bb4f2ace678ee5/500x500-000000-80-0-0.jpg
deezer_124865,Sleeping With The Past,Elton John,2007,2000s,Pop,https://cdn-images.dzcdn.net/images/cover/1cb1ba8c9d2357c6cda590b48ac2d642/500x500-000000-80-0-0.jpg
deezer_124459,Reg Strikes Back,Elton John,1998,1990s,Pop,https://cdn-images.dzcdn.net/images/cover/f2d5bf04f11535db1b5d1f9ffc2b2f43/500x500-000000-80-0-0.jpg
deezer_72228202,Live In Australia (Remastered 1998),Elton John,1998,1990s,Pop,https://cdn-images.dzcdn.net/images/cover/6323397ba54305ba8af9b8a7054c5f05/500x500-000000-80-0-0.jpg
deezer_123150,Leather Jackets,Elton John,2007,2000s,Pop,https://cdn-images.dzcdn.net/images/cover/88f8ba210933beba5b21d3a310e0b608/500x500-000000-80-0-0.jpg
deezer_122881,Ice On Fire,Elton John,2001,2000s,Pop,https://cdn-images.dzcdn.net/images/cover/255444f7eb6ad95d948fc099ed1d66dd/500x500-000000-80-0-0.jpg
deezer_219169,Breaking Hearts,Elton John,1986,1980s,Pop,https://cdn-images.dzcdn.net/images/cover/b07203f92cf706261c63c787bafc6875/500x500-000000-80-0-0.jpg
deezer_125333,Too Low For Zero,Elton John,1998,1990s,Pop,https://cdn-images.dzcdn.net/images/cover/3f099560bed3f4813a8bf71e203cd3f0/500x500-000000-80-0-0.jpg
deezer_119503,Jump Up!,Elton John,1982,1980s,Pop,https://cdn-images.dzcdn.net/images/cover/3a75c21dc21ca6212a5ed3a7af6dab62/500x500-000000-80-0-0.jpg
deezer_125524,The Fox,Elton John,2007,2000s,Pop,https://cdn-images.dzcdn.net/images/cover/91eac5dd126b4303c84560a37a2d6ef5/500x500-000000-80-0-0.jpg
deezer_119504,21 At 33,Elton John,1980,1980s,Pop,https://cdn-images.dzcdn.net/images/cover/f6b4f759d447f6dbd344437176b1b39b/500x500-000000-80-0-0.jpg
deezer_119505,Victim Of Love,Elton John,2013,2010s,Pop,https://cdn-images.dzcdn.net/images/cover/3f77a0b4f3c9aae3a2b056dec928a48d/500x500-000000-80-0-0.jpg
deezer_119312,A Single Man,Elton John,2007,2000s,Pop,https://cdn-images.dzcdn.net/images/cover/8d713e66ba2d46cac7bc345b17f42dbe/500x500-000000-80-0-0.jpg
deezer_119941,Blue Moves,Elton John,2007,2000s,Pop,https://cdn-images.dzcdn.net/images/cover/67b277679884b87ef6c39eb6cf222ee1/500x500-000000-80-0-0.jpg
deezer_122625,Here And There,Elton John,2007,2000s,Pop,https://cdn-images.dzcdn.net/images/cover/ed23330a026a70bf3bbb2a1c83266d39/500x500-000000-80-0-0.jpg
deezer_116069292,Captain Fantastic And The Brown Dirt Cowboy (Deluxe Edition),Elton John,2007,2000s,Pop,https://cdn-images.dzcdn.net/images/cover/29df3987572da649db0a386361c16b8c/500x500-000000-80-0-0.jpg
deezer_839436942,Captain Fantastic And The Brown Dirt Cowboy (50th Anniversary Edition),Elton John,2025,2020s,Pop,https://cdn-images.dzcdn.net/images/cover/a3c14b64605835adf75ca3d51c5421c9/500x500-000000-80-0-0.jpg
deezer_338929437,Older (Expanded Edition),George Michael,2022,2020s,Pop,https://cdn-images.dzcdn.net/images/cover/6889a6d964472ca7bd79631d205d1036/500x500-000000-80-0-0.jpg
deezer_117359372,George Michael & Wham! Last Christmas: The Original Motion Picture Soundtrack,George Michael,2019,2010s,Pop,https://cdn-images.dzcdn.net/images/cover/aa16ae1f255fe9eeafc82f917d3a304f/500x500-000000-80-0-0.jpg
deezer_49444122,Listen Without Prejudice / MTV Unplugged (Deluxe),George Michael,2017,2010s,Pop,https://cdn-images.dzcdn.net/images/cover/82ebe4b22d1f14bd0b8a849c952f3689/500x500-000000-80-0-0.jpg
deezer_7524043,Symphonica (Live),George Michael,2014,2010s,Pop,https://cdn-images.dzcdn.net/images/cover/f0629b62d9da550a927b5fe6d071b52c/500x500-000000-80-0-0.jpg
deezer_1443383,Twenty Five,George Michael,2008,2000s,Pop,https://cdn-images.dzcdn.net/images/cover/f22e9e677a2666ba890f0b3bab808e71/500x500-000000-80-0-0.jpg
deezer_1455326,Flawless (Go to the City),George Michael,2004,2000s,Pop,https://cdn-images.dzcdn.net/images/cover/f94bafb51f125c623ea548b3682e9a2f/500x500-000000-80-0-0.jpg
deezer_77647,Patience,George Michael,2001,2000s,Pop,https://cdn-images.dzcdn.net/images/cover/29a3a921a0ae284b7530cdb563e182ae/500x500-000000-80-0-0.jpg
deezer_748376,Songs From The Last Century,George Michael,2011,2010s,Pop,https://cdn-images.dzcdn.net/images/cover/300f4083bd0d29b740800c185fffc148/500x500-000000-80-0-0.jpg
deezer_950341,Ladies & Gentlemen,George Michael,2001,2000s,Pop,https://cdn-images.dzcdn.net/images/cover/4c9fd7e1257024bff5be2a795fc7e5ca/500x500-000000-80-0-0.jpg
deezer_361539017,Older + Upper,George Michael,2022,2020s,Pop,https://cdn-images.dzcdn.net/images/cover/f96d146a71cc3d9cedb52c614d5008c7/500x500-000000-80-0-0.jpg
deezer_321583617,Listen Without Prejudice Vol. 1 (Remastered),George Michael,1990,1990s,Pop,https://cdn-images.dzcdn.net/images/cover/5a0f67d071464ca81ba6b68bdf456d8d/500x500-000000-80-0-0.jpg
deezer_934241811,Monkey,George Michael,2026,2020s,Pop,https://cdn-images.dzcdn.net/images/cover/fb0b0a4ad28854cf7b8be5a1123b40be/500x500-000000-80-0-0.jpg
deezer_751664,Faith,George Michael,2010,2010s,Pop,https://cdn-images.dzcdn.net/images/cover/f24a4351040ae09175cbd775607aafe6/500x500-000000-80-0-0.jpg
deezer_1002561451,you seem pretty sad for a girl so in love,Olivia Rodrigo,2026,2020s,Pop,https://cdn-images.dzcdn.net/images/cover/07d6896c8afea3a87dcf9381c3d0e6c7/500x500-000000-80-0-0.jpg
deezer_562487131,GUTS (spilled),Olivia Rodrigo,2024,2020s,Pop,https://cdn-images.dzcdn.net/images/cover/a556f7f5fb3efeedb984ad5951f38f21/500x500-000000-80-0-0.jpg
deezer_510964651,The Hunger Games: The Ballad of Songbirds & Snakes (Music From & Inspired By),Olivia Rodrigo,2023,2020s,Pop,https://cdn-images.dzcdn.net/images/cover/fbdedda1eab836d362c2e52c4c8d8ce1/500x500-000000-80-0-0.jpg
deezer_484372295,GUTS,Olivia Rodrigo,2023,2020s,Pop,https://cdn-images.dzcdn.net/images/cover/4bb79214365c0049e031f5e2caae4752/500x500-000000-80-0-0.jpg
deezer_243908462,Best of High School Musical: The Musical: The Series,Olivia Rodrigo,2021,2020s,Pop,https://cdn-images.dzcdn.net/images/cover/8467affb1462e0e280c4acf2eca30d4b/500x500-000000-80-0-0.jpg
deezer_231552772,SOUR,Olivia Rodrigo,2021,2020s,Pop,https://cdn-images.dzcdn.net/images/cover/e68da86fd7976135c2d2d1715afaef7c/500x500-000000-80-0-0.jpg
deezer_488063815,The Rise and Fall of a Midwest Princess,Chappell Roan,2023,2020s,Pop,https://cdn-images.dzcdn.net/images/cover/71486ce8b24f612c4887efa0f79a9f66/500x500-000000-80-0-0.jpg
